{
  "accuracy": 0.6892230576441103,
  "f1_binary": 0.04288164665523156,
  "precision_binary": 0.3333333333333333,
  "recall_binary": 0.022914757103574702,
  "f1_macro": 0.42868816375314767,
  "cohen_kappa": 0.003951826489465904
}