{
  "accuracy": 0.5901360544217688,
  "f1_binary": 0.33791208791208793,
  "precision_binary": 0.3124470787468247,
  "recall_binary": 0.3678963110667996,
  "f1_macro": 0.5205570291777188,
  "cohen_kappa": 0.04396085055919474
}