{
  "accuracy": 0.5692007797270955,
  "f1_binary": 0.3964104564962934,
  "precision_binary": 0.3451086956521739,
  "recall_binary": 0.46562786434463793,
  "f1_macro": 0.530744738964752,
  "cohen_kappa": 0.07285788696573281
}