{
  "accuracy": 0.5291005291005291,
  "f1_binary": 0.4432005268356931,
  "precision_binary": 0.5011169024571854,
  "recall_binary": 0.39728453364817,
  "f1_macro": 0.5176195637797283,
  "cohen_kappa": 0.04458962805998867
}