{
  "accuracy": 0.5824915824915825,
  "f1_binary": 0.05652173913043478,
  "precision_binary": 0.15384615384615385,
  "recall_binary": 0.03462050599201065,
  "f1_macro": 0.3942275156430432,
  "cohen_kappa": -0.08785044024687116
}