{
  "accuracy": 0.4527986633249791,
  "f1_binary": 0.5630420280186791,
  "precision_binary": 0.4516589368533714,
  "recall_binary": 0.7473435655253837,
  "f1_macro": 0.41559922629984236,
  "cohen_kappa": -0.06075497548692055
}