{
  "accuracy": 0.5608465608465608,
  "f1_binary": 0.6463332585781565,
  "precision_binary": 0.6085304054054054,
  "recall_binary": 0.689143950263032,
  "f1_macro": 0.5335963024436872,
  "cohen_kappa": 0.07305035132543158
}