{
  "accuracy": 0.7883597883597884,
  "f1_binary": 0.14221218961625282,
  "precision_binary": 0.16710875331564987,
  "recall_binary": 0.1237721021611002,
  "f1_macro": 0.5107503133595876,
  "cohen_kappa": 0.02454750807765993
}