{
  "accuracy": 0.5304928989139516,
  "f1_binary": 0.4522417153996101,
  "precision_binary": 0.5028901734104047,
  "recall_binary": 0.41086186540731995,
  "f1_macro": 0.5207115009746588,
  "cohen_kappa": 0.0486604088618261
}