{
  "accuracy": 0.6466165413533834,
  "f1_binary": 0.23783783783783785,
  "precision_binary": 0.35294117647058826,
  "recall_binary": 0.1793478260869565,
  "f1_macro": 0.5039107623120673,
  "cohen_kappa": 0.03867834434206763
}