{
  "accuracy": 0.4757094757094757,
  "f1_binary": 0.5681458003169572,
  "precision_binary": 0.46771037181996084,
  "recall_binary": 0.7235116044399597,
  "f1_macro": 0.45053556845713216,
  "cohen_kappa": -0.025857971290046633
}