{
  "accuracy": 0.6329365079365079,
  "f1_binary": 0.01856763925729443,
  "precision_binary": 0.7777777777777778,
  "recall_binary": 0.009395973154362415,
  "f1_macro": 0.39641011615091687,
  "cohen_kappa": 0.00983238354658722
}