{
  "accuracy": 0.3508771929824561,
  "f1_macro": 0.3193256455478678,
  "precision_macro": 0.323776762558647,
  "recall_macro": 0.3230738450715768,
  "cohen_kappa": -0.012985952125261102
}