{
  "accuracy": 0.5497076023391813,
  "f1_binary": 0.5863392171910975,
  "precision_binary": 0.6303630363036303,
  "recall_binary": 0.5480631276901005,
  "f1_macro": 0.5461485270190134,
  "cohen_kappa": 0.09755401600443137
}