{
  "accuracy": 0.48484848484848486,
  "f1_binary": 0.37478108581436076,
  "precision_binary": 0.33367983367983367,
  "recall_binary": 0.4274300932090546,
  "f1_macro": 0.4683721379992049,
  "cohen_kappa": -0.05207231325980932
}