{
  "accuracy": 0.5811751601225286,
  "f1_binary": 0.43670411985018726,
  "precision_binary": 0.48102310231023104,
  "recall_binary": 0.3998628257887517,
  "f1_macro": 0.5516853932584269,
  "cohen_kappa": 0.1078523196588973
}