{
  "accuracy": 0.48148148148148145,
  "f1_binary": 0.36662749706227965,
  "precision_binary": 0.3280757097791798,
  "recall_binary": 0.41544607190412786,
  "f1_macro": 0.4638512078145275,
  "cohen_kappa": -0.06213389597242913
}