{
  "accuracy": 0.5304928989139516,
  "f1_binary": 0.45472186287192756,
  "precision_binary": 0.5028612303290415,
  "recall_binary": 0.4149940968122786,
  "f1_macro": 0.521248461998311,
  "cohen_kappa": 0.04908505613678649
}