{
  "accuracy": 0.597718253968254,
  "f1_binary": 0.1307609860664523,
  "precision_binary": 0.3388888888888889,
  "recall_binary": 0.08100929614873838,
  "f1_macro": 0.4345318321748848,
  "cohen_kappa": -0.015608927053982757
}