{
  "accuracy": 0.5555555555555556,
  "f1_binary": 0.5895061728395061,
  "precision_binary": 0.6377295492487479,
  "recall_binary": 0.5480631276901005,
  "f1_macro": 0.5524944343250354,
  "cohen_kappa": 0.11098887905448229
}