{
  "accuracy": 0.5948203842940685,
  "f1_binary": 0.7337602927721867,
  "precision_binary": 0.5942501481920569,
  "recall_binary": 0.9588713534194165,
  "f1_macro": 0.44317601126669903,
  "cohen_kappa": 0.052557624130354585
}