{
  "accuracy": 0.6594263436368699,
  "f1_binary": 0.30154197601370647,
  "precision_binary": 0.26693629929221435,
  "recall_binary": 0.3464566929133858,
  "f1_macro": 0.5381766223283411,
  "cohen_kappa": 0.08133112859146496
}