{
  "accuracy": 0.564625850340136,
  "f1_binary": 0.3518987341772152,
  "precision_binary": 0.30504754937820044,
  "recall_binary": 0.41575274177467597,
  "f1_macro": 0.5120569215060211,
  "cohen_kappa": 0.03561921554795222
}