{
  "accuracy": 0.5380116959064327,
  "f1_binary": 0.4522944866292506,
  "precision_binary": 0.5131086142322098,
  "recall_binary": 0.40436835891381345,
  "f1_macro": 0.5264121120841895,
  "cohen_kappa": 0.062429976964693545
}