{
  "version": "weekly_bull_v8c_20260214_001107_900cef",
  "accuracy": 0.49975949975949974,
  "f1_binary": 0.42731277533039647,
  "precision_binary": 0.4703030303030303,
  "recall_binary": 0.39152371342078707,
  "f1_macro": 0.4916239367685287,
  "cohen_kappa": -0.010206913565019127
}