{
  "accuracy": 0.5242905242905243,
  "f1_binary": 0.4192601291837933,
  "precision_binary": 0.5014044943820225,
  "recall_binary": 0.3602421796165489,
  "f1_macro": 0.5082044026774364,
  "cohen_kappa": 0.034386971065859084
}