{
  "accuracy": 0.7137287663603453,
  "f1_binary": 0.20923076923076922,
  "precision_binary": 0.25092250922509224,
  "recall_binary": 0.17941952506596306,
  "f1_macro": 0.5172301415007977,
  "cohen_kappa": 0.040315829864494335
}