{
  "accuracy": 0.4247234247234247,
  "f1_binary": 0.46938775510204084,
  "precision_binary": 0.35196274118429804,
  "recall_binary": 0.7043941411451398,
  "f1_macro": 0.4206182472989196,
  "cohen_kappa": -0.023851171064334542
}