{
  "accuracy": 0.56947925368978,
  "f1_binary": 0.3811048839071257,
  "precision_binary": 0.3383084577114428,
  "recall_binary": 0.43629697525206235,
  "f1_macro": 0.5255225529697882,
  "cohen_kappa": 0.05907518400933931
}