{
  "accuracy": 0.53006253006253,
  "f1_binary": 0.4778193479422769,
  "precision_binary": 0.5079545454545454,
  "recall_binary": 0.4510595358224016,
  "f1_macro": 0.5253110731840811,
  "cohen_kappa": 0.05334796138604225
}