{
  "accuracy": 0.5140629351155667,
  "f1_binary": 0.3647615580633418,
  "precision_binary": 0.4757834757834758,
  "recall_binary": 0.2957497048406139,
  "f1_macro": 0.48565022660777013,
  "cohen_kappa": 0.004862382567458079
}