date,close,legacy_bear,trend,drawdown,vol_pctile,multidim_regime
2018-01-01,13380.0,0,,,,1
2018-01-02,14675.11,0,,,,1
2018-01-03,14919.51,0,,,,1
2018-01-04,15059.54,0,,,,1
2018-01-05,16960.39,0,,,,1
2018-01-06,17069.79,0,,,,1
2018-01-07,16150.03,0,,,,1
2018-01-08,14902.54,0,,,,1
2018-01-09,14400.0,0,,,,1
2018-01-10,14907.09,0,,,,1
2018-01-11,13238.78,0,,,,1
2018-01-12,13740.01,0,,,,1
2018-01-13,14210.0,0,,,,1
2018-01-14,13474.99,0,,,,1
2018-01-15,13539.93,0,,,,1
2018-01-16,10900.0,0,,,,1
2018-01-17,10988.79,0,,,,1
2018-01-18,10961.97,0,,,,1
2018-01-19,11474.98,0,,,,1
2018-01-20,12799.94,0,,,,1
2018-01-21,11530.0,0,,,,1
2018-01-22,10760.05,0,,,,1
2018-01-23,10799.18,0,,,,1
2018-01-24,11349.99,0,,,,1
2018-01-25,11175.27,0,,,,1
2018-01-26,11089.0,0,,,,1
2018-01-27,11491.0,0,,,,1
2018-01-28,11879.95,0,,,,1
2018-01-29,11251.0,0,,,,1
2018-01-30,10237.51,0,,,,1
2018-01-31,10285.1,0,,,,1
2018-02-01,9224.52,0,,,,1
2018-02-02,8873.03,0,,,,1
2018-02-03,9199.96,0,,,,1
2018-02-04,8184.81,0,,,,1
2018-02-05,6939.99,0,,,,1
2018-02-06,7652.14,0,,,,1
2018-02-07,7599.0,0,,,,1
2018-02-08,7784.02,0,,,,1
2018-02-09,8683.92,0,,,,1
2018-02-10,8533.98,0,,,,1
2018-02-11,8063.88,0,,,,1
2018-02-12,8903.0,0,,,,1
2018-02-13,8539.9,0,,,,1
2018-02-14,9449.99,0,,,,1
2018-02-15,10000.09,0,,,,1
2018-02-16,10159.98,0,,,,1
2018-02-17,11039.55,0,,,,1
2018-02-18,10383.43,0,,,,1
2018-02-19,11153.0,0,,,,1
2018-02-20,11200.99,0,,,,1
2018-02-21,10437.6,0,,,,1
2018-02-22,9811.04,0,,,,1
2018-02-23,10131.04,0,,,,1
2018-02-24,9694.51,0,,,,1
2018-02-25,9590.0,0,,,,1
2018-02-26,10324.0,0,,,,1
2018-02-27,10569.04,0,,,,1
2018-02-28,10326.76,0,,,,1
2018-03-01,10920.0,0,,,,1
2018-03-02,11039.0,0,,,,1
2018-03-03,11464.48,0,,,,1
2018-03-04,11515.0,0,,,,1
2018-03-05,11454.0,1,,,,1
2018-03-06,10716.48,1,,,,1
2018-03-07,9910.0,1,,,,1
2018-03-08,9271.64,1,,,,1
2018-03-09,9227.0,1,,,,1
2018-03-10,8770.22,1,,,,1
2018-03-11,9533.57,1,,,,1
2018-03-12,9131.34,1,,,,1
2018-03-13,9150.0,1,,,,1
2018-03-14,8170.0,1,,,,1
2018-03-15,8240.98,1,,,,1
2018-03-16,8260.0,1,,,,1
2018-03-17,7824.8,1,,,,1
2018-03-18,8189.99,1,,,,1
2018-03-19,8600.0,1,,,,1
2018-03-20,8909.98,1,,,,1
2018-03-21,8885.0,1,,,0.0379746835443038,1
2018-03-22,8722.9,1,,,0.0375,1
2018-03-23,8898.03,1,,,0.024691358024691357,1
2018-03-24,8546.86,1,,,0.036585365853658534,1
2018-03-25,8470.15,1,,,0.03614457831325301,1
2018-03-26,8134.23,1,,,0.0,1
2018-03-27,7795.51,1,,,0.0,1
2018-03-28,7949.3,1,,,0.0,1
2018-03-29,7090.14,1,,,0.16091954022988506,1
2018-03-30,6840.23,1,,,0.125,1
2018-03-31,6923.91,1,,-0.5943763807287612,0.0,1
2018-04-01,6813.01,1,,-0.6008732386280089,0.0,1
2018-04-02,7056.0,1,,-0.5866381484482235,0.03296703296703297,1
2018-04-03,7405.21,1,,-0.5661803689441991,0.0,1
2018-04-04,6796.1,1,,-0.6018638776458293,0.03225806451612903,1
2018-04-05,6770.76,1,,-0.6033483715968386,0.031914893617021274,1
2018-04-06,6601.39,1,,-0.5912459605338194,0.010526315789473684,1
2018-04-07,6895.8,1,,-0.5374147469425623,0.010416666666666666,1
2018-04-08,7018.0,1,,-0.5292173053225009,0.010309278350515464,1
2018-04-09,6782.72,0,,-0.5450003991389332,0.0,1
2018-04-10,6843.9,1,,-0.5183743842364532,0.010101010101010102,1
2018-04-11,6953.79,0,,-0.5106410978184377,0.03,1
2018-04-12,7923.0,0,,-0.4424349049964813,0.37623762376237624,1
2018-04-13,7877.41,0,,-0.41820895676713254,0.3627450980392157,1
2018-04-14,7999.01,0,,-0.40922811270073034,0.36893203883495146,1
2018-04-15,8355.0,0,,-0.3472625652932748,0.375,1
2018-04-16,8064.92,0,,-0.36992517152424154,0.3619047619047619,1
2018-04-17,7885.02,0,,-0.38397992490589794,0.37735849056603776,1
2018-04-18,8173.0,1,,-0.36148138194397794,0.1308411214953271,1
2018-04-19,8278.0,1,,-0.3532782184916492,0.1111111111111111,1
2018-04-20,8856.98,1,,-0.25445982516761445,0.14678899082568808,1
2018-04-21,8915.31,1,,-0.249549871842895,0.14545454545454545,1
2018-04-22,8787.02,1,,-0.26034873884149345,0.15315315315315314,1
2018-04-23,8934.01,1,,-0.2479757911439021,0.125,1
2018-04-24,9619.99,1,,-0.19023312387678404,0.04424778761061947,1
2018-04-25,8869.99,1,,-0.2533647027133953,0.18421052631578946,1
2018-04-26,9266.0,0,,-0.22003038733328006,0.1826086956521739,1
2018-04-27,8915.35,1,,-0.249546504825357,0.20689655172413793,1
2018-04-28,9348.0,0,,-0.18818931828050367,0.24786324786324787,1
2018-04-29,9419.0,0,,-0.18202344767694312,0.1864406779661017,1
2018-04-30,9246.01,1,,-0.19704646113764657,0.21008403361344538,1
2018-05-01,9071.48,1,,-0.21220321320017377,0.25,1
2018-05-02,9247.84,1,,-0.196887537993921,0.0,1
2018-05-03,9750.0,1,,-0.15327833260963963,0.00819672131147541,1
2018-05-04,9713.99,1,,-0.15640555796786804,0.016260162601626018,1
2018-05-05,9864.0,1,,-0.14337820234476772,0.008064516129032258,1
2018-05-06,9659.01,1,,-0.1611801997394703,0.0,1
2018-05-07,9365.0,1,,-0.1867129830655666,0.015873015873015872,1
2018-05-08,9187.56,1,,-0.20212244897959186,0.015748031496062992,1
2018-05-09,9310.0,0,,-0.19148936170212771,0.0234375,1
2018-05-10,9002.2,0,,-0.21821971341728175,0.0,1
2018-05-11,8400.0,0,,-0.270516717325228,0.05384615384615385,1
2018-05-12,8465.94,0,,-0.26479027355623097,0.05343511450381679,1
2018-05-13,8679.71,0,,-0.2462257924446375,0.07575757575757576,1
2018-05-14,8663.34,0,,-0.24764741641337384,0.0,1
2018-05-15,8462.0,0,,-0.26513243595310465,0.0,1
2018-05-16,8330.0,0,,-0.276595744680851,0.0,1
2018-05-17,8041.46,0,,-0.3016534954407295,0.0,1
2018-05-18,8239.81,0,,-0.28442813721233173,0.0,1
2018-05-19,8233.49,0,,-0.2849769865392966,0.0,1
2018-05-20,8526.98,0,,-0.25948936170212766,0.014388489208633094,1
2018-05-21,8381.24,0,,-0.272145896656535,0.014285714285714285,1
2018-05-22,7977.11,1,,-0.3072418584455059,0.0425531914893617,1
2018-05-23,7501.95,1,,-0.34850629613547546,0.014084507042253521,1
2018-05-24,7575.01,1,,-0.34216152844116365,0.027972027972027972,1
2018-05-25,7457.0,1,,-0.35240990013026485,0.013888888888888888,1
2018-05-26,7333.96,1,,-0.3630950933564915,0.013793103448275862,1
2018-05-27,7338.99,1,,-0.36265827181936605,0.0136986301369863,1
2018-05-28,7099.0,1,,-0.38349978289188014,0.034013605442176874,1
2018-05-29,7461.29,0,,-0.3520373425966131,0.08783783783783784,1
2018-05-30,7375.96,0,,-0.35944767694311763,0.087248322147651,1
2018-05-31,7485.01,0,,-0.3499774207555363,0.02,1
2018-06-01,7521.01,0,,-0.34685106382978725,0.019867549668874173,1
2018-06-02,7640.03,0,,-0.33298149118211984,0.0,1
2018-06-03,7714.26,0,,-0.28014982531577526,0.0196078431372549,1
2018-06-04,7487.0,0,,-0.2445005045408678,0.032467532467532464,1
2018-06-05,7625.0,0,,-0.2269870235198702,0.07096774193548387,1
2018-06-06,7658.84,0,,-0.22355636658556366,0.0,1
2018-06-07,7691.08,0,,-0.2202879156528792,0.0,1
2018-06-08,7603.44,0,,-0.2291727493917275,0.006329113924050633,1
2018-06-09,7491.73,0,,-0.2404977696674777,0.0,1
2018-06-10,6764.99,0,,-0.3141737631792376,0.1625,1
2018-06-11,6872.0,0,,-0.30332522303325227,0.16149068322981366,1
2018-06-12,6530.0,0,,-0.3379967558799676,0.14814814814814814,1
2018-06-13,6292.78,0,,-0.3620458231954583,0.15950920245398773,1
2018-06-14,6635.98,1,,-0.3272526358475264,0.18292682926829268,1
2018-06-15,6388.9,1,,-0.352301297648013,0.18787878787878787,1
2018-06-16,6483.98,1,,-0.3426622060016221,0.1927710843373494,1
2018-06-17,6449.61,1,,-0.34614659367396594,0.18562874251497005,1
2018-06-18,6712.46,1,,-0.31949918896999185,0.17857142857142858,1
2018-06-19,6741.21,1,,-0.3165845498783455,0.1834319526627219,1
2018-06-20,6761.51,1,,-0.31452656123276557,0.17647058823529413,1
2018-06-21,6718.84,1,,-0.31885239253852393,0.17543859649122806,1
2018-06-22,6045.0,1,,-0.3871654501216545,0.26744186046511625,1
2018-06-23,6149.98,1,,-0.3765227088402271,0.27167630057803466,1
2018-06-24,6136.97,1,,-0.37784164639091644,0.27011494252873564,1
2018-06-25,6252.0,1,,-0.36618004866180054,0.2742857142857143,1
2018-06-26,6070.78,1,,-0.38455190592051913,0.2784090909090909,1
2018-06-27,6133.73,1,,-0.37817011354420116,0.288135593220339,1
2018-06-28,5853.98,1,,-0.4065308191403082,0.3258426966292135,1
2018-06-29,6197.92,1,,-0.37166261151662616,0.3687150837988827,1
2018-06-30,6390.07,1,,-0.3521826845093269,0.23333333333333334,1
2018-07-01,6356.81,1,,-0.35555454176804535,0.2265193370165746,1
2018-07-02,6615.29,1,,-0.32935016220600166,0.21978021978021978,1
2018-07-03,6513.86,1,,-0.3396330089213301,0.2185792349726776,1
2018-07-04,6586.98,1,,-0.332220194647202,0.20652173913043478,1
2018-07-05,6529.2,1,,-0.33807785888077857,0.1891891891891892,1
2018-07-06,6609.78,1,,-0.32990875912408757,0.1881720430107527,1
2018-07-07,6756.98,1,,-0.3149858069748581,0.19786096256684493,1
2018-07-08,6712.1,1,,-0.3195356853203568,0.1595744680851064,1
2018-07-09,6662.12,1,,-0.324602595296026,0.164021164021164,1
2018-07-10,6296.91,1,,-0.36162712895377136,0.23157894736842105,1
2018-07-11,6378.07,1,,-0.3533992295214923,0.24083769633507854,1
2018-07-12,6250.57,1,,-0.3663250202757502,0.041666666666666664,1
2018-07-13,6214.57,1,,-0.3699746553122466,0.031088082901554404,1
2018-07-14,6251.99,1,,-0.3661810624493107,0.03608247422680412,1
2018-07-15,6353.01,1,,-0.3559397810218978,0.015384615384615385,1
2018-07-16,6723.35,1,,-0.3183951743714517,0.12244897959183673,1
2018-07-17,7317.44,1,,-0.2581670721816708,0.233502538071066,1
2018-07-18,7381.9,1,,-0.25163219789132196,0.1717171717171717,1
2018-07-19,7466.21,0,-0.157061281704996,-0.2430849553933495,0.1407035175879397,1
2018-07-20,7337.53,1,-0.16875394482700068,-0.2561303730738037,0.145,1
2018-07-21,7398.78,1,-0.15834619152556018,-0.24992092457420922,0.13930348258706468,1
2018-07-22,7394.79,1,-0.15518434960782745,-0.25032542579075423,0.1188118811881188,1
2018-07-23,7721.01,0,-0.11420222762191157,-0.21725364963503646,0.14285714285714285,2
2018-07-24,8397.24,0,-0.031865774337670794,-0.148698296836983,0.25980392156862747,2
2018-07-25,8175.64,0,-0.052556817152999535,-0.1711638280616382,0.28292682926829266,2
2018-07-26,7920.0,0,-0.07778414492268182,-0.1970802919708029,0.30097087378640774,2
2018-07-27,8188.57,0,-0.04276974255916488,-0.16985300081103005,0.30434782608695654,2
2018-07-28,8225.04,0,-0.035023654916188196,-0.16615571776155713,0.30288461538461536,2
2018-07-29,8211.0,0,-0.03287198739800745,-0.16757907542579076,0.2966507177033493,2
2018-07-30,8173.92,0,-0.03435911255481661,-0.17133819951338203,0.21428571428571427,2
2018-07-31,7730.93,0,-0.08343923790299856,-0.21624797242497973,0.3080568720379147,2
2018-08-01,7604.58,0,-0.09487487349567736,-0.22905717761557176,0.2971698113207547,2
2018-08-02,7525.71,0,-0.10107962037198825,-0.23705291970802922,0.30985915492957744,2
2018-08-03,7418.78,0,-0.11060062007684968,-0.231931636886182,0.3317757009345794,2
2018-08-04,7009.84,0,-0.1576621225746746,-0.25148531767218363,0.4186046511627907,2
2018-08-05,7024.19,0,-0.15392236983981056,-0.2455220193340495,0.3333333333333333,2
2018-08-06,6934.82,0,-0.1626562777807461,-0.25512137486573583,0.18433179723502305,2
2018-08-07,6720.06,1,-0.18625144370964608,-0.2535091422096821,0.1926605504587156,2
2018-08-08,6285.0,1,-0.23591997459825986,-0.27589746662042847,0.2694063926940639,2
2018-08-09,6529.79,1,-0.2037401904084276,-0.24769491146593603,0.29545454545454547,2
2018-08-10,6144.01,1,-0.2486686283631081,-0.2921410968799648,0.35294117647058826,2
2018-08-11,6232.35,1,-0.23573173375114898,-0.28060655590107275,0.36936936936936937,2
2018-08-12,6308.33,0,-0.22401558431749635,-0.26019176777710273,0.3273542600896861,2
2018-08-13,6246.35,0,-0.22930333011265325,-0.2674604607962021,0.10714285714285714,2
2018-08-14,6188.08,0,-0.23417745119110778,-0.27429406425252545,0.10666666666666667,2
2018-08-15,6267.16,0,-0.22187544188977704,-0.2650199719009544,0.12389380530973451,2
2018-08-16,6311.75,0,-0.21362090448864457,-0.25979068791060844,0.05286343612334802,2
2018-08-17,6584.49,0,-0.1772485724766233,-0.2278051549317578,0.15789473684210525,2
2018-08-18,6387.96,0,-0.19988123898639898,-0.2392786201180388,0.16593886462882096,2
2018-08-19,6477.53,0,-0.1867229045435136,-0.22861202013995074,0.1782608695652174,2
2018-08-20,6254.84,0,-0.21321565346429094,-0.2551314479519461,0.13852813852813853,2
2018-08-21,6480.0,0,-0.18366456353630656,-0.22831787587350127,0.1939655172413793,2
2018-08-22,6360.89,0,-0.19723418225362022,-0.24250229837422765,0.20600858369098712,2
2018-08-23,6525.01,0,-0.17565829948068257,-0.22295778136625843,0.2222222222222222,2
2018-08-24,6681.64,0,-0.15573255941940678,-0.20430522409744145,0.17872340425531916,2
2018-08-25,6733.64,0,-0.1486680101590805,-0.19811271322482138,0.18220338983050846,2
2018-08-26,6700.0,0,-0.15243943490328804,-0.2021187914124164,0.17721518987341772,2
2018-08-27,6908.64,0,-0.12556198290652298,-0.17727253240350394,0.17647058823529413,2
2018-08-28,7076.11,0,-0.10345277635396244,-0.15732907479124092,0.012552301255230125,2
2018-08-29,7031.22,0,-0.10829145624923775,-0.16267487888877774,0.004166666666666667,2
2018-08-30,6984.84,0,-0.1135669078177366,-0.16819812224016462,0.0,2
2018-08-31,7011.21,0,-0.10915094895453159,-0.16505780470726095,0.0,2
2018-09-01,7200.01,0,-0.08438248701069595,-0.14257422676974807,0.00823045267489712,2
2018-09-02,7302.01,0,-0.07014127306972417,-0.13042737851960873,0.00819672131147541,2
2018-09-03,7263.02,0,-0.0734917155105147,-0.13507057080659823,0.004081632653061225,2
2018-09-04,7359.06,0,-0.05956026321669994,-0.12363347957185922,0.008130081300813009,2
2018-09-05,6700.0,0,-0.1414030769307264,-0.2021187914124164,0.19433198380566802,2
2018-09-06,6516.01,0,-0.16290683495604985,-0.22402956209421188,0.16532258064516128,2
2018-09-07,6395.54,0,-0.1758648077267123,-0.23837594257160688,0.14859437751004015,2
2018-09-08,6185.05,0,-0.20040461655622865,-0.26344251206348746,0.18,2
2018-09-09,6250.81,0,-0.18971034900576988,-0.25561136754457414,0.13545816733067728,2
2018-09-10,6312.0,0,-0.1799184585335747,-0.24832444946196608,0.10317460317460317,2
2018-09-11,6294.91,0,-0.1800956363408145,-0.2503596419776022,0.08300395256916997,2
2018-09-12,6338.62,0,-0.17259416417439055,-0.24515436024217485,0.04330708661417323,2
2018-09-13,6487.38,0,-0.1514576285232916,-0.22743901567657943,0.043137254901960784,2
2018-09-14,6476.63,0,-0.15072681029653534,-0.2287191982127461,0.04296875,2
2018-09-15,6514.96,0,-0.14342383143508275,-0.22415460317913982,0.04669260700389105,2
2018-09-16,6505.0,0,-0.14257917732640335,-0.22534070718474164,0.031007751937984496,2
2018-09-17,6248.69,0,-0.17381978022489453,-0.25586383144938096,0.03474903474903475,2
2018-09-18,6336.45,1,-0.1596038537729405,-0.24541277848435916,0.04230769230769231,2
2018-09-19,6391.89,1,-0.14938957604498215,-0.23881060920016572,0.05363984674329502,2
2018-09-20,6492.0,1,-0.13317015337133442,-0.22688883490289669,0.07251908396946564,2
2018-09-21,6759.02,0,-0.09467923437655235,-0.19509029157199265,0.1482889733840304,2
2018-09-22,6723.05,0,-0.0970823399113746,-0.19937384188138008,0.12878787878787878,2
2018-09-23,6708.0,0,-0.09716232587324225,-0.2011660974320133,0.12830188679245283,2
2018-09-24,6581.39,1,-0.11259634285152753,-0.21624367053936766,0.11654135338345864,2
2018-09-25,6447.54,1,-0.1290119490443743,-0.2321834316989868,0.0,2
2018-09-26,6465.12,1,-0.1252751814259252,-0.230089886677051,0.0,2
2018-09-27,6689.13,1,-0.09322196524275761,-0.2034132643582891,0.007434944237918215,2
2018-09-28,6634.58,1,-0.0990921505794079,-0.2099094464371627,0.0,2
2018-09-29,6596.38,1,-0.1027236413762529,-0.21445856019358733,0.0036900369003690036,2
2018-09-30,6626.57,1,-0.09766982655910306,-0.2108633312850413,0.0,2
2018-10-01,6611.61,1,-0.09870706318497513,-0.21264486902839508,0.0,2
2018-10-02,6525.79,1,-0.10935324715778028,-0.2228648937031691,0.014598540145985401,2
2018-10-03,6510.0,1,-0.11071038892507401,-0.2247452734469897,0.0,2
2018-10-04,6593.79,1,-0.09828128703755101,-0.21476699486974293,0.0036231884057971015,2
2018-10-05,6635.65,1,-0.09133634569305693,-0.20978202361728382,0.007220216606498195,2
2018-10-06,6594.27,0,-0.09556878326154261,-0.21470983323091863,0.01079136690647482,2
2018-10-07,6615.26,0,-0.09127546989325408,-0.21221020239983612,0.0,2
2018-10-08,6673.01,0,-0.08205004865278764,-0.20533294272880132,0.0,2
2018-10-09,6656.61,0,-0.08289218441551993,-0.20728596538862776,0.0,2
2018-10-10,6631.0,0,-0.08521326077947378,-0.210335776993393,0.0,2
2018-10-11,6252.68,0,-0.13608338480702709,-0.2553886753266549,0.014134275618374558,2
2018-10-12,6298.01,0,-0.12871500587704876,-0.24999047306019595,0.017605633802816902,2
2018-10-13,6332.93,0,-0.12299681822138331,-0.24583196383573647,0.021052631578947368,2
2018-10-14,6339.34,0,-0.12112941193824733,-0.2450686177839385,0.013986013986013986,2
2018-10-15,6752.5,0,-0.06363076508688259,-0.1958667371660212,0.09059233449477352,2
2018-10-16,6759.27,0,-0.06263935168076129,-0.1950605198851051,0.09375,2
2018-10-17,6740.89,0,-0.06506960307007803,-0.19724933430508118,0.06920415224913495,2
2018-10-18,6618.96,0,-0.08185717875436016,-0.21176958143389968,0.07241379310344828,2
2018-10-19,6528.88,0,-0.09402132029454924,-0.22249691565323837,0.08934707903780069,2
2018-10-20,6588.4,0,-0.08524362695070486,-0.2154088724390395,0.0958904109589041,2
2018-10-21,6590.11,0,-0.0848753400919322,-0.21520523410072834,0.09556313993174062,2
2018-10-22,6581.2,0,-0.08599231559691511,-0.1998579946115765,0.07482993197278912,2
2018-10-23,6553.51,0,-0.08980768520579818,-0.20322454358884579,0.08135593220338982,2
2018-10-24,6565.5,0,-0.08793323796328179,-0.20176679991829838,0.07094594594594594,2
2018-10-25,6528.09,0,-0.09282146304799588,-0.2063151060663535,0.0707070707070707,2
2018-10-26,6538.63,0,-0.09120263558643793,-0.2036743393009377,0.07046979865771812,2
2018-10-27,6505.6,0,-0.0955808120495949,-0.20410280501888933,0.07357859531772576,2
2018-10-28,6489.93,0,-0.0974682752505025,-0.1605240249232628,0.07,2
2018-10-29,6344.5,0,-0.11672324468809869,-0.16570014386067344,0.11627906976744186,2
2018-10-30,6330.87,1,-0.11767094016677104,-0.158767744172975,0.11589403973509933,2
2018-10-31,6371.93,0,-0.11094039763781016,-0.14110810672374696,0.013201320132013201,2
2018-11-01,6410.0,0,-0.10441335875476743,-0.1289648406182312,0.013157894736842105,2
2018-11-02,6433.98,0,-0.10003756942191755,-0.1257062722684692,0.013114754098360656,2
2018-11-03,6387.09,1,-0.1056594429812685,-0.13207800996322905,0.026143790849673203,2
2018-11-04,6485.85,1,-0.09075675670901684,-0.11865781771041406,0.0,1
2018-11-05,6468.99,1,-0.09196894276323586,-0.12094887118735276,0.0,1
2018-11-06,6519.11,1,-0.08342985698724181,-0.1141382187398935,0.006472491909385114,1
2018-11-07,6578.46,0,-0.07356347193117896,-0.10607333001769248,0.0,1
2018-11-08,6479.84,0,-0.08596708089813532,-0.11947449810165978,0.003215434083601286,1
2018-11-09,6419.99,0,-0.09280083278187101,-0.12760733028403093,0.003205128205128205,1
2018-11-10,6433.05,0,-0.08890382066622426,-0.1258326471043857,0.006389776357827476,1
2018-11-11,6449.81,0,-0.08496193567151078,-0.12355518231948104,0.009554140127388535,1
2018-11-12,6453.07,0,-0.08266903256735536,-0.12311219095917147,0.009523809523809525,1
2018-11-13,6457.66,0,-0.08041015496239368,-0.12248846999480922,0.006329113924050633,1
2018-11-14,5922.41,0,-0.1545692695869969,-0.195221944106992,0.10725552050473186,1
2018-11-15,5753.4,1,-0.1765411878829184,-0.2181881925137179,0.11635220125786164,1
2018-11-16,5655.94,1,-0.18840509585125753,-0.23143173177009024,0.13166144200626959,1
2018-11-17,5628.29,1,-0.19037261669408512,-0.23518900511750152,0.13125,1
2018-11-18,5662.0,1,-0.18341739072031316,-0.2306082570328276,0.11526479750778816,2
2018-11-19,4910.03,1,-0.2893875579222489,-0.3327911445211753,0.4937888198757764,2
2018-11-20,4558.86,1,-0.33774072498393837,-0.3805105543371029,0.544891640866873,2
2018-11-21,4661.07,1,-0.32032424902225165,-0.36662155220911374,0.5524691358024691,2
2018-11-22,4370.0,1,-0.360301171964849,-0.40617415811258506,0.5876923076923077,2
2018-11-23,4420.61,1,-0.35054234535206563,-0.39929692107415904,0.6104294478527608,2
2018-11-24,3932.44,1,-0.42002336858472555,-0.46563283897671714,0.6574923547400612,2
2018-11-25,4085.78,1,-0.3950775419172874,-0.44479593861172484,0.6859756097560976,2
2018-11-26,3862.2,1,-0.4259957022799238,-0.4751775362614248,0.6869300911854104,2
2018-11-27,3875.21,1,-0.42211907784865943,-0.47340964742779645,0.6787878787878788,2
2018-11-28,4264.85,1,-0.3620165855642551,-0.42046266778637487,0.8126888217522659,2
2018-11-29,4295.84,1,-0.3552667178280179,-0.41625153212502686,0.8132530120481928,2
2018-11-30,4041.32,1,-0.39135483865915166,-0.4508374710900577,0.8138138138138138,2
2018-12-01,4190.02,1,-0.3669232388118985,-0.43063108603544475,0.8143712574850299,2
2018-12-02,4161.01,1,-0.36932008146800765,-0.43457316559451886,0.8119402985074626,2
2018-12-03,3884.01,1,-0.40944401501863326,-0.4253802555601418,0.8184523809523809,2
2018-12-04,3951.64,1,-0.39719584343008507,-0.4153747372127464,0.8071216617210683,2
2018-12-05,3769.84,1,-0.42296403658226533,-0.44227113282943276,0.8076923076923077,2
2018-12-06,3508.75,1,-0.4608575141331199,-0.4808980851482483,0.8200589970501475,2
2018-12-07,3403.55,1,-0.4750144968525549,-0.4964618960331515,0.8176470588235294,2
2018-12-08,3410.93,1,-0.47201682027020264,-0.4953700621516821,0.8152492668621701,2
2018-12-09,3545.37,1,-0.449520951545882,-0.4754803403326099,0.7631578947368421,2
2018-12-10,3432.88,1,-0.46526740963760604,-0.49212267005164756,0.7376093294460642,2
2018-12-11,3380.39,1,-0.4717665132325427,-0.49988830154735653,0.7296511627906976,2
2018-12-12,3445.0,1,-0.4600295790937622,-0.49032957701053514,0.7101449275362319,2
2018-12-13,3302.06,1,-0.4807913957030482,-0.5114768310779123,0.7109826589595376,2
2018-12-14,3224.17,1,-0.4914895468365085,-0.5230002648214971,0.6167146974063401,2
2018-12-15,3211.72,1,-0.4917499046888648,-0.5248421797028378,0.603448275862069,2
2018-12-16,3228.67,1,-0.48738543981394744,-0.5223345124547474,0.5988538681948424,2
2018-12-17,3509.08,1,-0.4411008192990097,-0.48084926330802,0.66,2
2018-12-18,3652.98,1,-0.41638379578580464,-0.4595599820690697,0.5897435897435898,2
2018-12-19,3662.22,1,-0.41304247846660846,-0.45819297054267705,0.5880681818181818,2
2018-12-20,4049.62,1,-0.34904076053512234,-0.40087908901405034,0.6515580736543909,2
2018-12-21,3838.66,1,-0.38113700875767087,-0.4320895599672746,0.6694915254237288,2
2018-12-22,3948.91,1,-0.3614705353411396,-0.4157786269819078,0.676056338028169,2
2018-12-23,3929.71,1,-0.36265355759668694,-0.41861917041337304,0.6320224719101124,2
2018-12-24,4008.01,1,-0.3480070212050751,-0.40703507923192894,0.6330532212885154,2
2018-12-25,3745.79,1,-0.3887450875240537,-0.44582920936728376,0.6508379888268156,2
2018-12-26,3777.74,1,-0.38165756182876054,-0.4411023675633612,0.5988857938718662,2
2018-12-27,3567.91,1,-0.4144706080134344,-0.47214566070004604,0.6222222222222222,2
2018-12-28,3839.26,1,-0.3683675578760457,-0.43200079298504124,0.6814404432132964,2
2018-12-29,3695.32,1,-0.39062753513890625,-0.45329599202280724,0.6906077348066298,2
2018-12-30,3801.91,1,-0.37176017442743126,-0.43752653762906357,0.6776859504132231,2
2018-12-31,3702.9,1,-0.3866345009090454,-0.45217456914725995,0.6868131868131868,2
2019-01-01,3797.14,1,-0.36967111499715677,-0.43823223513781817,0.695054945054945,2
2019-01-02,3858.56,1,-0.358076513378049,-0.42914545505653723,0.6593406593406593,2
2019-01-03,3766.78,1,-0.3719437681603178,-0.4427238444388225,0.6620879120879121,2
2019-01-04,3792.01,1,-0.366193892627361,-0.4389911928359127,0.6565934065934066,2
2019-01-05,3770.96,1,-0.36814380160758264,-0.4421054344625973,0.6703296703296703,2
2019-01-06,3987.6,1,-0.33028755471612903,-0.41005463607756465,0.6098901098901099,2
2019-01-07,3975.45,1,-0.33078643489483506,-0.41185216746778874,0.6016483516483516,2
2019-01-08,3955.13,1,-0.33303383517753804,-0.4148584092660894,0.6043956043956044,2
2019-01-09,3966.65,1,-0.32985750925607227,-0.41315408320721025,0.45054945054945056,2
2019-01-10,3585.88,1,-0.39287806733923736,-0.469487089582159,0.5769230769230769,2
2019-01-11,3601.31,1,-0.38889435101568015,-0.46720429868905966,0.5631868131868132,2
2019-01-12,3583.13,1,-0.3906932821389151,-0.4698939382507282,0.5659340659340659,2
2019-01-13,3476.81,1,-0.407434239991732,-0.485623447502467,0.5631868131868132,2
2019-01-14,3626.09,1,-0.3808163462339875,-0.4620754826143135,0.521978021978022,2
2019-01-15,3553.06,1,-0.3919136457339484,-0.4631996567436576,0.5247252747252747,2
2019-01-16,3591.84,1,-0.38380117308244366,-0.45496509162973,0.47802197802197804,2
2019-01-17,3616.21,1,-0.3781585349667451,-0.4512671260419021,0.38461538461538464,2
2019-01-18,3594.87,1,-0.3802186090256141,-0.4545053117474519,0.37362637362637363,2
2019-01-19,3665.3,1,-0.3665204237882099,-0.4430650945116392,0.3626373626373626,2
2019-01-20,3539.28,1,-0.38668537599047603,-0.46198958418839664,0.3791208791208791,2
2019-01-21,3526.9,1,-0.3872366922717314,-0.46387148359950503,0.35714285714285715,2
2019-01-22,3570.93,1,-0.3779447927810917,-0.45717842777792983,0.3516483516483517,2
2019-01-23,3552.82,1,-0.379367477211649,-0.45993135171453503,0.33516483516483514,2
2019-01-24,3569.62,1,-0.374716479496934,-0.4573775625298322,0.33516483516483514,2
2019-01-25,3565.29,1,-0.3737764329927705,-0.4580357712899372,0.33516483516483514,2
2019-01-26,3565.25,0,-0.3722775493324657,-0.4580418517403769,0.20054945054945056,2
2019-01-27,3550.84,1,-0.37325476195607477,-0.4602323340113036,0.20054945054945056,2
2019-01-28,3434.15,1,-0.39234088519998156,-0.47797052805671847,0.24175824175824176,2
2019-01-29,3411.04,1,-0.39492930986678765,-0.4814835082982948,0.23626373626373626,2
2019-01-30,3458.18,1,-0.3850435254668798,-0.4743176974550275,0.07967032967032966,2
2019-01-31,3434.1,1,-0.3877365836002674,-0.4779781286197682,0.07692307692307693,2
2019-02-01,3462.07,1,-0.3809500934720531,-0.47372637364976,0.08791208791208792,2
2019-02-02,3504.77,1,-0.3711714522313899,-0.4672354928053071,0.06043956043956044,2
2019-02-03,3458.11,1,-0.37735147336363095,-0.474328338243297,0.027472527472527472,2
2019-02-04,3463.22,1,-0.3741760606124839,-0.4735515606996167,0.027472527472527472,2
2019-02-05,3471.59,1,-0.37046459288348765,-0.46424757401417316,0.027472527472527472,2
2019-02-06,3405.37,0,-0.3802288024903614,-0.4726619239786548,0.03296703296703297,2
2019-02-07,3398.4,0,-0.37923982451250127,-0.47374126231483227,0.03296703296703297,2
2019-02-08,3659.04,0,-0.32914189413294626,-0.43337989302626645,0.19230769230769232,2
2019-02-09,3665.18,0,-0.32508844290791505,-0.4324290842193612,0.12087912087912088,2
2019-02-10,3680.06,0,-0.3195318836597112,-0.4301248439837341,0.12087912087912088,2
2019-02-11,3631.05,0,-0.3259212548748903,-0.3868965505596539,0.12912087912087913,2
2019-02-12,3631.46,0,-0.3229813686018531,-0.3688149615879306,0.12637362637362637,2
2019-02-13,3609.4,0,-0.3241863571380017,-0.36252207700459205,0.13186813186813187,2
2019-02-14,3590.56,0,-0.32479323725110165,-0.3658495231367008,0.1401098901098901,2
2019-02-15,3602.47,0,-0.31962910459233873,-0.3637460261391735,0.14560439560439561,2
2019-02-16,3618.41,0,-0.3139543803675613,-0.26305745586075846,0.1401098901098901,2
2019-02-17,3667.58,0,-0.30202680523998104,-0.21314633764350244,0.11263736263736264,2
2019-02-18,3898.6,0,-0.255492075557605,-0.16358261085973813,0.21978021978021978,2
2019-02-19,3907.79,0,-0.2512268669025812,-0.11600661447175842,0.21978021978021978,2
2019-02-20,3969.74,0,-0.2371347024324929,-0.10199271141313071,0.21978021978021978,2
2019-02-21,3937.31,0,-0.24111590545553652,-0.08345981228351151,0.22802197802197802,2
2019-02-22,3962.0,0,-0.23416303965289997,-0.07771239152296183,0.22802197802197802,2
2019-02-23,4117.76,0,-0.2020484250350949,-0.041454057879250605,0.23351648351648352,1
2019-02-24,3743.56,0,-0.2727712393531705,-0.12856158516145855,0.49175824175824173,1
2019-02-25,3827.92,0,-0.2544267171992052,-0.10892398227122058,0.4945054945054945,1
2019-02-26,3809.23,0,-0.25637619642094533,-0.11327470296845321,0.489010989010989,1
2019-02-27,3818.07,0,-0.2528898938490083,-0.08877045932954974,0.48626373626373626,1
2019-02-28,3813.69,0,-0.2519211071188642,-0.08981580040190751,0.3434065934065934,1
2019-03-01,3823.0,0,-0.24830829057558312,-0.08123268148838869,0.3434065934065934,1
2019-03-02,3819.93,0,-0.24715918343142007,-0.07232815899906753,0.3489010989010989,1
2019-03-03,3807.75,0,-0.24773651221348736,-0.07528607786757857,0.33516483516483514,1
2019-03-04,3715.3,0,-0.2641136482813228,-0.09773760491140815,0.36538461538461536,1
2019-03-05,3857.73,0,-0.23383367515819298,-0.06314841078644706,0.4010989010989011,1
2019-03-06,3861.84,0,-0.23108858743140315,-0.062150295306185876,0.4010989010989011,1
2019-03-07,3873.64,0,-0.22673466231684125,-0.05928465962076479,0.40384615384615385,1
2019-03-08,3864.89,0,-0.22663654792184973,-0.06140960133664908,0.4065934065934066,1
2019-03-09,3943.04,0,-0.20899099499648255,-0.0424308361827791,0.4175824175824176,1
2019-03-10,3916.82,0,-0.2123199544512181,-0.04879837581597768,0.24725274725274726,1
2019-03-11,3871.61,0,-0.21932892707124207,-0.059777646098849835,0.25,1
2019-03-12,3882.73,0,-0.21487116788957694,-0.05707714874106318,0.2445054945054945,1
2019-03-13,3866.0,0,-0.2159810162761916,-0.06114003730183404,0.2445054945054945,1
2019-03-14,3877.12,0,-0.21146882185342963,-0.05843953994404738,0.2445054945054945,1
2019-03-15,3923.76,0,-0.19955352591565712,-0.04711299347217901,0.23626373626373626,1
2019-03-16,4005.98,0,-0.180213471349566,-0.027145826857320587,0.027472527472527472,1
2019-03-17,3981.14,0,-0.18274621773223565,-0.03317823282561405,0.027472527472527472,1
2019-03-18,3987.81,0,-0.17885099575392416,-0.03155842011190557,0.027472527472527472,1
2019-03-19,4015.53,0,-0.17058489480412964,-0.02482660475598386,0.03021978021978022,1
2019-03-20,4043.04,0,-0.16217100461479017,-0.018145788001243446,0.03296703296703297,1
2019-03-21,3980.64,0,-0.17225339583811672,-0.03329965806652169,0.038461538461538464,1
2019-03-22,3986.93,0,-0.16811185513583093,-0.031772128535903055,0.038461538461538464,1
2019-03-23,4006.01,0,-0.16119649388966362,-0.027138541342865974,0.038461538461538464,1
2019-03-24,3992.18,0,-0.16171585290259027,-0.030497163506372438,0.027472527472527472,1
2019-03-25,3936.12,0,-0.17124260781365963,-0.04411136151694128,0.027472527472527472,1
2019-03-26,3948.55,0,-0.16647821980916422,-0.04109273002797642,0.03021978021978022,1
2019-03-27,4038.05,0,-0.14564910319920077,-0.019357611905502004,0.03296703296703297,1
2019-03-28,4027.81,0,-0.14580686276251098,-0.02184440083929129,0.03571428571428571,1
2019-03-29,4103.25,0,-0.12776515928529142,-0.0035237604911408926,0.03296703296703297,1
2019-03-30,4106.97,0,-0.12493946494952113,-0.0026203566987876847,0.03296703296703297,1
2019-03-31,4103.95,0,-0.12349625797861197,-0.003353765153870203,0.03296703296703297,1
2019-04-01,4144.56,0,-0.11260281986525178,0.0,0.03571428571428571,1
2019-04-02,4857.29,0,0.04180680682188931,0.0,0.7335164835164835,1
2019-04-03,4932.6,0,0.05975788573596641,0.0,0.7335164835164835,1
2019-04-04,4898.66,0,0.054285220603832895,-0.006880752544297208,0.7445054945054945,1
2019-04-05,5004.95,0,0.07860444517266818,0.0,0.7472527472527473,1
2019-04-06,5043.89,0,0.08851236919829986,0.0,0.7362637362637363,0
2019-04-07,5170.27,0,0.11725894379315194,0.0,0.739010989010989,0
2019-04-08,5236.9,0,0.1331939321661746,0.0,0.7362637362637363,0
2019-04-09,5150.0,0,0.11633332321407885,-0.01659378640035125,0.7774725274725275,0
2019-04-10,5308.25,0,0.15240326691807837,0.0,0.75,0
2019-04-11,5017.37,0,0.0912568152575377,-0.05479772052936471,0.8241758241758241,0
2019-04-12,5048.01,0,0.09975474733424372,-0.04902557339989633,0.8241758241758241,0
2019-04-13,5045.22,0,0.1008284807715143,-0.04955117034804313,0.8241758241758241,0
2019-04-14,5131.3,0,0.12124205116782072,-0.03333490321669097,0.8241758241758241,0
2019-04-15,5024.95,0,0.10000350691174642,-0.05336975462723126,0.8379120879120879,1
2019-04-16,5173.72,0,0.13438435105110003,-0.025343568972825303,0.8434065934065934,1
2019-04-17,5202.82,0,0.14251025895738256,-0.01986153628785392,0.8379120879120879,1
2019-04-18,5258.44,0,0.15646130064333175,-0.00938350680544442,0.8379120879120879,1
2019-04-19,5258.68,0,0.15823720855203316,-0.009338294164743521,0.8434065934065934,1
2019-04-20,5291.73,0,0.16710267262725131,-0.003112136768238183,0.8379120879120879,1
2019-04-21,5256.14,0,0.16085834795704956,-0.009816794612160229,0.8571428571428571,1
2019-04-22,5357.14,0,0.18478292372788263,0.0,0.16483516483516483,1
2019-04-23,5493.31,0,0.21643482320622498,0.0,0.17307692307692307,1
2019-04-24,5415.0,0,0.20066159447194565,-0.014255521716415087,0.17582417582417584,1
2019-04-25,5219.9,0,0.15919552687634098,-0.04977144927193278,0.27197802197802196,1
2019-04-26,5314.1,0,0.18189808793994788,-0.03262331818156994,0.2774725274725275,0
2019-04-27,5295.69,0,0.1795887438060031,-0.035974667368126045,0.2664835164835165,0
2019-04-28,5307.52,0,0.18396897988423677,-0.03382113880338078,0.26373626373626374,0
2019-04-29,5238.14,0,0.16981586355434142,-0.04645104681876688,0.26373626373626374,0
2019-04-30,5320.81,0,0.189576305789664,-0.03140183241069594,0.17857142857142858,0
2019-05-01,5383.2,0,0.2048039610817345,-0.020044381256473898,0.0989010989010989,0
2019-05-02,5492.87,0,0.23051458512962641,-8.009742759840233e-05,0.10164835164835165,0
2019-05-03,5772.69,0,0.2946207849173803,0.0,0.16758241758241757,0
2019-05-04,5829.45,0,0.3087146641484291,0.0,0.16758241758241757,0
2019-05-05,5775.62,0,0.29803624602412326,-0.009234147303776474,0.1620879120879121,0
2019-05-06,5747.79,0,0.2930474496238047,-0.014008182590124263,0.13736263736263737,0
2019-05-07,5846.34,0,0.31622819485006026,0.0,0.14560439560439561,0
2019-05-08,5987.29,0,0.34887400328091456,0.0,0.17032967032967034,0
2019-05-09,6209.18,0,0.39946401338325743,0.0,0.18406593406593408,0
2019-05-10,6373.33,0,0.43679774946856376,0.0,0.19505494505494506,0
2019-05-11,7076.22,0,0.5943172692762761,0.0,0.5412087912087912,0
2019-05-12,6967.31,0,0.5690689134379461,-0.015390985582698136,0.5741758241758241,0
2019-05-13,7790.71,0,0.7520113207847154,0.0,0.7664835164835165,0
2019-05-14,7947.56,0,0.7844574847878252,0.0,0.75,0
2019-05-15,8169.87,0,0.8309515997947645,0.0,0.7005494505494505,0
2019-05-16,7866.59,0,0.7602680222145453,-0.037121765707410215,0.7527472527472527,0
2019-05-17,7355.26,0,0.6439911013940873,-0.09970905289802645,0.8763736263736264,0
2019-05-18,7257.45,0,0.6204513692048772,-0.11168109162079687,0.8818681318681318,0
2019-05-19,8148.48,0,0.815800154128909,-0.0026181567148559903,0.9560439560439561,0
2019-05-20,7938.15,0,0.7659236368583477,-0.02836275240609709,0.9615384615384616,0
2019-05-21,7904.87,0,0.7556477874976053,-0.03243625663566252,0.9642857142857143,1
2019-05-22,7628.43,0,0.691919004852837,-0.06627278035023809,0.967032967032967,1
2019-05-23,7851.51,0,0.7387629143369971,-0.03896757231143211,0.9642857142857143,1
2019-05-24,7964.87,0,0.7609503883870974,-0.025092198529474752,0.9615384615384616,1
2019-05-25,8025.41,0,0.7713855571006596,-0.017682043900331346,0.9560439560439561,1
2019-05-26,8614.43,0,0.8971326021016401,0.0,0.967032967032967,1
2019-05-27,8756.32,0,0.923558838676438,0.0,0.967032967032967,1
2019-05-28,8715.64,0,0.9098068094524614,-0.00464578727136522,0.967032967032967,1
2019-05-29,8645.68,0,0.8898953973255941,-0.01263544502713465,0.9697802197802198,1
2019-05-30,8269.54,0,0.8040852127969247,-0.055591846803223155,0.9725274725274725,1
2019-05-31,8555.0,0,0.8620918657308354,-0.022991393644818836,0.9313186813186813,1
2019-06-01,8544.07,0,0.8554996328338569,-0.024239634915124153,0.9230769230769231,1
2019-06-02,8725.98,0,0.8892533637788314,-0.003464925904946403,0.8104395604395604,1
2019-06-03,8115.82,0,0.7526659074851971,-0.07314716684634637,0.8708791208791209,1
2019-06-04,7687.03,0,0.6564330376143943,-0.12211636852010888,0.8983516483516484,1
2019-06-05,7776.5,0,0.6718428798342264,-0.11189860580700561,0.8681318681318682,1
2019-06-06,7786.7,0,0.6702211086223184,-0.11073373289235655,0.8379120879120879,1
2019-06-07,7980.53,0,0.7061784475506352,-0.08859772141721634,0.8379120879120879,1
2019-06-08,7893.62,0,0.681603259868367,-0.098523123869388,0.5824175824175825,1
2019-06-09,7628.13,0,0.6199254398912946,-0.12884293858607265,0.5906593406593407,1
2019-06-10,7982.75,0,0.6887551174870283,-0.08834419025343976,0.6291208791208791,1
2019-06-11,7884.9,0,0.6619648554157078,-0.09951897600818604,0.6071428571428571,1
2019-06-12,8127.64,0,0.7055882618432756,-0.07179728470407654,0.6071428571428571,0
2019-06-13,8218.54,0,0.7172172807528148,-0.06141621137646858,0.6043956043956044,0
2019-06-14,8650.0,0,0.7983730835982874,-0.012142087086812747,0.6456043956043956,0
2019-06-15,8808.7,0,0.8220233177285001,0.0,0.5521978021978022,0
2019-06-16,8953.33,0,0.8430025544601283,0.0,0.5521978021978022,0
2019-06-17,9313.96,0,0.9073853729986547,0.0,0.5906593406593407,0
2019-06-18,9081.55,0,0.8502417499745405,-0.02495286644993111,0.5989010989010989,0
2019-06-19,9255.49,0,0.8759993018530627,-0.006277673513736315,0.5521978021978022,0
2019-06-20,9517.12,0,0.9186146506829289,0.0,0.5467032967032966,0
2019-06-21,10159.86,0,1.0353132924196333,0.0,0.6208791208791209,0
2019-06-22,10729.5,0,1.1349345491685603,0.0,0.6510989010989011,0
2019-06-23,10906.07,0,1.154769739209434,0.0,0.5302197802197802,0
2019-06-24,11056.59,0,1.1683408979505772,0.0,0.35714285714285715,0
2019-06-25,11820.86,0,1.2992468335965701,0.0,0.43956043956043955,0
2019-06-26,13093.8,0,1.5230835368934104,0.0,0.6071428571428571,0
2019-06-27,11329.99,0,1.1669570751913825,-0.13470573859383828,0.9395604395604396,0
2019-06-28,12400.63,0,1.3515596049967415,-0.052938795460446886,0.9642857142857143,0
2019-06-29,11903.13,0,1.2391233462261635,-0.09093387710213996,0.967032967032967,0
2019-06-30,10854.1,0,1.0276579031516637,-0.1710504208098489,1.0,0
2019-07-01,10624.93,0,0.9713625831599271,-0.18855259741251573,1.0,1
2019-07-02,10842.85,0,0.9976763587060935,-0.17190960607310324,0.9972527472527473,1
2019-07-03,11940.0,0,1.182267814723525,-0.08811804059936756,1.0,1
2019-07-04,11145.67,0,1.022456188624719,-0.14878262994699776,1.0,1
2019-07-05,10970.73,0,0.9773259957611615,-0.16214315172066163,1.0,1
2019-07-06,11256.49,0,1.0150231372531997,-0.14031908231376677,1.0,1
2019-07-07,11406.24,0,1.027774792347457,-0.12888237180955864,0.9945054945054945,1
2019-07-08,12238.6,0,1.160026788102062,-0.06531335441201169,1.0,1
2019-07-09,12543.41,0,1.1969474585390736,-0.0420343979593395,1.0,1
2019-07-10,12108.37,0,1.105704858031606,-0.07525928301944418,1.0,1
2019-07-11,11342.89,0,0.9599504103373862,-0.13372053949197327,1.0,1
2019-07-12,11757.22,0,1.018032275124896,-0.10207731903649053,0.9972527472527473,1
2019-07-13,11355.76,0,0.9364778526182678,-0.1327376315508102,0.9972527472527473,1
2019-07-14,10174.18,0,0.7255740319644131,-0.22297728696024066,1.0,1
2019-07-15,10838.72,0,0.8270172190665321,-0.17222502252974692,0.9972527472527473,1
2019-07-16,9439.59,0,0.5836992021936529,-0.27907941162993166,1.0,1
2019-07-17,9667.92,0,0.613920564002129,-0.2616413875269211,0.9807692307692307,1
2019-07-18,10627.16,0,0.7640025972459845,-0.18838228780033295,0.9835164835164835,1
2019-07-19,10504.29,0,0.7338203081532926,-0.19776611831553859,0.9752747252747253,1
2019-07-20,10740.23,0,0.76266397090984,-0.17974690311445107,0.9560439560439561,1
2019-07-21,10589.45,0,0.7283719615695223,-0.19126227680276153,0.9532967032967034,1
2019-07-22,10340.31,0,0.6787027588303671,-0.21028960271273422,0.9532967032967034,1
2019-07-23,9864.91,0,0.5936676616881666,-0.24659686263727865,0.9423076923076923,1
2019-07-24,9763.28,0,0.5696518835278395,-0.25435855137546004,0.9230769230769231,1
2019-07-25,9879.87,0,0.580908151516103,-0.24545433716720877,0.9230769230769231,1
2019-07-26,9824.0,0,0.5646468926505308,-0.24972124211458857,0.9175824175824175,1
2019-07-27,9476.52,0,0.5026973094171472,-0.2762589928057553,0.9175824175824175,1
2019-07-28,9541.54,0,0.5063494022743329,-0.2712932838442621,0.8901098901098901,1
2019-07-29,9507.64,0,0.4940138617774128,-0.2738822954375353,0.8846153846153846,1
2019-07-30,9574.21,0,0.49744725174367876,-0.26879820983977154,0.8818681318681318,1
2019-07-31,10080.53,0,0.5686672941576525,-0.23012952695168698,0.8873626373626373,1
2019-08-01,10374.99,0,0.6058701568292757,-0.20764102094120884,0.8763736263736264,1
2019-08-02,10523.75,0,0.6202464549781219,-0.19627991874016704,0.8653846153846154,1
2019-08-03,10816.86,0,0.6561134446115013,-0.17389451496127928,0.7967032967032966,1
2019-08-04,10929.23,0,0.6639713911954457,-0.16531259069177773,0.75,1
2019-08-05,11828.8,0,0.789741463926299,-0.09661060960149082,0.5934065934065934,1
2019-08-06,11481.69,0,0.7269187234411114,-0.12312010264399931,0.6043956043956044,1
2019-08-07,11975.03,0,0.789934554327218,-0.08544272861965196,0.5137362637362637,1
2019-08-08,11999.77,0,0.7823625444066502,-0.08355328476072632,0.5082417582417582,1
2019-08-09,11879.99,0,0.7536921376689638,-0.09270112572362488,0.510989010989011,0
2019-08-10,11309.31,0,0.6599688244412458,-0.13628511203775828,0.5576923076923077,0
2019-08-11,11549.97,0,0.6854009193601347,-0.11790542088622091,0.5467032967032966,0
2019-08-12,11396.08,0,0.6535029281095388,-0.12965831156730667,0.48626373626373626,0
2019-08-13,10892.71,0,0.5721098980115438,-0.16810169698636002,0.5467032967032966,0
2019-08-14,10050.37,0,0.44378094178903216,-0.2324329071774427,0.6153846153846154,0
2019-08-15,10293.93,0,0.47164171871022753,-0.21383173715804416,0.6181318681318682,0
2019-08-16,10331.54,0,0.46977206685493034,-0.21095938535795555,0.6043956043956044,0
2019-08-17,10216.02,0,0.44633725187413464,-0.2197818815011684,0.6071428571428571,1
2019-08-18,10306.78,0,0.4521466773841616,-0.2128503566573492,0.6016483516483516,1
2019-08-19,10915.54,0,0.5298533948076458,-0.166358123692129,0.6291208791208791,1
2019-08-20,10760.51,0,0.5004512818646463,-0.17819807847989122,0.6126373626373627,1
2019-08-21,10142.57,0,0.40777038781498987,-0.22539140661992696,0.6593406593406593,1
2019-08-22,10099.88,0,0.39541317542116006,-0.22865172829888958,0.6538461538461539,1
2019-08-23,10389.55,0,0.4285988801513472,-0.20652904428049923,0.6538461538461539,1
2019-08-24,10134.35,0,0.38715378036207815,-0.2260191846522781,0.6593406593406593,1
2019-08-25,10142.69,0,0.3819234164719718,-0.22538224197711887,0.5439560439560439,1
2019-08-26,10372.25,0,0.40651836663000895,-0.20785028028532582,0.5494505494505495,1
2019-08-27,10185.05,1,0.37504903355554764,-0.22214712306587847,0.5,1
2019-08-28,9721.0,1,0.3070561312976541,-0.25758756052482845,0.532967032967033,1
2019-08-29,9498.44,1,0.27215521658688213,-0.2745849180528188,0.5357142857142857,1
2019-08-30,9584.54,1,0.2785893151973844,-0.26800928683804537,0.5082417582417582,1
2019-08-31,9587.47,1,0.2739192880348098,-0.26778551680948237,0.48626373626373626,1
2019-09-01,9724.98,1,0.2869617923813781,-0.257283599871695,0.489010989010989,1
2019-09-02,10340.0,0,0.36226705109913104,-0.21031327803998834,0.5576923076923077,1
2019-09-03,10615.28,0,0.392103494335462,-0.18928958743832947,0.4368131868131868,1
2019-09-04,10567.02,1,0.37948930180786977,-0.19297530128763218,0.43131868131868134,1
2019-09-05,10564.49,0,0.37297808657579523,-0.19316852250683525,0.43131868131868134,1
2019-09-06,10298.73,0,0.33289616713193393,-0.21346515144572242,0.43956043956043955,1
2019-09-07,10455.88,0,0.3475250728436776,-0.20146328796835145,0.45054945054945056,1
2019-09-08,10381.18,0,0.33239323439363133,-0.2071682781163603,0.36813186813186816,1
2019-09-09,10303.12,1,0.3169943318198174,-0.21312987826299457,0.36813186813186816,1
2019-09-10,10098.15,1,0.28575167029049786,-0.22878385189937223,0.31868131868131866,1
2019-09-11,10158.33,1,0.2884592284298997,-0.22418778353113689,0.32142857142857145,1
2019-09-12,10415.01,0,0.31545031603868745,-0.20458461256472527,0.31868131868131866,1
2019-09-13,10342.06,1,0.300884924917979,-0.21015595167178358,0.3159340659340659,1
2019-09-14,10335.02,0,0.2946856651158509,-0.21069361071652226,0.31868131868131866,1
2019-09-15,10302.01,0,0.2853303704138994,-0.2132146512089691,0.3021978021978022,1
2019-09-16,10251.31,0,0.27388891208175004,-0.21708671279536884,0.3021978021978022,1
2019-09-17,10187.82,0,0.26101240030431927,-0.22193557256105945,0.19230769230769232,1
2019-09-18,10156.99,0,0.2522850417844358,-0.22429012204249332,0.17582417582417584,1
2019-09-19,10244.29,0,0.2580566722153741,-0.21762284439963941,0.17582417582417584,1
2019-09-20,10168.59,0,0.2438315990831994,-0.22340420657104887,0.1813186813186813,1
2019-09-21,9986.39,0,0.21698308270688127,-0.2373191892345996,0.19230769230769232,1
2019-09-22,10028.87,0,0.21758455518952635,-0.234074905680551,0.06318681318681318,1
2019-09-23,9702.25,0,0.17377723407260004,-0.25901953596358573,0.06593406593406594,1
2019-09-24,8493.14,1,0.024630644566320248,-0.3229002320740533,0.43131868131868134,1
2019-09-25,8430.05,1,0.014274084493126171,-0.3279299648181795,0.42032967032967034,1
2019-09-26,8063.73,1,-0.032214597036472115,-0.35713414454283166,0.45054945054945056,1
2019-09-27,8177.91,1,-0.021040821149653555,-0.34803135670443686,0.4478021978021978,1
2019-09-28,8198.81,1,-0.02106784487187152,-0.3463651431309349,0.4532967032967033,1
2019-09-29,8043.82,1,-0.04196302405469232,-0.35872143221022035,0.4532967032967033,1
2019-09-30,8289.34,1,-0.015308345551441227,-0.3391478074941343,0.4807692307692308,2
2019-10-01,8292.44,1,-0.01748949480733375,-0.3389006657679211,0.47802197802197804,2
2019-10-02,8359.94,1,-0.012040202381707887,-0.33351935398747223,0.4642857142857143,2
2019-10-03,8223.96,1,-0.0305404981682178,-0.3443601062231084,0.46703296703296704,2
2019-10-04,8137.13,1,-0.04311642956777095,-0.35128246625120285,0.45604395604395603,2
2019-10-05,8126.19,1,-0.0467069866397396,-0.35215463737532304,0.45604395604395603,2
2019-10-06,7854.25,1,-0.08066375649550239,-0.37383454738384536,0.46703296703296704,2
2019-10-07,8190.09,1,-0.04370973214960072,-0.323600947113443,0.5357142857142857,2
2019-10-08,8168.39,1,-0.048566082069615546,-0.3192877863492384,0.5357142857142857,2
2019-10-09,8560.74,1,-0.005504140085031195,-0.2865913263337547,0.5741758241758241,2
2019-10-10,8558.03,1,-0.008448612702179337,-0.2868171639956433,0.5741758241758241,2
2019-10-11,8258.5,1,-0.0455427508116687,-0.31177847575411866,0.5824175824175825,2
2019-10-12,8300.09,1,-0.043142192894758846,-0.3083125759910399,0.5824175824175825,2
2019-10-13,8275.01,1,-0.04835762854204673,-0.31040261605014097,0.5686813186813187,2
2019-10-14,8348.2,1,-0.042319768078072806,-0.3043033324805392,0.2857142857142857,2
2019-10-15,8159.29,1,-0.06616350626876843,-0.32004613421757255,0.29120879120879123,2
2019-10-16,7991.74,1,-0.08736856850478991,-0.33400890183728527,0.25824175824175827,2
2019-10-17,8070.58,1,-0.08044796762899009,-0.3274387759098716,0.25274725274725274,2
2019-10-18,7947.01,1,-0.09648460702817319,-0.33773647328240464,0.260989010989011,2
2019-10-19,7948.01,1,-0.0979557686663266,-0.3376531383518184,0.2445054945054945,2
2019-10-20,8223.35,1,-0.06844615218649197,-0.3147076985642224,0.2554945054945055,2
2019-10-21,8197.27,1,-0.07313225609189544,-0.3168810735539098,0.2554945054945055,2
2019-10-22,8020.0,1,-0.09471933533887233,-0.3316538566989201,0.26373626373626374,2
2019-10-23,7466.62,1,-0.1583345635722041,-0.37776974058669466,0.3269230769230769,2
2019-10-24,7412.41,1,-0.16549988624485457,-0.3822873271737709,0.3241758241758242,2
2019-10-25,8655.02,1,-0.027476227593386526,-0.2787345090780906,0.8076923076923077,2
2019-10-26,9230.0,0,0.03475963326885401,-0.23081859068965493,0.8186813186813187,2
2019-10-27,9529.93,0,0.06586199199202936,-0.20582394495894507,0.8131868131868132,2
2019-10-28,9205.14,1,0.02713088423231569,-0.23289029706402709,0.8186813186813187,2
2019-10-29,9407.62,0,0.04717704788610266,-0.2160166403189394,0.8104395604395604,2
2019-10-30,9154.72,0,0.016700976515349186,-0.23709204426418184,0.8159340659340659,1
2019-10-31,9140.85,0,0.012905420218870312,-0.23824789975141192,0.8021978021978022,1
2019-11-01,9231.61,0,0.020583920273108847,-0.2306844214514111,0.8021978021978022,1
2019-11-02,9289.52,0,0.024654889652092393,-0.2258584956211661,0.7967032967032966,1
2019-11-03,9194.71,0,0.011969210842455613,-0.2337594803900409,0.8021978021978022,1
2019-11-04,9393.35,0,0.03148443626715691,-0.21720582977840408,0.7857142857142857,1
2019-11-05,9308.66,1,0.019916690722890484,-0.2242634650497468,0.7747252747252747,1
2019-11-06,9339.05,1,0.020982638763659578,-0.213884018420891,0.7747252747252747,1
2019-11-07,9216.2,1,0.005375895300750999,-0.20205853348536829,0.7664835164835165,1
2019-11-08,8773.73,1,-0.0446725213507263,-0.24036772389884997,0.8159340659340659,1
2019-11-09,8809.41,1,-0.042516115323800174,-0.22697892608686498,0.8104395604395604,1
2019-11-10,9039.47,1,-0.01944257813033068,-0.17187147864420826,0.8104395604395604,1
2019-11-11,8733.27,1,-0.05445944385192858,-0.19992322871795631,0.8214285714285714,1
2019-11-12,8821.94,1,-0.0466695752699825,-0.19179994759764518,0.7115384615384616,2
2019-11-13,8777.12,1,-0.05329381404079925,-0.1959060202243773,0.7087912087912088,2
2019-11-14,8646.68,1,-0.06903965437063042,-0.20785595582078398,0.2554945054945055,2
2019-11-15,8471.73,1,-0.08946098268358527,-0.22388356416631716,0.16758241758241757,2
2019-11-16,8491.02,1,-0.0889398415658208,-0.2221163588791759,0.12087912087912088,2
2019-11-17,8502.4,1,-0.08924286607677545,-0.2098515776668578,0.09340659340659341,2
2019-11-18,8187.17,1,-0.1242732686013539,-0.22873725422221558,0.1043956043956044,2
2019-11-19,8133.64,1,-0.13109615730564816,-0.23377998507811382,0.08791208791208792,2
2019-11-20,8098.01,1,-0.13594945244385248,-0.23713646743185302,0.08791208791208792,2
2019-11-21,7627.74,1,-0.18693024050582252,-0.2814377011251705,0.17032967032967034,2
2019-11-22,7268.23,1,-0.22587908284804747,-0.3153049189470274,0.21153846153846154,2
2019-11-23,7311.57,1,-0.22187021509040328,-0.3112221250876096,0.21978021978021978,2
2019-11-24,6903.28,1,-0.2656801732226698,-0.34968460558741743,0.24175824175824176,2
2019-11-25,7109.57,1,-0.24409855922106527,-0.3302512981287352,0.260989010989011,2
2019-11-26,7156.14,1,-0.23946365445751805,-0.3258642259083133,0.26373626373626374,2
2019-11-27,7508.52,1,-0.2021968752392188,-0.2926686813725121,0.3241758241758242,2
2019-11-28,7419.49,0,-0.21184592026407745,-0.3010556480846479,0.3131868131868132,2
2019-11-29,7739.68,0,-0.17781064357716203,-0.270892524737925,0.35714285714285715,2
2019-11-30,7541.89,0,-0.19864928677869698,-0.28952509966764894,0.33516483516483514,2
2019-12-01,7390.89,0,-0.21436840484760933,-0.303749877535025,0.3269230769230769,2
2019-12-02,7294.28,1,-0.2244018686880469,-0.3097126720683788,0.3269230769230769,2
2019-12-03,7292.71,1,-0.22454301870866755,-0.30969597207248056,0.32967032967032966,2
2019-12-04,7194.32,1,-0.23497946222830735,-0.3119354851050318,0.32967032967032966,2
2019-12-05,7389.0,1,-0.21396042037000995,-0.293316296667521,0.35714285714285715,2
2019-12-06,7527.47,0,-0.19905506528746042,-0.2772479335113457,0.37637362637362637,2
2019-12-07,7488.21,0,-0.20305578666963642,-0.2810174930220902,0.37362637362637363,2
2019-12-08,7510.11,0,-0.2006747185748351,-0.27891475860320825,0.33791208791208793,2
2019-12-09,7338.64,1,-0.21871158624355402,-0.29537849699616225,0.35714285714285715,2
2019-12-10,7224.13,1,-0.2305992048720299,-0.3063732055946178,0.3626373626373626,2
2019-12-11,7210.0,1,-0.23177052727797454,-0.30284682161967724,0.29120879120879123,2
2019-12-12,7198.08,1,-0.23246145260963058,-0.30352529554853314,0.260989010989011,2
2019-12-13,7258.48,1,-0.22540236061535412,-0.2954306975046618,0.26373626373626374,2
2019-12-14,7064.05,1,-0.24548627696757308,-0.31091245899304576,0.18956043956043955,2
2019-12-15,7118.59,1,-0.23904024288831394,-0.30511631357566027,0.16758241758241757,2
2019-12-16,6891.72,1,-0.2627491556720105,-0.3272623090521647,0.20604395604395603,2
2019-12-17,6623.82,1,-0.2906754130992327,-0.3534134625240013,0.1401098901098901,2
2019-12-18,7277.83,0,-0.2201107300391114,-0.28428326837840845,0.45604395604395603,2
2019-12-19,7150.3,1,-0.2331293648492071,-0.28702834915598674,0.3598901098901099,2
2019-12-20,7187.83,0,-0.22872045141050878,-0.28328615287664516,0.3543956043956044,2
2019-12-21,7132.75,1,-0.23440305597770295,-0.2648354763070422,0.34615384615384615,2
2019-12-22,7501.44,0,-0.1947106726836354,-0.2128546589534237,0.4532967032967033,2
2019-12-23,7317.09,1,-0.2143028369165466,-0.23219897732722072,0.48626373626373626,2
2019-12-24,7255.77,0,-0.22058399369834636,-0.23863344221835836,0.48626373626373626,2
2019-12-25,7204.63,0,-0.22579095935734317,-0.24399969359690998,0.45054945054945056,2
2019-12-26,7202.0,0,-0.22589634058725172,-0.24427566624308894,0.43131868131868134,2
2019-12-27,7254.74,1,-0.21992240127135154,-0.23874152276039806,0.4340659340659341,2
2019-12-28,7316.14,1,-0.21307963962447662,-0.23229866326405335,0.44505494505494503,2
2019-12-29,7388.24,1,-0.20500847330355498,-0.22473302532127737,0.41208791208791207,2
2019-12-30,7246.0,1,-0.21990564798646095,-0.23965863337925886,0.4230769230769231,2
2019-12-31,7195.23,1,-0.22476439476400734,-0.24498605970872822,0.4258241758241758,2
2020-01-01,7200.85,1,-0.2234862840568772,-0.24439633869293897,0.4258241758241758,2
2020-01-02,6965.71,1,-0.2480370640106654,-0.2690701820475072,0.49725274725274726,2
2020-01-03,7344.96,1,-0.20625264939611443,-0.22927450673824468,0.5714285714285714,2
2020-01-04,7354.11,1,-0.20452134047809745,-0.22831437376769825,0.5686813186813187,2
2020-01-05,7358.75,1,-0.20320206062693824,-0.2278274866656943,0.5302197802197802,2
2020-01-06,7758.0,1,-0.1591708904745518,-0.18593316005469085,0.5384615384615384,2
2020-01-07,8145.28,1,-0.11623180183649084,-0.14529487624777937,0.29120879120879123,2
2020-01-08,8055.98,1,-0.12465131024247011,-0.15466535431005268,0.28296703296703296,2
2020-01-09,7817.76,1,-0.14910820825862192,-0.179662389965089,0.3241758241758242,2
2020-01-10,8197.02,0,-0.10643866871394214,-0.13986566533017553,0.35714285714285715,2
2020-01-11,8020.01,0,-0.12391967592190667,-0.1584397786762337,0.32967032967032966,2
2020-01-12,8184.98,0,-0.10349524290795509,-0.14112905341382365,0.3076923076923077,2
2020-01-13,8110.34,0,-0.11010148499511863,-0.1489612200719208,0.31043956043956045,2
2020-01-14,8810.01,0,-0.03142294570949267,-0.07554305225746671,0.5576923076923077,2
2020-01-15,8821.41,0,-0.02852391471666782,-0.0743468210154744,0.554945054945055,2
2020-01-16,8720.01,0,-0.03856100797236528,-0.08498698311530095,0.5824175824175825,1
2020-01-17,8913.28,0,-0.016323506456723313,-0.06470666626092736,0.5906593406593407,1
2020-01-18,8915.96,0,-0.01498040234728959,-0.06442544698649422,0.5961538461538461,1
2020-01-19,8701.7,0,-0.0369287206782235,-0.08690829838204472,0.5989010989010989,1
2020-01-20,8642.35,0,-0.042170482792747044,-0.09313604611996096,0.5961538461538461,1
2020-01-21,8736.03,0,-0.03058747345880275,-0.08330596342260643,0.5934065934065934,1
2020-01-22,8682.36,0,-0.03516508533239815,-0.0889376941908282,0.5302197802197802,1
2020-01-23,8404.52,0,-0.06447999910416469,-0.11809215807461337,0.5192307692307693,1
2020-01-24,8439.0,0,-0.05865131069168317,-0.11447408323041197,0.5164835164835165,1
2020-01-25,8340.58,0,-0.06744382699940199,-0.11342294863100344,0.5274725274725275,1
2020-01-26,8615.0,0,-0.034876212819754615,-0.08425297790514508,0.4258241758241758,1
2020-01-27,8907.57,0,-0.0007369752290727893,-0.05171530923472467,0.37362637362637363,1
2020-01-28,9374.21,0,0.05301883283789821,-0.0020376117146706507,0.4725274725274725,1
2020-01-29,9301.53,0,0.046061499220874325,-0.009775000399218525,0.3956043956043956,1
2020-01-30,9513.21,0,0.07026507500136292,0.0,0.3434065934065934,1
2020-01-31,9352.89,0,0.05310877753013021,-0.01685235582942035,0.34065934065934067,1
2020-02-01,9384.61,0,0.05671306758772188,-0.013518044908080284,0.3269230769230769,0
2020-02-02,9331.51,0,0.05093302035388114,-0.01909975707463607,0.32142857142857145,0
2020-02-03,9292.24,0,0.0472976161886931,-0.02322770127012852,0.1565934065934066,0
2020-02-04,9197.02,0,0.03732987607087446,-0.033236941053545355,0.1565934065934066,0
2020-02-05,9612.04,0,0.08483010513356093,0.0,0.21153846153846154,0
2020-02-06,9772.0,0,0.10339243265196107,0.0,0.2032967032967033,0
2020-02-07,9813.73,0,0.10843384707052617,0.0,0.20054945054945056,0
2020-02-08,9895.05,0,0.11759969486689426,0.0,0.15934065934065933,0
2020-02-09,10151.75,0,0.14634127764654492,0.0,0.16483516483516483,0
2020-02-10,9851.83,0,0.11249175617470542,-0.02954367473588293,0.22527472527472528,0
2020-02-11,10223.08,0,0.15415411706994986,0.0,0.25,0
2020-02-12,10326.46,0,0.16526633023159576,0.0,0.17032967032967034,0
2020-02-13,10229.63,0,0.15389178970882367,-0.009376882300420442,0.18956043956043955,0
2020-02-14,10344.36,0,0.1662828406021828,0.0,0.15934065934065933,0
2020-02-15,9904.72,0,0.1165072645448586,-0.04250045435387029,0.2554945054945055,0
2020-02-16,9917.27,0,0.1180248379304103,-0.04128723284959146,0.23351648351648352,0
2020-02-17,9706.0,0,0.09462005857311251,-0.061710922667037926,0.1346153846153846,0
2020-02-18,10164.71,0,0.1465844390076605,-0.01736695165288149,0.23351648351648352,0
2020-02-19,9593.79,0,0.0829313955563431,-0.07255837963875966,0.2967032967032967,0
2020-02-20,9596.42,0,0.08404371274821854,-0.07230413481356024,0.29120879120879123,0
2020-02-21,9677.05,0,0.09448212004965906,-0.06450954916495566,0.29120879120879123,0
2020-02-22,9650.86,0,0.09265127747686752,-0.0670413636029682,0.28846153846153844,0
2020-02-23,9936.4,0,0.12627933213440112,-0.039437915927133305,0.31043956043956045,0
2020-02-24,9656.13,0,0.0959667666399402,-0.06653190724220748,0.32967032967032966,0
2020-02-25,9315.84,0,0.058884828270391765,-0.09942809414985565,0.31868131868131866,0
2020-02-26,8785.25,0,9.823379842233138e-06,-0.15072077924588867,0.4065934065934066,0
2020-02-27,8823.21,0,0.005891800015411119,-0.1470511467118315,0.40934065934065933,0
2020-02-28,8692.91,0,-0.00743365443676125,-0.1596473827283661,0.3956043956043956,0
2020-02-29,8523.61,0,-0.025446405329108357,-0.17601378915660315,0.3543956043956044,0
2020-03-01,8531.88,0,-0.023653292897455103,-0.17521431968725,0.34065934065934067,0
2020-03-02,8915.24,0,0.021021990532374524,-0.1381545112505752,0.36538461538461536,0
2020-03-03,8760.07,0,0.004154679713725962,-0.15315495593734174,0.35714285714285715,0
2020-03-04,8750.87,0,0.00394314825611386,-0.15404432947035873,0.36538461538461536,0
2020-03-05,9054.68,0,0.03954437392852039,-0.12467470196319541,0.43131868131868134,0
2020-03-06,9131.88,0,0.0494820570773693,-0.11721169796874831,0.37362637362637363,0
2020-03-07,8886.66,0,0.02240101086620183,-0.14091736946509992,0.3873626373626374,0
2020-03-08,8033.31,0,-0.07465326005057349,-0.22341159820423884,0.6593406593406593,0
2020-03-09,7929.87,0,-0.08542534326651507,-0.2334112501885086,0.6098901098901099,0
2020-03-10,7894.56,0,-0.08818585441146642,-0.2368247044766424,0.532967032967033,0
2020-03-11,7934.52,0,-0.082404807573765,-0.23296172987019015,0.5357142857142857,0
2020-03-12,4800.0,1,-0.443179198065753,-0.5359790262519866,1.0,2
2020-03-13,5578.6,1,-0.3510538804831117,-0.4607109574686109,1.0,2
2020-03-14,5172.06,1,-0.3965863704955904,-0.5000116005243437,0.9972527472527473,2
2020-03-15,5361.3,1,-0.3729133297165287,-0.4817175736343283,1.0,2
2020-03-16,5028.97,1,-0.4102428988743305,-0.5138442590938443,1.0,2
2020-03-17,5312.64,1,-0.3754118535923314,-0.48642158625569876,1.0,2
2020-03-18,5393.04,1,-0.36439234467230663,-0.47864923494541955,1.0,2
2020-03-19,6162.37,1,-0.27219344683091495,-0.40427730666759476,1.0,2
2020-03-20,6208.36,1,-0.2649684424485165,-0.39983140571287157,1.0,2
2020-03-21,6186.98,1,-0.2655744669983242,-0.40189823246677425,0.9972527472527473,2
2020-03-22,5816.19,1,-0.3076368164238039,-0.43774288597844635,0.9917582417582418,2
2020-03-23,6467.31,1,-0.2282450076605571,-0.3747984408895282,1.0,2
2020-03-24,6744.72,1,-0.19343085117307868,-0.3479809287379789,1.0,2
2020-03-25,6677.43,1,-0.1996696096041516,-0.35448592276370894,0.9972527472527473,2
2020-03-26,6737.36,1,-0.19071943528231727,-0.34869242756439267,0.9972527472527473,2
2020-03-27,6359.11,1,-0.23434055301340506,-0.3852582470060981,1.0,2
2020-03-28,6236.65,1,-0.24733545933273526,-0.39709658209884424,0.9862637362637363,2
2020-03-29,5881.42,1,-0.2883695165321336,-0.4314370342872832,0.9862637362637363,2
2020-03-30,6394.38,1,-0.2244166822035899,-0.38184865955941216,1.0,2
2020-03-31,6410.44,1,-0.22061039804457894,-0.3802961227180802,0.9972527472527473,2
2020-04-01,6642.92,1,-0.1905283585439831,-0.3578220402228848,0.9368131868131868,2
2020-04-02,6794.09,1,-0.17033433807151743,-0.3432082796809083,0.8873626373626373,2
2020-04-03,6734.1,1,-0.17589026026893528,-0.34900757514239644,0.8626373626373627,2
2020-04-04,6856.99,1,-0.1591373820994877,-0.3371276715040854,0.8598901098901099,2
2020-04-05,6772.78,1,-0.16773698208899035,-0.3452683394622771,0.8543956043956044,2
2020-04-06,7329.9,1,-0.09766034106651644,-0.29141097177592434,0.8571428571428571,2
2020-04-07,7197.32,1,-0.1123580765663369,-0.3042276177549893,0.8571428571428571,2
2020-04-08,7361.28,1,-0.09066496859760387,-0.2883774346600467,0.7307692307692307,2
2020-04-09,7283.54,1,-0.09873993187533392,-0.29589264101404056,0.7362637362637363,2
2020-04-10,6858.92,1,-0.14978644906548766,-0.3369410964042242,0.7857142857142857,2
2020-04-11,6876.83,1,-0.14671157628329623,-0.3352097181459269,0.7252747252747253,2
2020-04-12,6903.79,1,-0.14255441604117858,-0.3326034670100422,0.6703296703296703,2
2020-04-13,6837.91,1,-0.15008968610813012,-0.33897215487473376,0.6538461538461539,2
2020-04-14,6868.7,1,-0.14556748250788976,-0.33599565367021267,0.6538461538461539,2
2020-04-15,6621.24,1,-0.17554132323249305,-0.3599178682876467,0.6703296703296703,2
2020-04-16,7101.94,1,-0.11516700784480483,-0.3134481011875071,0.6813186813186813,2
2020-04-17,7027.55,1,-0.12374651677691151,-0.3206394595702393,0.6813186813186813,2
2020-04-18,7248.6,1,-0.09559559885221758,-0.2992703270187812,0.6401098901098901,2
2020-04-19,7120.74,1,-0.11086126245241601,-0.31163068570699404,0.5576923076923077,2
2020-04-20,6826.83,1,-0.14681643879087225,-0.34004326995580203,0.5989010989010989,2
2020-04-21,6841.37,1,-0.14430645605311332,-0.33863767308949033,0.5769230769230769,2
2020-04-22,7125.14,1,-0.10825527565368531,-0.3112053331477249,0.5961538461538461,2
2020-04-23,7482.39,1,-0.06332579662026072,-0.27666960546616703,0.6236263736263736,2
2020-04-24,7505.0,1,-0.0600923476488594,-0.2744838733377416,0.6153846153846154,2
2020-04-25,7538.67,1,-0.055503163344691964,-0.27122895954897164,0.6071428571428571,2
2020-04-26,7693.1,1,-0.03563094877162187,-0.25630005142899126,0.4478021978021978,2
2020-04-27,7774.62,1,-0.024933224571180523,-0.2484194285581709,0.42032967032967034,2
2020-04-28,7738.98,1,-0.0290867675557146,-0.2518647842882499,0.4010989010989011,2
2020-04-29,8778.57,0,0.10100715357969126,-0.15136654176768793,0.6978021978021978,2
2020-04-30,8620.0,0,0.08088548195122502,-0.166695667977526,0.6840659340659341,2
2020-05-01,8826.96,0,0.10650463079990091,-0.14668863032609092,0.6840659340659341,2
2020-05-02,8972.05,0,0.1241197581802842,-0.13266262968419518,0.6785714285714286,2
2020-05-03,8894.16,0,0.11373119710826796,-0.14019233669361864,0.6758241758241759,2
2020-05-04,8871.96,0,0.11039416604885677,-0.14233843369720323,0.6840659340659341,2
2020-05-05,9021.83,0,0.12839258335678871,-0.12785034550228347,0.6428571428571429,0
2020-05-06,9142.92,0,0.14268386318236304,-0.11614444972912785,0.5796703296703297,0
2020-05-07,9986.4,0,0.24672859211428433,-0.0346043641172582,0.6593406593406593,0
2020-05-08,9800.01,0,0.2222363832436003,-0.05262287855411063,0.6868131868131868,0
2020-05-09,9539.4,0,0.18860747508430475,-0.0778163172975419,0.6895604395604396,0
2020-05-10,8722.77,0,0.08600564156397983,-0.1567607855875086,0.7087912087912088,0
2020-05-11,8561.52,0,0.06516768112511118,-0.1723489901743559,0.7115384615384616,0
2020-05-12,8810.79,0,0.0960739966480686,-0.14825180098140434,0.7060439560439561,0
2020-05-13,9309.37,0,0.15804084095576276,-0.10005355575405339,0.7087912087912088,0
2020-05-14,9791.98,0,0.217876702878403,-0.036669024497501645,0.7197802197802198,0
2020-05-15,9316.42,0,0.15864878614905042,-0.08345442221175015,0.7637362637362637,0
2020-05-16,9381.27,0,0.1667330586368161,-0.07707450581472552,0.760989010989011,0
2020-05-17,9680.04,0,0.20349744859595198,-0.04768163577711493,0.771978021978022,0
2020-05-18,9733.93,0,0.20975145729866074,-0.02528138268044533,0.7637362637362637,0
2020-05-19,9775.53,0,0.2145110837291846,-0.021115717375630783,0.6291208791208791,0
2020-05-20,9511.43,0,0.18153644507756406,-0.04756168389009041,0.6346153846153846,0
2020-05-21,9068.65,0,0.12662128647164872,-0.09189998397821042,0.6785714285714286,0
2020-05-22,9170.0,0,0.13937032531234417,-0.08175118160698547,0.6785714285714286,0
2020-05-23,9179.15,0,0.14059898087984624,-0.0808349355122967,0.6785714285714286,0
2020-05-24,8720.34,0,0.0840040554093422,-0.12677841864936312,0.6895604395604396,0
2020-05-25,8900.35,0,0.10659789576251533,-0.1087529039493711,0.695054945054945,0
2020-05-26,8841.18,0,0.099195083822331,-0.11467796202835856,0.6895604395604396,0
2020-05-27,9204.07,0,0.14403134462945077,-0.07833954177681646,0.6098901098901099,0
2020-05-28,9575.89,0,0.18985050827801775,-0.041106905391332216,0.6263736263736264,0
2020-05-29,9427.07,0,0.17085422067766598,-0.05600917247456538,0.6236263736263736,0
2020-05-30,9697.72,0,0.20381458619764237,-0.028907313946967883,0.4835164835164835,0
2020-05-31,9448.27,0,0.1723610552216095,-0.05388628534807327,0.49725274725274726,0
2020-06-01,10200.77,0,0.26451361459158407,0.0,0.6071428571428571,0
2020-06-02,9518.04,0,0.17911597656349,-0.06692926122243703,0.6401098901098901,0
2020-06-03,9666.24,0,0.19660426106189144,-0.05240094620308078,0.6098901098901099,0
2020-06-04,9789.06,0,0.21084410190772096,-0.04036067865465065,0.5659340659340659,0
2020-06-05,9621.16,0,0.18902143025640816,-0.05682022043433976,0.5714285714285714,0
2020-06-06,9666.3,0,0.19346972304126497,-0.05239506429416618,0.554945054945055,0
2020-06-07,9746.99,0,0.20220846427165262,-0.044484877122021205,0.554945054945055,0
2020-06-08,9782.01,0,0.2049270725779173,-0.04105180295213007,0.5521978021978022,0
2020-06-09,9772.43,0,0.20189333654922814,-0.04199094774218026,0.5274725274725275,0
2020-06-10,9885.0,0,0.2138172408243244,-0.030955506300014646,0.43956043956043955,0
2020-06-11,9280.4,0,0.13791531398420354,-0.090225541797335,0.5714285714285714,0
2020-06-12,9465.13,0,0.15889236878325974,-0.07211612456706706,0.5741758241758241,0
2020-06-13,9473.34,0,0.15825452307344712,-0.07131128336390291,0.5164835164835165,0
2020-06-14,9342.1,0,0.1409296320190816,-0.08417697879669872,0.5164835164835165,0
2020-06-15,9426.02,0,0.14976981994924587,-0.07595014886131146,0.5082417582417582,0
2020-06-16,9525.59,0,0.1606510043438436,-0.06618912101733498,0.44505494505494503,0
2020-06-17,9465.14,0,0.15193571901878644,-0.07211514424891463,0.3708791208791209,0
2020-06-18,9386.32,0,0.14095768377684226,-0.07984201192655072,0.3598901098901099,0
2020-06-19,9310.23,0,0.13032360845015623,-0.08730125274856715,0.3076923076923077,0
2020-06-20,9358.95,0,0.13481516767450508,-0.08252514270981504,0.27197802197802196,0
2020-06-21,9294.69,0,0.1255900280562825,-0.08882466715747928,0.09340659340659341,0
2020-06-22,9685.69,0,0.17131137348484504,-0.05049422739655929,0.027472527472527472,0
2020-06-23,9624.89,0,0.16248440358376115,-0.05645456176347485,0.024725274725274724,0
2020-06-24,9296.49,0,0.12159579129367959,-0.08864820989003774,0.04120879120879121,0
2020-06-25,9249.49,0,0.11475570622634357,-0.09325570520656778,0.04120879120879121,0
2020-06-26,9162.21,0,0.10302454992013721,-0.10181192204117939,0.04395604395604396,0
2020-06-27,9012.0,0,0.08377464349397257,-0.1165372810091787,0.046703296703296704,0
2020-06-28,9116.35,0,0.09506842209149169,-0.10630766108832956,0.0521978021978022,0
2020-06-29,9192.56,0,0.1029017073538856,-0.09883665644848383,0.054945054945054944,0
2020-06-30,9138.55,0,0.09518652844410114,-0.10413135478988367,0.04945054945054945,0
2020-07-01,9232.0,0,0.1049504088274622,-0.09497028165520838,0.005494505494505495,0
2020-07-02,9086.54,0,0.08626145795920981,-0.10922998950079255,0.005494505494505495,0
2020-07-03,9058.26,0,0.08148016525540736,-0.11200232923593023,0.005494505494505495,0
2020-07-04,9135.46,0,0.08906431524863301,-0.10443427309899167,0.005494505494505495,0
2020-07-05,9069.41,0,0.08003693776081144,-0.11090927449594501,0.005494505494505495,0
2020-07-06,9344.2,0,0.11130877992509336,-0.08397111198468343,0.019230769230769232,0
2020-07-07,9257.39,0,0.09963115800542877,-0.09248125386612982,0.02197802197802198,0
2020-07-08,9436.06,0,0.11932310563686999,-0.07496590943624848,0.024725274725274724,0
2020-07-09,9232.43,0,0.09404491462590014,-0.09492812797465289,0.027472527472527472,0
2020-07-10,9288.34,0,0.099386213886683,-0.08944716918428708,0.03021978021978022,0
2020-07-11,9234.03,0,0.0916798870161093,-0.09477127707026034,0.027472527472527472,0
2020-07-12,9302.75,0,0.0984418827273208,-0.08803453072660206,0.005494505494505495,0
2020-07-13,9242.62,0,0.09002869088092269,-0.09392918377730308,0.008241758241758242,0
2020-07-14,9255.85,0,0.09030240921452393,-0.09263222286160755,0.0,0
2020-07-15,9197.6,0,0.08224151236685606,-0.09834257609964736,0.0027472527472527475,0
2020-07-16,9133.72,0,0.07362251193300007,-0.1046048484575185,0.0,0
2020-07-17,9154.32,0,0.0748384345289439,-0.10258539306346492,0.0,0
2020-07-18,9170.28,0,0.07546536381319413,-0.10102080529214952,0.0,0
2020-07-19,9208.99,0,0.07873490696355234,-0.0972259937240032,0.0,0
2020-07-20,9160.78,0,0.07170978146194362,-0.10195210753698003,0.0,0
2020-07-21,9390.0,0,0.09721345699470385,-0.07948125484644786,0.019230769230769232,0
2020-07-22,9518.16,0,0.1107844374177378,-0.06691749740460773,0.01098901098901099,0
2020-07-23,9603.27,0,0.11925103220703193,-0.05857400960907855,0.013736263736263736,0
2020-07-24,9537.8,0,0.11046882851080575,-0.06499215255318969,0.016483516483516484,0
2020-07-25,9700.42,0,0.12838084615267764,-0.049050218757995756,0.03021978021978022,0
2020-07-26,9931.54,0,0.15400654026200655,-0.026393105618497392,0.01098901098901099,0
2020-07-27,11029.96,0,0.27925132420389165,0.0,0.27197802197802196,0
2020-07-28,10906.27,0,0.2629216331770958,-0.011214002589311156,0.2802197802197802,0
2020-07-29,11100.53,0,0.28312793622511334,0.0,0.25824175824175827,0
2020-07-30,11099.61,0,0.28086393361318995,-8.287892560088217e-05,0.260989010989011,0
2020-07-31,11335.46,0,0.3056507445938632,0.0,0.2554945054945055,0
2020-08-01,11801.17,0,0.35695499500115146,0.0,0.28846153846153844,0
2020-08-02,11071.35,0,0.27139219704979967,-0.06184302064964742,0.5357142857142857,0
2020-08-03,11219.81,0,0.28659408754136706,-0.049262912067193354,0.532967032967033,0
2020-08-04,11191.97,0,0.2817270452443703,-0.051622000191506534,0.5302197802197802,0
2020-08-05,11744.91,0,0.34287554814353194,-0.004767323917882704,0.5824175824175825,0
2020-08-06,11762.46,0,0.3425330114438987,-0.0032801832360690453,0.5824175824175825,0
2020-08-07,11594.23,0,0.32110619904992777,-0.017535549441284215,0.6071428571428571,0
2020-08-08,11761.41,0,0.33784958135446885,-0.0033691574648954115,0.6016483516483516,0
2020-08-09,11681.68,0,0.3265175278849979,-0.010125267240451596,0.6071428571428571,0
2020-08-10,11892.92,0,0.34783539782955897,0.0,0.5961538461538461,0
2020-08-11,11392.08,0,0.2889179024121762,-0.04211245009635989,0.6758241758241759,0
2020-08-12,11564.33,0,0.3060247407716792,-0.027629043161813915,0.6758241758241759,0
2020-08-13,11780.0,0,0.3280081409379192,-0.009494724592446602,0.6703296703296703,0
2020-08-14,11760.54,0,0.3236856686225851,-0.01113099222058156,0.6758241758241759,0
2020-08-15,11852.4,0,0.3321669061355932,-0.0034070690797550762,0.6703296703296703,0
2020-08-16,11911.0,0,0.33679296084848653,0.0,0.25,0
2020-08-17,12281.13,0,0.37619575000154337,0.0,0.25274725274725274,0
2020-08-18,11945.01,0,0.3365897234362638,-0.02736881703882288,0.27472527472527475,0
2020-08-19,11754.59,0,0.31354094627058027,-0.04287390492568677,0.29120879120879123,0
2020-08-20,11853.55,0,0.32273549943306756,-0.034816014487266234,0.2774725274725275,0
2020-08-21,11531.34,0,0.2851745703426767,-0.0610521995940112,0.2554945054945055,0
2020-08-22,11662.96,0,0.29805996409849644,-0.05033494474856959,0.13736263736263737,0
2020-08-23,11648.13,0,0.29494217274474743,-0.0515424883540847,0.13736263736263737,0
2020-08-24,11748.2,0,0.30463399873069097,-0.04339421535314736,0.1401098901098901,0
2020-08-25,11318.42,0,0.25585782175383054,-0.07838936645080696,0.1043956043956044,0
2020-08-26,11461.43,0,0.2706216056546915,-0.06674467251791971,0.11263736263736264,0
2020-08-27,11330.38,0,0.25527322401511054,-0.07741551469612329,0.10989010989010989,0
2020-08-28,11526.91,0,0.2758625752565702,-0.06141291558675788,0.11813186813186813,0
2020-08-29,11465.84,0,0.26823074646691003,-0.06638558503981307,0.11813186813186813,0
2020-08-30,11711.16,0,0.29437422920313394,-0.046410224466315375,0.12362637362637363,0
2020-08-31,11649.51,0,0.28655086688047704,-0.05143012084392873,0.07692307692307693,0
2020-09-01,11921.97,0,0.31549487487004857,-0.0292448659040333,0.07967032967032966,0
2020-09-02,11388.54,0,0.25560721441135903,-0.07267979412317904,0.14285714285714285,0
2020-09-03,10140.85,0,0.11790934345384962,-0.1742738656784839,0.5934065934065934,0
2020-09-04,10446.25,0,0.15110642498322502,-0.149406447126608,0.6318681318681318,0
2020-09-05,10166.69,0,0.12029957285444492,-0.17216982476368203,0.6456043956043956,0
2020-09-06,10256.2,0,0.1297506418199077,-0.16488140749263291,0.5879120879120879,0
2020-09-07,10373.44,0,0.14217617293203322,-0.15533505467330766,0.5851648351648352,0
2020-09-08,10126.65,0,0.11472724135287637,-0.175430111072841,0.5961538461538461,0
2020-09-09,10219.2,0,0.12456323887153986,-0.16789415957652098,0.5961538461538461,1
2020-09-10,10336.87,0,0.13726154263332435,-0.158312793692437,0.5824175824175825,1
2020-09-11,10387.89,0,0.1424148899455311,-0.15415845284595142,0.5741758241758241,1
2020-09-12,10440.92,0,0.1475369665720887,-0.14984044627815185,0.5741758241758241,1
2020-09-13,10332.83,0,0.13469204499759968,-0.1586417536497048,0.5659340659340659,1
2020-09-14,10671.77,0,0.1707242143408132,-0.13104331604665032,0.5824175824175825,1
2020-09-15,10785.31,0,0.1818234898347555,-0.12179823843571391,0.5796703296703297,1
2020-09-16,10954.01,0,0.19871297039462354,-0.10806171744782433,0.5989010989010989,1
2020-09-17,10939.99,0,0.19560339726972242,-0.10920330621042196,0.5631868131868132,1
2020-09-18,10933.39,0,0.19356584519577424,-0.10974071604160207,0.5604395604395604,0
2020-09-19,11080.65,0,0.20811152417633583,-0.09774996274772763,0.5357142857142857,0
2020-09-20,10920.28,0,0.18922013095940016,-0.11080820738808228,0.5494505494505495,0
2020-09-21,10417.22,0,0.1335958021386605,-0.15177023612648022,0.6153846153846154,0
2020-09-22,10529.61,0,0.14495527693957344,-0.14261879810734013,0.5137362637362637,0
2020-09-23,10241.46,0,0.11280311908583318,-0.16608162278226846,0.09615384615384616,0
2020-09-24,10736.32,0,0.1648623664345974,-0.1257872850462457,0.16483516483516483,0
2020-09-25,10686.67,0,0.15774403440071727,-0.12983007263989543,0.1346153846153846,0
2020-09-26,10728.6,0,0.1605050051875827,-0.1264158916972623,0.13186813186813187,0
2020-09-27,10774.25,0,0.16365572334551093,-0.12269880703160041,0.12912087912087913,0
2020-09-28,10696.12,0,0.1515508729814503,-0.12906059947252402,0.09340659340659341,0
2020-09-29,10840.48,0,0.1637963225245902,-0.11730598080144083,0.0989010989010989,0
2020-09-30,10776.59,0,0.1534672063390301,-0.1225082708187275,0.0989010989010989,0
2020-10-01,10619.13,0,0.13342426766348292,-0.13532956657897122,0.12087912087912088,0
2020-10-02,10570.4,0,0.12489645384757497,-0.13929744249918363,0.12362637362637363,0
2020-10-03,10542.06,1,0.11876748734158715,-0.14160504774397797,0.11538461538461539,0
2020-10-04,10666.63,0,0.12882860137957097,-0.1314618443091149,0.08241758241758242,0
2020-10-05,10792.21,0,0.139327323811834,-0.12123640088493481,0.08516483516483517,0
2020-10-06,10599.66,0,0.11641216173107582,-0.1369149255809522,0.09065934065934066,0
2020-10-07,10666.39,0,0.12079658592581888,-0.13148138648479413,0.09340659340659341,0
2020-10-08,10925.57,0,0.14495702296607393,-0.11037746526581838,0.10989010989010989,0
2020-10-09,11050.64,0,0.15528935559689883,-0.1001935489649568,0.10164835164835165,0
2020-10-10,11293.22,0,0.17784941350411043,-0.08044129489713081,0.12912087912087913,0
2020-10-11,11369.02,0,0.18286114724448987,-0.07426922441176009,0.057692307692307696,0
2020-10-12,11528.25,0,0.19644595383036156,-0.06130380510588185,0.06318681318681318,0
2020-10-13,11420.56,0,0.1821645375378098,-0.0700725421846361,0.04395604395604396,0
2020-10-14,11417.89,0,0.17872728374339886,-0.07028994888906803,0.0,0
2020-10-15,11505.12,0,0.18429469300900392,-0.06318718228697184,0.0,0
2020-10-16,11319.32,0,0.16222314979772468,-0.07831608329200979,0.019230769230769232,0
2020-10-17,11360.2,0,0.16346405779192952,-0.07498739936797338,0.019230769230769232,0
2020-10-18,11503.14,0,0.17517856918831476,-0.06334840523632601,0.019230769230769232,0
2020-10-19,11751.47,0,0.19751591470257246,-0.043127953209517345,0.03571428571428571,0
2020-10-20,11909.99,0,0.2104773785802636,-0.030220346173357004,0.03296703296703297,0
2020-10-21,12780.96,0,0.29510001565554944,0.0,0.12087912087912088,0
2020-10-22,12968.52,0,0.30999336877803496,0.0,0.10989010989010989,0
2020-10-23,12923.07,0,0.30172503923650273,-0.003504640467840603,0.11263736263736264,0
2020-10-24,13111.73,0,0.3168060857458468,0.0,0.11538461538461539,0
2020-10-25,13028.83,0,0.30476716860132624,-0.006322582908586449,0.1346153846153846,0
2020-10-26,13052.19,0,0.3033418488687485,-0.004540972091402029,0.10164835164835165,0
2020-10-27,13636.17,0,0.3570638945157314,0.0,0.14560439560439561,0
2020-10-28,13266.4,0,0.31608020672768533,-0.027116851725961233,0.24725274725274726,0
2020-10-29,13455.7,0,0.33053544838405347,-0.013234654598761941,0.25,0
2020-10-30,13560.1,0,0.3364171621820542,-0.0055785458820181155,0.24175824175824176,0
2020-10-31,13791.0,0,0.35455296721992635,0.0,0.2445054945054945,0
2020-11-01,13761.5,0,0.3469323436025731,-0.002139076209121904,0.25824175824175827,0
2020-11-02,13549.37,0,0.32199846306386304,-0.017520846929156675,0.2692307692307692,0
2020-11-03,14023.53,0,0.3636078488471717,0.0,0.28846153846153844,0
2020-11-04,14144.01,0,0.37072768328452166,0.0,0.28846153846153844,0
2020-11-05,15590.02,0,0.5046886820966068,0.0,0.4725274725274725,0
2020-11-06,15579.92,0,0.4973887899469376,-0.0006478503555480408,0.48626373626373626,0
2020-11-07,14818.3,0,0.41875083404258273,-0.04950089865182994,0.7115384615384616,0
2020-11-08,15475.1,0,0.4757360427932651,-0.007371382461343834,0.7362637362637363,0
2020-11-09,15328.41,0,0.45629929266201263,-0.01678060708068374,0.7445054945054945,0
2020-11-10,15297.21,0,0.4479753283990553,-0.018781887386930984,0.5686813186813187,0
2020-11-11,15684.24,0,0.4789087027730736,0.0,0.5851648351648352,0
2020-11-12,16291.86,0,0.5300001881995287,0.0,0.6318681318681318,0
2020-11-13,16320.7,0,0.5265825932375519,0.0,0.6401098901098901,0
2020-11-14,16070.45,0,0.4973406944342169,-0.015333288400620093,0.6730769230769231,0
2020-11-15,15957.0,0,0.4818146738766602,-0.02228458338184025,0.6785714285714286,0
2020-11-16,16713.57,0,0.5462612272945959,0.0,0.6840659340659341,0
2020-11-17,17659.38,0,0.6271152820922892,0.0,0.7060439560439561,0
2020-11-18,17776.12,0,0.6312552264556246,0.0,0.7060439560439561,0
2020-11-19,17802.82,0,0.6270546639505004,0.0,0.717032967032967,0
2020-11-20,18655.67,0,0.6974104456506849,0.0,0.7445054945054945,0
2020-11-21,18703.8,0,0.6943267285136958,0.0,0.7417582417582418,0
2020-11-22,18414.43,0,0.6611376913647118,-0.015471187673093079,0.7417582417582418,0
2020-11-23,18368.0,0,0.6507088780462562,-0.01795357093211003,0.7335164835164835,0
2020-11-24,19160.01,0,0.7146741391697087,0.0,0.7527472527472527,0
2020-11-25,18719.11,0,0.6683640463573424,-0.023011470244535204,0.3983516483516483,0
2020-11-26,17149.47,0,0.5227496910964613,-0.10493418322850545,0.7884615384615384,0
2020-11-27,17139.52,0,0.5160924317562607,-0.10545349402218462,0.7115384615384616,0
2020-11-28,17719.85,0,0.5612741867384317,-0.07516488770099805,0.6538461538461539,0
2020-11-29,18184.99,0,0.59601651611634,-0.050888282417388964,0.6538461538461539,0
2020-11-30,19695.87,0,0.7211395506335905,0.0,0.804945054945055,0
2020-12-01,18764.96,0,0.6330494404487541,-0.047264223413334916,0.8324175824175825,0
2020-12-02,19204.09,0,0.6641524324594736,-0.024968686328656675,0.8186813186813187,0
2020-12-03,19421.9,0,0.6759528772469559,-0.013910022761116747,0.8159340659340659,0
2020-12-04,18650.52,0,0.6032211933296237,-0.05307457857916398,0.8434065934065934,1
2020-12-05,19147.66,0,0.6393523116333262,-0.02783375397989518,0.8434065934065934,1
2020-12-06,19359.4,0,0.6505225468239668,-0.017083276849410467,0.8186813186813187,1
2020-12-07,19166.9,0,0.6271063425741763,-0.02685689944135483,0.7939560439560439,1
2020-12-08,18324.11,0,0.5495398767727442,-0.06964708845052281,0.8159340659340659,1
2020-12-09,18541.28,0,0.5617224105310332,-0.05862091900484723,0.8214285714285714,1
2020-12-10,18254.63,0,0.5314288197507397,-0.073174731555397,0.7884615384615384,1
2020-12-11,18036.53,0,0.5073552151432699,-0.08424811902190665,0.7884615384615384,1
2020-12-12,18808.69,0,0.5653666251385618,-0.045043960992837584,0.804945054945055,1
2020-12-13,19174.99,0,0.5892580784527073,-0.026446153432166053,0.8214285714285714,1
2020-12-14,19273.14,0,0.5909992937592805,-0.021462875211909926,0.7857142857142857,1
2020-12-15,19426.43,0,0.5970619380364042,-0.013680025304797283,0.7747252747252747,1
2020-12-16,21335.52,0,0.7456588951434076,0.0,0.7747252747252747,1
2020-12-17,22797.16,0,0.8551185828647041,0.0,0.8296703296703297,1
2020-12-18,23107.39,0,0.8705406249986214,0.0,0.8241758241758241,1
2020-12-19,23821.61,0,0.9172569593353701,0.0,0.8269230769230769,1
2020-12-20,23455.52,0,0.8773748956271132,-0.015367978906547508,0.7362637362637363,1
2020-12-21,22719.71,0,0.8091189301976272,-0.0462563193671629,0.6923076923076923,1
2020-12-22,23810.79,0,0.8853479930891026,-0.0004542094342070424,0.7307692307692307,1
2020-12-23,23232.76,0,0.8297517670719028,-0.024719152064029304,0.75,1
2020-12-24,23729.2,0,0.8586165247709752,-0.003879250814701418,0.6840659340659341,0
2020-12-25,24712.47,0,0.9243799787162734,0.0,0.7142857142857143,0
2020-12-26,26493.39,0,1.0497172318872985,0.0,0.7774725274725275,0
2020-12-27,26281.66,0,1.0205205109452153,-0.007991804748278653,0.7692307692307693,0
2020-12-28,27079.41,0,1.0677041091574249,0.0,0.6758241758241759,0
2020-12-29,27385.0,0,1.076829345855748,0.0,0.6758241758241759,0
2020-12-30,28875.54,0,1.1738757204527004,0.0,0.6675824175824175,0
2020-12-31,28923.63,0,1.161563450056338,0.0,0.6401098901098901,0
2021-01-01,29331.69,0,1.175874819023063,0.0,0.6373626373626373,0
2021-01-02,32178.33,0,1.3671543771476418,0.0,0.7692307692307693,0
2021-01-03,33000.05,0,1.406768721917382,0.0,0.7554945054945055,0
2021-01-04,31988.71,0,1.31393741685444,-0.03064662023239373,0.8296703296703297,0
2021-01-05,33949.53,0,1.434083959414504,0.0,0.728021978021978,0
2021-01-06,36769.36,0,1.6106052540520253,0.0,0.7582417582417582,0
2021-01-07,39432.28,0,1.770035219105318,0.0,0.8131868131868132,0
2021-01-08,40582.81,0,1.820251359215085,0.0,0.8104395604395604,0
2021-01-09,40088.22,0,1.756700623748917,-0.012187179744330034,0.7884615384615384,0
2021-01-10,38150.02,0,1.5976481913342626,-0.05994631717222143,0.8598901098901099,0
2021-01-11,35404.47,0,1.3894260674979813,-0.12759934563427222,0.9010989010989011,0
2021-01-12,34051.24,0,1.2789570622043138,-0.16094425201212037,0.9038461538461539,0
2021-01-13,37371.38,0,1.47765190123756,-0.07913276581882822,0.9258241758241759,0
2021-01-14,39144.5,0,1.5696282051035881,-0.035441360516928144,0.9258241758241759,1
2021-01-15,36742.22,0,1.3903169958565016,-0.09463588154689129,0.9258241758241759,1
2021-01-16,35994.98,0,1.321424476122664,-0.11304860358363544,0.9258241758241759,1
2021-01-17,35828.61,0,1.2910456748033114,-0.11714812256716567,0.9258241758241759,1
2021-01-18,36631.27,0,1.3219229997794342,-0.09736979770498888,0.9258241758241759,1
2021-01-19,35891.49,0,1.255846629362479,-0.11559869806945355,0.9175824175824175,1
2021-01-20,35468.23,0,1.2109476618884525,-0.12602823707870392,0.9230769230769231,1
2021-01-21,30850.13,0,0.9101067906177314,-0.239822722970637,0.9423076923076923,1
2021-01-22,32945.17,0,1.0250270601257854,-0.18819889504940635,0.9368131868131868,1
2021-01-23,32078.0,0,0.9579926526017466,-0.20956680919827875,0.9395604395604396,1
2021-01-24,32259.9,0,0.9554743771870573,-0.2050846158755394,0.9313186813186813,1
2021-01-25,32254.2,0,0.9415815422366205,-0.20522506943210683,0.9285714285714286,1
2021-01-26,32467.77,0,0.9408968453603217,-0.19996249643629893,0.9148351648351648,1
2021-01-27,30366.15,0,0.8038699216494876,-0.2517484619719531,0.8956043956043956,1
2021-01-28,33364.86,0,0.9679404841339698,-0.17785732432032175,0.9258241758241759,1
2021-01-29,34252.2,0,1.0054862304796859,-0.15599240170899953,0.9285714285714286,1
2021-01-30,34262.88,0,0.9915317839890674,-0.1557292360977468,0.9203296703296703,1
2021-01-31,33092.98,0,0.9102652514551735,-0.18455671255883943,0.9093406593406593,1
2021-02-01,33526.37,0,0.9217527558234262,-0.17387756047449632,0.9038461538461539,1
2021-02-02,35466.24,0,1.0177314589812454,-0.12607727261862844,0.8763736263736264,1
2021-02-03,37618.87,0,1.1230176707589976,-0.07303437095656995,0.8791208791208791,1
2021-02-04,36936.66,0,1.068334470082212,-0.08984469039970355,0.8708791208791209,1
2021-02-05,38290.24,0,1.126785013873575,-0.05649115968066287,0.8708791208791209,1
2021-02-06,39186.94,0,1.1587272840147893,-0.03439559754487176,0.8708791208791209,1
2021-02-07,38795.69,0,1.1200774209322049,-0.04403637894960932,0.8681318681318682,1
2021-02-08,46374.87,0,1.5090494430746757,0.0,0.9423076923076923,1
2021-02-09,46420.42,0,1.486702982344151,0.0,0.9395604395604396,1
2021-02-10,44807.58,0,1.377943961809378,-0.03474419231881132,0.9203296703296703,1
2021-02-11,47969.51,0,1.5203094979033263,0.0,0.9203296703296703,1
2021-02-12,47287.6,0,1.461041022340535,-0.014215488129855847,0.9120879120879121,1
2021-02-13,47153.69,0,1.4311404922167945,-0.01700705302180494,0.9148351648351648,1
2021-02-14,48577.79,0,1.4805983350787035,0.0,0.9065934065934066,1
2021-02-15,47911.1,0,1.4237736269059673,-0.013724173125208128,0.9175824175824175,1
2021-02-16,49133.45,0,1.462071669291276,0.0,0.8791208791208791,1
2021-02-17,52119.71,0,1.585593704593963,0.0,0.8489010989010989,1
2021-02-18,51552.6,0,1.5320356094600958,-0.01088091242257494,0.8626373626373627,1
2021-02-19,55906.0,0,1.7160495908408002,0.0,0.8791208791208791,1
2021-02-20,55841.19,0,1.6837929765543551,-0.0011592673416090937,0.8626373626373627,1
2021-02-21,57408.57,0,1.7291751870835932,0.0,0.8543956043956044,1
2021-02-22,54087.67,0,1.5456900688338306,-0.05784676399359889,0.8873626373626373,1
2021-02-23,48891.0,0,1.2810824480153564,-0.1483675695109633,0.9340659340659341,1
2021-02-24,49676.2,0,1.2973969805251202,-0.1346901690810275,0.9313186813186813,1
2021-02-25,47073.73,0,1.1593672392922563,-0.18002259941329313,0.9368131868131868,1
2021-02-26,46276.87,0,1.1062034919338104,-0.19390310540743305,0.9368131868131868,1
2021-02-27,46106.43,0,1.081998892120136,-0.1968720001212363,0.9340659340659341,1
2021-02-28,45135.66,0,1.0228298069444128,-0.2137818447663824,0.7582417582417582,1
2021-03-01,49587.03,0,1.2036561600848241,-0.13624342149612856,0.7994505494505495,1
2021-03-02,48440.65,0,1.135307328821698,-0.1562122170958099,0.7939560439560439,1
2021-03-03,50349.37,0,1.200772077658451,-0.122964219453646,0.7802197802197802,1
2021-03-04,48374.09,0,1.0977158218119696,-0.15737162587397668,0.7802197802197802,1
2021-03-05,48751.71,0,1.0975048067423203,-0.1507938623101046,0.7802197802197802,1
2021-03-06,48882.2,0,1.0865394568185307,-0.14852085672923054,0.7747252747252747,1
2021-03-07,50971.75,0,1.1576724414721231,-0.1121229809416956,0.7802197802197802,1
2021-03-08,52375.17,0,1.1982270528489067,-0.08767680504844488,0.7802197802197802,1
2021-03-09,54884.5,0,1.282777283379489,-0.04396678056952119,0.7692307692307693,1
2021-03-10,55851.59,0,1.301847910872843,-0.02712103785201414,0.7664835164835165,0
2021-03-11,57773.16,0,1.358624326709958,0.0,0.7307692307692307,0
2021-03-12,57221.72,0,1.3146261215039239,-0.009544916705265916,0.7335164835164835,0
2021-03-13,61188.39,0,1.4503635057132191,0.0,0.7582417582417582,0
2021-03-14,58968.31,0,1.3392063428939611,-0.03628270003508838,0.7417582417582418,0
2021-03-15,55605.2,0,1.1865936389618574,-0.09124590465609572,0.717032967032967,0
2021-03-16,56900.75,0,1.2177540069901904,-0.07007277034090942,0.7197802197802198,0
2021-03-17,58912.97,0,1.2751449246100224,-0.03718711997488411,0.6648351648351648,0
2021-03-18,57648.16,0,1.2067255719917158,-0.057857871403382166,0.6703296703296703,0
2021-03-19,58030.01,0,1.2017970390479076,-0.05161730844691281,0.6703296703296703,0
2021-03-20,58102.28,0,1.1853930039062273,-0.05043620203113697,0.6318681318681318,0
2021-03-21,57351.56,0,1.138669609018125,-0.06270519619816772,0.43956043956043955,0
2021-03-22,54083.25,0,1.0004029711655686,-0.11611908729744314,0.5439560439560439,0
2021-03-23,54340.89,0,0.9937476598430737,-0.11190848459977454,0.510989010989011,0
2021-03-24,52303.65,0,0.9042820550113717,-0.1452030360661557,0.5,0
2021-03-25,51293.78,0,0.8536666403640554,-0.16170731081500922,0.532967032967033,0
2021-03-26,55025.59,0,0.9726121380558801,-0.10071845328827911,0.6291208791208791,0
2021-03-27,55817.14,0,0.9847338553318083,-0.08778217567090751,0.6181318681318682,0
2021-03-28,55777.63,0,0.967393504310162,-0.08842788640132548,0.5934065934065934,0
2021-03-29,57635.47,0,1.0161058486431904,-0.05806526368809506,0.5686813186813187,0
2021-03-30,58746.57,0,1.0377372646754073,-0.03990659012273401,0.5714285714285714,0
2021-03-31,58740.55,0,1.020602216792462,-0.040004974799957904,0.5521978021978022,0
2021-04-01,58720.44,0,1.0032387645411567,-0.040333631919388546,0.5467032967032966,0
2021-04-02,58950.01,0,0.9946445646597026,-0.03658177637947324,0.3324175824175824,0
2021-04-03,57051.94,0,0.9154281900039347,-0.06760187676126139,0.3269230769230769,0
2021-04-04,58202.01,0,0.9386636789093845,-0.04880631766908716,0.2857142857142857,0
2021-04-05,59129.99,0,0.9538923104388244,-0.03364036870393228,0.2857142857142857,0
2021-04-06,57991.15,0,0.9014766977192628,-0.05225239624706579,0.28296703296703296,0
2021-04-07,55953.45,0,0.8212639068198453,-0.08555446547948076,0.28846153846153844,0
2021-04-08,58077.52,0,0.8760037274633166,-0.050840853959386756,0.30494505494505497,0
2021-04-09,58142.54,0,0.8637381991883935,-0.049778234073490024,0.30494505494505497,0
2021-04-10,59769.13,0,0.9008766645117567,-0.023194923089167818,0.3131868131868132,0
2021-04-11,60002.43,0,0.8933148398884458,-0.019382108272500753,0.2774725274725275,0
2021-04-12,59860.0,0,0.8742943851896803,-0.021709837438115276,0.2857142857142857,0
2021-04-13,63575.0,0,0.9742688931376584,0.0,0.28846153846153844,0
2021-04-14,62959.53,0,0.9394273413897887,-0.009681006685017701,0.28846153846153844,0
2021-04-15,63159.98,0,0.93002954950737,-0.006528037750688109,0.25,0
2021-04-16,61334.8,0,0.859866234866997,-0.03523712151002745,0.25274725274725274,0
2021-04-17,60006.66,0,0.806129241022461,-0.05612803775068809,0.25824175824175827,0
2021-04-18,56150.01,0,0.6785865422536212,-0.11679103421156112,0.30494505494505497,0
2021-04-19,55633.14,0,0.6520194367898835,-0.12492111679119156,0.30494505494505497,0
2021-04-20,56425.0,0,0.6642033384957162,-0.11246559182068427,0.3076923076923077,0
2021-04-21,53787.63,0,0.5763633781141562,-0.1539499803381833,0.34065934065934067,0
2021-04-22,51690.96,0,0.505863356380388,-0.18692945340149436,0.3543956043956044,0
2021-04-23,51125.14,0,0.4806810047013903,-0.19582949272512784,0.34615384615384615,0
2021-04-24,50047.84,1,0.4412472712635169,-0.21277483287455767,0.33791208791208793,0
2021-04-25,49066.77,1,0.40522530669736656,-0.22820652772316163,0.3324175824175824,1
2021-04-26,54001.39,0,0.5370670822880159,-0.15058765237907978,0.6868131868131868,1
2021-04-27,55011.97,0,0.5560960448675474,-0.13469178136059767,0.6730769230769231,1
2021-04-28,54846.22,0,0.5419096876902232,-0.13729893826189543,0.6291208791208791,1
2021-04-29,53555.0,0,0.4967336558267317,-0.1576091230829728,0.6456043956043956,1
2021-04-30,57694.27,0,0.6020810528398437,-0.09250066850176963,0.7884615384615384,1
2021-05-01,57800.37,0,0.594757875697222,-0.09083177349587102,0.7857142857142857,1
2021-05-02,56578.21,0,0.5513723965431105,-0.11005568226504125,0.7884615384615384,1
2021-05-03,57169.39,0,0.5578296395979623,-0.10075674400314594,0.6840659340659341,1
2021-05-04,53200.01,0,0.44144152492259514,-0.16319292174596933,0.7857142857142857,1
2021-05-05,57436.11,0,0.5465638661239467,-0.0965613841918993,0.8214285714285714,1
2021-05-06,56393.68,0,0.509372390825857,-0.11295823830121898,0.8131868131868132,1
2021-05-07,57314.75,0,0.5247277475532623,-0.09847031065670464,0.8104395604395604,1
2021-05-08,58862.05,0,0.5561714268284355,-0.07413212740857256,0.7939560439560439,1
2021-05-09,58240.84,0,0.5305506612826276,-0.08390342115611493,0.7939560439560439,1
2021-05-10,55816.14,0,0.45861814139350043,-0.12204262681871803,0.7994505494505495,1
2021-05-11,56670.02,0,0.4725151646662171,-0.1086115611482501,0.7912087912087912,1
2021-05-12,49631.32,1,0.2835315327140697,-0.219326464805348,0.8901098901098901,1
2021-05-13,49670.97,1,0.2784993137878389,-0.2187027919779787,0.8873626373626373,1
2021-05-14,49841.45,1,0.27684194690705666,-0.21602123476209212,0.8818681318681318,1
2021-05-15,46762.99,1,0.19291591871686053,-0.2644437278804562,0.9148351648351648,1
2021-05-16,46431.5,1,0.17947029322699914,-0.26965788438851745,0.8269230769230769,1
2021-05-17,43538.04,1,0.10175992244921028,-0.31517042862760514,0.8434065934065934,1
2021-05-18,42849.78,1,0.08033931900150026,-0.3259963822257177,0.8434065934065934,1
2021-05-19,36690.09,1,-0.07762293308445323,-0.4228849390483681,0.9423076923076923,1
2021-05-20,40526.64,1,0.015410519259349442,-0.3625381046008651,0.9725274725274725,1
2021-05-21,37252.01,1,-0.06939991024253123,-0.4140462445930003,0.9835164835164835,1
2021-05-22,37449.73,1,-0.06719009677032217,-0.4109362170664569,0.9835164835164835,1
2021-05-23,34655.25,1,-0.13899534094870192,-0.45489186000786475,0.9862637362637363,1
2021-05-24,38796.29,1,-0.03888249516031361,-0.3897555642941407,1.0,1
2021-05-25,38324.72,1,-0.0532322669778128,-0.3971731026346834,0.9917582417582418,2
2021-05-26,39241.91,1,-0.03348990527371487,-0.38274620526936687,0.9917582417582418,2
2021-05-27,38529.98,1,-0.05371107301066158,-0.3939444750294927,0.989010989010989,2
2021-05-28,35663.49,1,-0.12629327605592333,-0.43903279591034217,0.989010989010989,2
2021-05-29,34605.15,1,-0.15422150122107214,-0.45567990562327954,0.9862637362637363,2
2021-05-30,35641.27,1,-0.13101717392290335,-0.4393823043649233,0.9972527472527473,2
2021-05-31,37253.81,1,-0.09401640185468096,-0.4140179315768777,0.9972527472527473,2
2021-06-01,36693.09,1,-0.10985773807366572,-0.42283775068816365,0.9725274725274725,2
2021-06-02,37568.68,1,-0.09098707031633357,-0.4090651985843492,0.9725274725274725,2
2021-06-03,39246.79,1,-0.053051593518729345,-0.3826694455367676,0.9725274725274725,2
2021-06-04,36829.0,1,-0.11353934593245962,-0.4206999606763665,0.9697802197802198,2
2021-06-05,35513.2,1,-0.14704290148291954,-0.4413967754620527,0.9725274725274725,2
2021-06-06,35796.31,1,-0.14209969389394284,-0.4369436099095557,0.9642857142857143,2
2021-06-07,33552.79,1,-0.19738307113452513,-0.4722329532048761,0.9725274725274725,2
2021-06-08,33380.81,1,-0.2029008604087189,-0.47493810460086516,0.8901098901098901,2
2021-06-09,37388.05,1,-0.1091993236647556,-0.4119064097522611,0.9175824175824175,2
2021-06-10,36675.72,1,-0.12806800959783915,-0.42311097129374753,0.8791208791208791,2
2021-06-11,37331.98,1,-0.11446225290620538,-0.41278836020448284,0.8818681318681318,2
2021-06-12,35546.11,1,-0.15845968332996963,-0.4408791191506095,0.8598901098901099,2
2021-06-13,39020.57,1,-0.0784178915708218,-0.3862277624852536,0.8214285714285714,2
2021-06-14,40516.29,1,-0.04572539298851952,-0.3627009044435706,0.8241758241758241,2
2021-06-15,40144.04,1,-0.057047509469030366,-0.36855619347227686,0.8186813186813187,2
2021-06-16,38349.01,1,-0.10138854706469635,-0.39679103421156114,0.8571428571428571,2
2021-06-17,38092.97,1,-0.10946533311303852,-0.4008184034604797,0.782967032967033,2
2021-06-18,35819.84,1,-0.1641816876502239,-0.43657349587101857,0.8076923076923077,2
2021-06-19,35483.72,1,-0.17363657707038238,-0.44186047974832876,0.7994505494505495,2
2021-06-20,35600.16,1,-0.17250471650434196,-0.4400289421942587,0.7802197802197802,2
2021-06-21,31608.93,1,-0.26631662409594214,-0.5028088084939049,0.8818681318681318,2
2021-06-22,32509.56,1,-0.24662361175500858,-0.48864239087691697,0.8818681318681318,2
2021-06-23,33678.07,1,-0.220856362631083,-0.47026236728273696,0.8736263736263736,2
2021-06-24,34663.09,1,-0.1994849992733827,-0.4547685410931971,0.8598901098901099,2
2021-06-25,31584.45,1,-0.271627995608577,-0.5031938655131734,0.8983516483516484,2
2021-06-26,32283.65,1,-0.25670010191750403,-0.4921958316948486,0.9038461538461539,2
2021-06-27,34700.34,1,-0.202541605076632,-0.45418261895399137,0.9175824175824175,2
2021-06-28,34494.89,1,-0.20873968896729922,-0.4574142351553283,0.9175824175824175,2
2021-06-29,35911.73,1,-0.1779249111673451,-0.4351281163979551,0.8104395604395604,2
2021-06-30,35045.0,1,-0.1992537863285856,-0.44876130554463234,0.8131868131868132,2
2021-07-01,33504.69,1,-0.235699699862848,-0.472989539913488,0.8351648351648352,2
2021-07-02,33786.55,1,-0.23054372571914317,-0.4685560361777428,0.7967032967032966,2
2021-07-03,34669.13,1,-0.2118118624045605,-0.45467353519465203,0.7060439560439561,2
2021-07-04,35286.51,1,-0.19904617915860212,-0.44496248525363735,0.695054945054945,2
2021-07-05,33690.14,1,-0.23622575399351586,-0.4700725127801809,0.7060439560439561,2
2021-07-06,34220.01,1,-0.2251892933948162,-0.4617379473063311,0.695054945054945,2
2021-07-07,33862.12,1,-0.23416316924746716,-0.4673673613841919,0.695054945054945,2
2021-07-08,32875.71,1,-0.25726334251584904,-0.48288305151395994,0.6703296703296703,2
2021-07-09,33815.81,1,-0.2369807481225351,-0.4680957923712151,0.6840659340659341,2
2021-07-10,33502.87,1,-0.244867626599091,-0.47301816751867864,0.6840659340659341,2
2021-07-11,34258.99,1,-0.2287835140191954,-0.4611248132127409,0.5521978021978022,2
2021-07-12,33086.63,1,-0.25595858898986423,-0.47614565425764865,0.5576923076923077,2
2021-07-13,32729.77,1,-0.264646427109983,-0.4817957510436197,0.5274725274725275,2
2021-07-14,32820.02,1,-0.26314243820235117,-0.4649037740401861,0.5054945054945055,2
2021-07-15,31880.0,1,-0.2846968008901333,-0.46872563812083523,0.2802197802197802,2
2021-07-16,31383.87,1,-0.29616853365404594,-0.4668233607222311,0.2774725274725275,2
2021-07-17,31520.07,1,-0.2934416540314815,-0.4645094759696613,0.18406593406593408,2
2021-07-18,31778.56,1,-0.28787901025267304,-0.46011802171348093,0.18681318681318682,2
2021-07-19,30839.65,1,-0.30906723254164825,-0.4760690461851057,0.17307692307692307,2
2021-07-20,29790.35,1,-0.33261008218404786,-0.4938954725498008,0.17307692307692307,2
2021-07-21,32144.51,1,-0.2798673678503404,-0.45390094296749783,0.25,2
2021-07-22,32287.83,1,-0.2765988611832114,-0.45146609742610055,0.24725274725274726,2
2021-07-23,33634.09,0,-0.2465750992040866,-0.42859465479031067,0.2692307692307692,2
2021-07-24,34258.14,0,-0.23262250891452774,-0.4179927474493328,0.27197802197802196,2
2021-07-25,35381.02,0,-0.20734690363061004,-0.39891627967425536,0.24175824175824176,2
2021-07-26,37237.6,0,-0.1655481643420953,-0.36737507443250794,0.2857142857142857,2
2021-07-27,39457.87,0,-0.11568300236995388,-0.3296551853019051,0.40934065934065933,2
2021-07-28,40019.56,0,-0.10308768730497841,-0.3201127041956575,0.3543956043956044,2
2021-07-29,40016.48,0,-0.10334425501723554,-0.32016502993015017,0.34065934065934067,2
2021-07-30,42206.37,0,-0.054995182243956275,-0.28296126281704426,0.4065934065934066,2
2021-07-31,41461.83,0,-0.07243503255433159,-0.29561015968692905,0.4258241758241758,2
2021-08-01,39845.44,0,-0.10884278649453438,-0.3230708070819823,0.43131868131868134,2
2021-08-02,39147.82,0,-0.124445627059105,-0.33492258594459423,0.4368131868131868,2
2021-08-03,38207.05,0,-0.1456262221202499,-0.35090520972341266,0.4725274725274725,2
2021-08-04,39723.18,0,-0.11209312882445699,-0.32514786691934794,0.45604395604395603,2
2021-08-05,40862.46,0,-0.08714109791766,-0.3057927815969713,0.42857142857142855,2
2021-08-06,42836.87,0,-0.043696057797322,-0.2644874284093429,0.4697802197802198,2
2021-08-07,44572.54,0,-0.005911671660822737,-0.21347230863867694,0.4807692307692308,2
2021-08-08,43794.37,0,-0.024173002909793406,-0.22720390781580801,0.4478021978021978,2
2021-08-09,46253.4,0,0.028853556181387408,-0.07198927800053967,0.38186813186813184,2
2021-08-10,45584.99,0,0.012562095561833297,-0.08540000341081566,0.28296703296703296,2
2021-08-11,45511.0,0,0.009412630273817557,-0.08688451078369508,0.29395604395604397,2
2021-08-12,44399.0,0,-0.016574892708700606,-0.05055258442627386,0.35714285714285715,2
2021-08-13,47800.0,0,0.056936579859385716,0.0,0.4725274725274725,2
2021-08-14,47068.51,0,0.03908480967750738,-0.015303138075313805,0.489010989010989,2
2021-08-15,46973.82,0,0.03509693903756528,-0.017284100418409998,0.45879120879120877,2
2021-08-16,45901.29,0,0.010067936701472657,-0.03972196652719662,0.41208791208791207,2
2021-08-17,44695.95,0,-0.017584712609291953,-0.06493828451882855,0.45054945054945056,2
2021-08-18,44705.29,0,-0.01850580103712296,-0.06474288702928865,0.4478021978021978,2
2021-08-19,46760.62,0,0.025080510254154254,-0.021744351464435097,0.41208791208791207,2
2021-08-20,49322.47,0,0.07937224223684769,0.0,0.4642857142857143,2
2021-08-21,48821.87,0,0.06685804227636538,-0.01014953225173032,0.3983516483516483,2
2021-08-22,49239.22,0,0.07461362109683889,-0.0016878716739043842,0.36538461538461536,2
2021-08-23,49488.85,0,0.0785842771397538,0.0,0.31868131868131866,0
2021-08-24,47674.01,0,0.03796936491997949,-0.03667169473527865,0.37637362637362637,0
2021-08-25,48973.32,0,0.06512350093500219,-0.010417093951465839,0.36813186813186816,0
2021-08-26,46843.87,0,0.017919088269828798,-0.05344597823550146,0.4010989010989011,0
2021-08-27,49069.9,0,0.06597867027729265,-0.008465543248630691,0.4230769230769231,0
2021-08-28,48895.35,0,0.061901339013037626,-0.011992600353412985,0.4010989010989011,0
2021-08-29,48767.83,0,0.058676606515710494,-0.014569342387224515,0.29945054945054944,0
2021-08-30,46982.91,0,0.020037898378694186,-0.050636456494745685,0.34615384615384615,0
2021-08-31,47100.89,0,0.022620068528123483,-0.048252485155747205,0.3434065934065934,0
2021-09-01,48810.52,0,0.05954773483795561,-0.01370672383779381,0.3543956043956044,0
2021-09-02,49246.64,0,0.06893715118139943,-0.004894233751642996,0.16758241758241757,0
2021-09-03,49999.14,0,0.08502487651653867,0.0,0.1620879120879121,0
2021-09-04,49915.64,0,0.08312092822735573,-0.001670028724494066,0.1620879120879121,0
2021-09-05,51756.88,0,0.12311826057024433,0.0,0.17582417582417584,0
2021-09-06,52663.9,0,0.14266271178571022,0.0,0.14835164835164835,0
2021-09-07,46863.73,0,0.01781331024052557,-0.11013559573066178,0.5906593406593407,0
2021-09-08,46048.31,0,0.0011682311847815985,-0.12561906733075223,0.5494505494505495,0
2021-09-09,46395.14,0,0.009918030134519862,-0.1190333416249082,0.4532967032967033,0
2021-09-10,44850.91,0,-0.02271390687536079,-0.1483557047617058,0.4807692307692308,0
2021-09-11,45173.69,0,-0.015281834773202774,-0.1422266486150855,0.47802197802197804,0
2021-09-12,46025.24,0,0.0036800596148609532,-0.12605712831750027,0.4835164835164835,0
2021-09-13,44940.73,0,-0.019742048284950853,-0.14665017212929532,0.4697802197802198,0
2021-09-14,47111.52,0,0.027514209917453014,-0.10543047514521342,0.5027472527472527,0
2021-09-15,48121.41,0,0.049309595940409956,-0.0862543412090635,0.4697802197802198,0
2021-09-16,47737.82,0,0.0406499994424292,-0.0935380782661368,0.37362637362637363,0
2021-09-17,47299.98,0,0.03136250189512935,-0.10185193272811166,0.3791208791208791,0
2021-09-18,48292.74,0,0.05302632980883937,-0.08300106904350046,0.40384615384615385,0
2021-09-19,47241.75,0,0.030458553571012015,-0.10295762372327155,0.3543956043956044,0
2021-09-20,43015.62,0,-0.06117506175295828,-0.18320481392376942,0.6208791208791209,0
2021-09-21,40734.38,0,-0.1101851050782151,-0.2265217729792135,0.6236263736263736,0
2021-09-22,43543.61,0,-0.04826443474255393,-0.173179160677428,0.6510989010989011,0
2021-09-23,44865.26,0,-0.018722187700415782,-0.14808322209331248,0.6510989010989011,0
2021-09-24,42810.57,0,-0.06268126748384173,-0.18709837288920872,0.6620879120879121,0
2021-09-25,42670.64,0,-0.0644941222331471,-0.18975541120198092,0.6456043956043956,0
2021-09-26,43160.9,0,-0.052427510772632746,-0.1804461879959517,0.6428571428571429,0
2021-09-27,42147.35,0,-0.07308950319526297,-0.1996918192537963,0.47527472527472525,0
2021-09-28,41026.54,0,-0.09612887166141537,-0.22097413978076064,0.47802197802197804,2
2021-09-29,41524.28,0,-0.08317701037122849,-0.2115228837970603,0.4807692307692308,2
2021-09-30,43824.1,0,-0.030778415532779935,-0.16785312139814945,0.5631868131868132,2
2021-10-01,48141.61,0,0.06558786505384417,-0.0858707767559942,0.6593406593406593,2
2021-10-02,47634.9,0,0.055454459231942366,-0.0954923581428645,0.6565934065934066,2
2021-10-03,48200.01,0,0.06924472311894259,-0.08476185774315992,0.6483516483516484,2
2021-10-04,49224.94,0,0.09300242640284173,-0.06530013918452682,0.6291208791208791,2
2021-10-05,51471.99,0,0.14372919145935392,-0.02263239144841156,0.6428571428571429,0
2021-10-06,55315.0,0,0.22950322791719202,0.0,0.7005494505494505,0
2021-10-07,53785.22,0,0.19597437051527367,-0.027655789568833078,0.7087912087912088,0
2021-10-08,53951.43,0,0.1996878177055903,-0.02465099882491184,0.7060439560439561,0
2021-10-09,54949.72,0,0.22180352972277917,-0.00660363373406847,0.695054945054945,0
2021-10-10,54659.0,0,0.21502122927776135,-0.011859350989785744,0.5879120879120879,0
2021-10-11,57471.35,0,0.27666071503213985,0.0,0.5137362637362637,0
2021-10-12,55996.93,0,0.2437739647569499,-0.025654869774244027,0.49725274725274726,0
2021-10-13,57367.0,0,0.2739859467049264,-0.0018156872946258895,0.48626373626373626,0
2021-10-14,57347.94,0,0.273340643681363,-0.002147330800477021,0.35714285714285715,0
2021-10-15,61672.42,0,0.36874697434340864,0.0,0.46153846153846156,0
2021-10-16,60875.57,0,0.3507427064947968,-0.012920686426769024,0.49725274725274726,0
2021-10-17,61528.33,0,0.3648044138826332,-0.0023363766169707256,0.42857142857142855,0
2021-10-18,62009.84,0,0.3749835102997403,0.0,0.3543956043956044,0
2021-10-19,64280.59,0,0.42449242707064605,0.0,0.35714285714285715,0
2021-10-20,66001.41,0,0.4611777823618668,0.0,0.2967032967032967,0
2021-10-21,62193.15,0,0.3762602778009625,-0.05769967641600382,0.24725274725274726,0
2021-10-22,60688.22,0,0.3427264727719852,-0.08050115899039134,0.2802197802197802,0
2021-10-23,61286.75,0,0.3554747720426805,-0.0714327163616657,0.2802197802197802,0
2021-10-24,60852.22,0,0.34513560370492535,-0.07801636358980824,0.30494505494505497,0
2021-10-25,63078.78,0,0.39358329152161997,-0.04428132671711116,0.26373626373626374,0
2021-10-26,60328.81,0,0.33250710520475235,-0.08594664871553515,0.17857142857142858,0
2021-10-27,58413.44,0,0.2903947403267704,-0.11496678631562574,0.18956043956043955,0
2021-10-28,60575.89,0,0.3380800551870664,-0.08220309232787604,0.23626373626373626,0
2021-10-29,62253.71,0,0.3747784935968168,-0.056782120260764235,0.2445054945054945,0
2021-10-30,61859.19,0,0.3663249769535939,-0.0627595683183132,0.25,0
2021-10-31,61299.8,0,0.3542175839227615,-0.07123499331302163,0.1565934065934066,0
2021-11-01,60911.11,0,0.34596510311524,-0.07712410992431828,0.13186813186813187,0
2021-11-02,63219.99,0,0.3966939775540328,-0.0421418269700603,0.1510989010989011,0
2021-11-03,62896.48,0,0.3891033733242062,-0.0470433889215397,0.15384615384615385,0
2021-11-04,61395.01,0,0.3551576835023311,-0.06979244837345144,0.038461538461538464,0
2021-11-05,60937.12,0,0.34426389626564236,-0.07673002743426238,0.03571428571428571,0
2021-11-06,61470.61,0,0.3552783580349397,-0.06864701829854847,0.03571428571428571,0
2021-11-07,63273.59,0,0.39357243267780406,-0.04132972310743066,0.06593406593406594,0
2021-11-08,67525.83,0,0.48463723092767763,0.0,0.12637362637362637,0
2021-11-09,66947.66,0,0.46936966096188204,-0.008562205011030555,0.11813186813186813,0
2021-11-10,64882.43,0,0.4217274163089335,-0.03914650142027132,0.07142857142857142,0
2021-11-11,64774.26,0,0.41691872212425296,-0.04074840694294313,0.04395604395604396,0
2021-11-12,64122.23,0,0.401104792578413,-0.050404415613995446,0.04945054945054945,0
2021-11-13,64380.0,0,0.4052989056638594,-0.046587061573326816,0.046703296703296704,0
2021-11-14,65519.1,0,0.4284994123869146,-0.0297179612601578,0.024725274725274724,0
2021-11-15,63606.74,0,0.3852866525765637,-0.058038383237940305,0.019230769230769232,0
2021-11-16,60058.87,0,0.3076811271751043,-0.11057931461190484,0.06318681318681318,0
2021-11-17,60344.87,0,0.3135444309461475,-0.10634389832749924,0.027472527472527472,0
2021-11-18,56891.62,0,0.2383342882971793,-0.1574835881321266,0.0989010989010989,0
2021-11-19,58052.24,0,0.2634755829809694,-0.14029579495727784,0.11263736263736264,0
2021-11-20,59707.51,0,0.29858203336963696,-0.11578265679962763,0.13736263736263737,0
2021-11-21,58622.02,0,0.2748092474729553,-0.13185783869668843,0.1401098901098901,0
2021-11-22,56247.18,0,0.22318486151750583,-0.16702719537101585,0.12912087912087913,0
2021-11-23,57541.27,0,0.25129609798991814,-0.1478628252329517,0.1565934065934066,0
2021-11-24,57138.29,0,0.2427657947557631,-0.15383061563256606,0.14560439560439561,0
2021-11-25,58960.36,0,0.28229573449451206,-0.12684731161394092,0.17307692307692307,0
2021-11-26,53726.53,0,0.1687336770990404,-0.2043558738929977,0.45879120879120877,0
2021-11-27,54721.03,0,0.190619808773957,-0.18962817635858753,0.4258241758241758,0
2021-11-28,57274.88,0,0.24515106397843267,-0.1518078341280663,0.3241758241758242,0
2021-11-29,57776.25,0,0.2549451479959166,-0.1443829716717292,0.33791208791208793,0
2021-11-30,56950.56,0,0.2360561875318714,-0.15661073695799077,0.3021978021978022,0
2021-12-01,57184.07,0,0.23972229573832493,-0.1531526528441043,0.3076923076923077,0
2021-12-02,56480.34,0,0.22313345633510595,-0.16357429445887606,0.3159340659340659,0
2021-12-03,53601.05,0,0.159516365679637,-0.20621412576491094,0.4065934065934066,0
2021-12-04,49152.47,0,0.06255879496037675,-0.272093804696662,0.5631868131868132,1
2021-12-05,49396.33,0,0.06636592567930988,-0.2684824459025531,0.5659340659340659,1
2021-12-06,50441.92,0,0.08777388572570866,-0.2529981490046106,0.5164835164835165,1
2021-12-07,50588.95,0,0.08937799257783108,-0.25082075999658215,0.510989010989011,1
2021-12-08,50471.19,0,0.08532052360747588,-0.25256468524711206,0.4258241758241758,1
2021-12-09,47545.59,1,0.020994062766111377,-0.2958903281899683,0.5054945054945055,1
2021-12-10,47140.54,1,0.01138989189387174,-0.30188877352562715,0.4368131868131868,1
2021-12-11,49389.99,1,0.058395015294052,-0.2685763358999068,0.5576923076923077,1
2021-12-12,50053.9,0,0.07138100823387283,-0.25874439455242537,0.5302197802197802,1
2021-12-13,46702.75,1,-0.0012224392346819046,-0.3083720703618157,0.5851648351648352,1
2021-12-14,48343.28,1,0.03246182076307336,-0.28407721904343863,0.6043956043956044,1
2021-12-15,48864.98,1,0.042016999000796806,-0.27635128661136044,0.5824175824175825,1
2021-12-16,47632.38,1,0.014435554943105222,-0.29460504224827755,0.41208791208791207,1
2021-12-17,46131.2,1,-0.01846321498010861,-0.3168362388140954,0.41208791208791207,1
2021-12-18,46834.48,1,-0.00457343806406818,-0.306421261315855,0.29120879120879123,1
2021-12-19,46681.23,1,-0.008790519234303185,-0.3086907632234953,0.2664835164835165,1
2021-12-20,46914.16,1,-0.004654821488408678,-0.3052412684153605,0.2857142857142857,1
2021-12-21,48889.88,1,0.035937242746608034,-0.27598253882995594,0.41483516483516486,1
2021-12-22,48588.16,1,0.028119846410979532,-0.2804507549185252,0.40934065934065933,1
2021-12-23,50838.81,1,0.07403402807046455,-0.24712054631538782,0.42857142857142855,1
2021-12-24,50820.0,1,0.07168194020267604,-0.2473991063864006,0.14835164835164835,1
2021-12-25,50399.66,1,0.06091413698105952,-0.2536239835926489,0.1510989010989011,1
2021-12-26,50775.49,1,0.0673214803811022,-0.2480582615570961,0.1401098901098901,1
2021-12-27,50701.44,1,0.06419615389821587,-0.24915487895520871,0.1401098901098901,1
2021-12-28,47543.74,1,-0.0031506035258532794,-0.29591772511348624,0.25824175824175827,1
2021-12-29,46464.66,1,-0.026889536304528394,-0.311897980372844,0.17582417582417584,1
2021-12-30,47120.87,1,-0.013982878143456223,-0.30218006946378884,0.18406593406593408,1
2021-12-31,46216.93,1,-0.03347454224667956,-0.3155666505691229,0.11263736263736264,1
2022-01-01,47722.65,1,-0.002775969591153782,-0.2932682204720771,0.14835164835164835,2
2022-01-02,47286.18,1,-0.01281834919987912,-0.29973196923310685,0.02197802197802198,2
2022-01-03,46446.1,1,-0.03120121306546264,-0.312172838156895,0.019230769230769232,2
2022-01-04,45832.01,1,-0.04500744709935578,-0.3212669877586103,0.019230769230769232,2
2022-01-05,43451.13,1,-0.09536828783224272,-0.3565257916859371,0.04395604395604396,2
2022-01-06,43082.31,1,-0.10374501316777751,-0.36198770159507854,0.03021978021978022,2
2022-01-07,41566.48,1,-0.13617401449874622,-0.38443585217686327,0.04120879120879121,2
2022-01-08,41679.74,1,-0.13464483432831886,-0.3827585680916473,0.046703296703296704,2
2022-01-09,41864.62,1,-0.1315444076206227,-0.38002065283758824,0.046703296703296704,2
2022-01-10,41822.49,1,-0.13306214477052258,-0.3806445622364065,0.01098901098901099,2
2022-01-11,42729.29,1,-0.11528703672729501,-0.3672156269682283,0.027472527472527472,2
2022-01-12,43902.66,1,-0.09208442535792949,-0.3498390171583229,0.008241758241758242,2
2022-01-13,42560.11,1,-0.12056334640593458,-0.3697210386010805,0.013736263736263736,2
2022-01-14,43059.96,1,-0.11102141764452034,-0.3623186860494718,0.019230769230769232,2
2022-01-15,43084.29,1,-0.11117719909163748,-0.36195837948234033,0.016483516483516484,2
2022-01-16,43071.66,1,-0.11217282564699649,-0.36214541901965513,0.019230769230769232,2
2022-01-17,42201.62,1,-0.1308858011789994,-0.37502997001295646,0.0,2
2022-01-18,42352.12,1,-0.12855497820611717,-0.372801193261897,0.0,2
2022-01-19,41660.01,1,-0.14341204323393708,-0.38305075257867993,0.0,2
2022-01-20,40680.91,1,-0.16400733237123166,-0.3975503892362374,0.0027472527472527475,2
2022-01-21,36445.31,1,-0.25126087228352545,-0.4602760158594127,0.1346153846153846,2
2022-01-22,35071.42,1,-0.2795493291243737,-0.4806221559957131,0.15384615384615385,2
2022-01-23,36244.55,1,-0.2556325887211508,-0.4632491003812911,0.23351648351648352,2
2022-01-24,36660.35,1,-0.24738564444298006,-0.4570914567062708,0.24725274725274726,2
2022-01-25,36958.32,1,-0.24151316857845506,-0.4526787749221298,0.18406593406593408,2
2022-01-26,36809.34,1,-0.2448268720765926,-0.4548850417684611,0.18681318681318682,2
2022-01-27,37160.1,1,-0.23785755764674776,-0.4496905850694468,0.17032967032967034,2
2022-01-28,37716.56,1,-0.22681183470982658,-0.44144988665818696,0.18406593406593408,2
2022-01-29,38166.84,1,-0.21801690858719913,-0.4347816235653824,0.18956043956043955,2
2022-01-30,37881.76,1,-0.22426003456576016,-0.4390034154337681,0.18956043956043955,2
2022-01-31,38466.9,1,-0.212808485428845,-0.4303379906622399,0.17857142857142858,2
2022-02-01,38694.59,1,-0.20874089990504374,-0.4269660957888264,0.1510989010989011,2
2022-02-02,36896.36,1,-0.24592710931267903,-0.4535963497227653,0.18681318681318682,2
2022-02-03,37311.61,1,-0.2378713137654911,-0.4474468510790611,0.18681318681318682,2
2022-02-04,41574.25,1,-0.15173240913162012,-0.38432078509808765,0.6483516483516484,2
2022-02-05,41382.59,1,-0.15664035333228843,-0.3871591063745533,0.6510989010989011,2
2022-02-06,42380.87,1,-0.1371957894813648,-0.3669551706512222,0.6593406593406593,2
2022-02-07,43839.99,1,-0.10853880847448916,-0.33088229233918054,0.6785714285714286,2
2022-02-08,44042.99,1,-0.1053577149164786,-0.3277839591813685,0.6730769230769231,2
2022-02-09,44372.72,1,-0.09958491359481303,-0.32275138089503663,0.6538461538461539,2
2022-02-10,43495.44,0,-0.11811280669344448,-0.33614106420875745,0.29395604395604397,2
2022-02-11,42373.73,1,-0.14130303004962763,-0.3532614153735323,0.26373626373626374,2
2022-02-12,42217.87,1,-0.1447006970010829,-0.3362673515416762,0.2445054945054945,2
2022-02-13,42053.66,1,-0.1482029658022388,-0.3031112669560809,0.25274725274725274,2
2022-02-14,42535.94,0,-0.1386541622602221,-0.2951192040019309,0.2554945054945055,2
2022-02-15,44544.86,0,-0.09818738272704408,-0.2539487913664462,0.31043956043956045,2
2022-02-16,43873.56,1,-0.11199466712980877,-0.2651919331420789,0.3324175824175824,2
2022-02-17,40515.7,1,-0.18001371649518216,-0.32143041972442,0.6043956043956044,2
2022-02-18,39974.44,1,-0.19103579989730457,-0.3220116023714916,0.6153846153846154,2
2022-02-19,40079.17,1,-0.18906999019131732,-0.3202353242076541,0.6098901098901099,2
2022-02-20,38386.89,1,-0.22320522344635485,-0.34893731992138444,0.6538461538461539,2
2022-02-21,37008.16,1,-0.2508129544139731,-0.37232133589414984,0.6758241758241759,2
2022-02-22,38230.33,1,-0.2257105198083047,-0.35159266327410477,0.6620879120879121,2
2022-02-23,37250.01,1,-0.24500536447866494,-0.35527124034529756,0.6758241758241759,2
2022-02-24,38327.21,1,-0.22274170400482862,-0.3366269011920988,0.18681318681318682,2
2022-02-25,39219.17,1,-0.20408547310952163,-0.3211887237402913,0.23076923076923078,2
2022-02-26,39116.72,1,-0.20564323032783693,-0.3229619437052422,0.17857142857142858,2
2022-02-27,37699.07,1,-0.23382421049297253,-0.3407417485324147,0.15934065934065933,2
2022-02-28,43160.0,1,-0.12272873025114195,-0.24524434864464872,0.7857142857142857,2
2022-03-01,44421.2,0,-0.0967833929882096,-0.21351040025608914,0.804945054945055,2
2022-03-02,43892.98,0,-0.10723547393904531,-0.18111716095113806,0.7967032967032966,2
2022-03-03,42454.0,0,-0.1361066206651751,-0.16492931286157164,0.8104395604395604,2
2022-03-04,39148.66,1,-0.20281904725274758,-0.22994539014583537,0.8653846153846154,2
2022-03-05,39397.96,1,-0.1973095904150063,-0.2250416561677978,0.8653846153846154,2
2022-03-06,38420.81,1,-0.21671649873287557,-0.2442622083404391,0.8653846153846154,2
2022-03-07,37988.0,1,-0.22484700959099924,-0.25277558621061347,0.8543956043956044,2
2022-03-08,38730.63,1,-0.20883852753321686,-0.2381680452394539,0.8571428571428571,2
2022-03-09,41941.71,0,-0.14264241533982736,-0.17500606328118218,0.8571428571428571,2
2022-03-10,39422.0,0,-0.19334003179771253,-0.2245687890806256,0.8763736263736264,2
2022-03-11,38729.57,0,-0.206635328400549,-0.2381888954521162,0.8818681318681318,2
2022-03-12,38807.36,0,-0.2043192203784262,-0.2366587652228681,0.8653846153846154,2
2022-03-13,37777.34,0,-0.22454803351999675,-0.25691927092707323,0.8626373626373627,2
2022-03-14,39671.37,0,-0.1850695467972462,-0.2196636782017517,0.8653846153846154,2
2022-03-15,39280.33,0,-0.19229015931949944,-0.22735543967295846,0.8626373626373627,2
2022-03-16,41114.0,0,-0.15390804664666247,-0.19128712886867327,0.8681318681318682,2
2022-03-17,40917.9,0,-0.1572629217252457,-0.1951444182112051,0.8626373626373627,2
2022-03-18,41757.51,0,-0.1395074414011378,-0.17862927948156138,0.8653846153846154,2
2022-03-19,42201.13,0,-0.1299265598406114,-0.16990326878225515,0.8489010989010989,2
2022-03-20,41262.11,0,-0.14862412975100392,-0.1883738033994108,0.6126373626373627,2
2022-03-21,41002.25,0,-0.15326572655773418,-0.19348525270359396,0.5824175824175825,2
2022-03-22,42364.13,0,-0.12445140995730652,-0.1666970568351226,0.6153846153846154,2
2022-03-23,42882.76,0,-0.11308820881536807,-0.1561833923652105,0.5824175824175825,2
2022-03-24,43991.46,0,-0.08942658342473442,-0.1336083610419121,0.33791208791208793,2
2022-03-25,44313.16,0,-0.08197435000888353,-0.1272726270096063,0.34065934065934067,2
2022-03-26,44511.27,0,-0.07764539372519341,-0.12209061517779385,0.28846153846153844,2
2022-03-27,46827.76,0,-0.029721858517714472,-0.01875189244520159,0.3543956043956044,2
2022-03-28,47122.21,0,-0.023694351004706515,-0.012581866262665664,0.3516483516483517,1
2022-03-29,47434.8,0,-0.017480921212985168,-0.006031727072993598,0.08791208791208792,1
2022-03-30,47067.99,0,-0.025269898774802235,-0.013718014401966405,0.01098901098901099,1
2022-03-31,45510.34,0,-0.05747699184893418,-0.04635765197448183,0.024725274725274724,1
2022-04-01,46283.49,0,-0.04159824906660037,-0.024271420982063918,0.027472527472527472,1
2022-04-02,45811.0,0,-0.0512544474881198,-0.034232251427222304,0.016483516483516484,1
2022-04-03,46407.35,0,-0.0387334263045046,-0.021660257869749677,0.005494505494505495,1
2022-04-04,46580.51,0,-0.035030985203207465,-0.018009773415298524,0.0,1
2022-04-05,45497.55,0,-0.05728974999445935,-0.04084026916947048,0.0,1
2022-04-06,43170.47,0,-0.10503196879317556,-0.08989876630659355,0.03021978021978022,1
2022-04-07,43444.19,0,-0.09900280761310343,-0.08412831929300857,0.027472527472527472,1
2022-04-08,42252.01,0,-0.12365826030714511,-0.10926134399217458,0.04120879120879121,1
2022-04-09,42753.97,0,-0.11343287597539953,-0.09867923971430259,0.03296703296703297,1
2022-04-10,42158.85,0,-0.1256480385206845,-0.11122530294214383,0.038461538461538464,1
2022-04-11,39530.45,0,-0.17970585506087267,-0.16663609839189808,0.09065934065934066,1
2022-04-12,40074.94,0,-0.1681710719247569,-0.15515739499270575,0.09615384615384616,1
2022-04-13,41147.79,0,-0.14576709162967405,-0.1325400338991627,0.0989010989010989,1
2022-04-14,39942.38,0,-0.17051442542672035,-0.15795196775363252,0.10714285714285714,1
2022-04-15,40551.9,0,-0.1577169545211522,-0.1451023299349845,0.12087912087912088,1
2022-04-16,40378.71,0,-0.16125776706118433,-0.14875344683649983,0.04120879120879121,1
2022-04-17,39678.12,0,-0.1756522859835401,-0.1635229831263123,0.038461538461538464,1
2022-04-18,40801.13,0,-0.1520544936539916,-0.13984817054145915,0.07417582417582418,1
2022-04-19,41493.18,0,-0.13707587936846477,-0.12525867084925002,0.08516483516483517,1
2022-04-20,41358.19,0,-0.13932149073752542,-0.12810447182237517,0.06593406593406594,1
2022-04-21,40480.01,0,-0.1569194966514894,-0.1466178839164496,0.06043956043956044,1
2022-04-22,39709.18,0,-0.17215330043600097,-0.16286818959919724,0.06318681318681318,1
2022-04-23,39441.6,0,-0.17669929331299927,-0.16850919578031331,0.057692307692307696,1
2022-04-24,39450.13,0,-0.17515545299462265,-0.16832936999839787,0.057692307692307696,1
2022-04-25,40426.08,0,-0.153567637405023,-0.14775481292215842,0.08516483516483517,1
2022-04-26,38112.65,0,-0.20068033795125384,-0.19652554664507915,0.10164835164835165,1
2022-04-27,39235.72,0,-0.17576851028304596,-0.17284946916609745,0.12637362637362637,1
2022-04-28,39742.07,0,-0.16382139400770568,-0.1621748168011672,0.11263736263736264,1
2022-04-29,38596.11,0,-0.18631682857991883,-0.1863334513901187,0.13186813186813187,1
2022-04-30,37630.8,0,-0.20512864345531245,-0.20668370057426189,0.13736263736263737,2
2022-05-01,38468.35,0,-0.1858120692105384,-0.18902683262077635,0.0521978021978022,2
2022-05-02,38525.16,1,-0.18298223253102186,-0.187829188696906,0.04120879120879121,2
2022-05-03,37728.95,1,-0.19783114208564578,-0.20461454459595074,0.027472527472527472,2
2022-05-04,39690.0,0,-0.15423173423347702,-0.16327253408889686,0.11263736263736264,2
2022-05-05,36552.97,1,-0.21900154623313095,-0.22940604788045904,0.3076923076923077,2
2022-05-06,36013.77,0,-0.22837927150636228,-0.2407732297806675,0.31868131868131866,2
2022-05-07,35472.39,0,-0.23762589979174598,-0.2521863695008728,0.3159340659340659,2
2022-05-08,34038.4,1,-0.2659239040985212,-0.28241712835302357,0.30494505494505497,2
2022-05-09,30076.31,1,-0.3491166736383894,-0.3659442013036842,0.6813186813186813,2
2022-05-10,31017.1,1,-0.3265949617848106,-0.3461108721866647,0.7115384615384616,2
2022-05-11,29103.94,1,-0.36591591768470977,-0.38644328636359815,0.739010989010989,2
2022-05-12,29029.75,1,-0.36533217110799454,-0.38800732795331705,0.7445054945054945,2
2022-05-13,29287.05,1,-0.357332966779464,-0.38258304029952694,0.7472527472527473,2
2022-05-14,30086.74,1,-0.3375868221179278,-0.36572432054103743,0.75,2
2022-05-15,31328.89,1,-0.3081759531336795,-0.33953784984863444,0.7637362637362637,2
2022-05-16,29874.01,1,-0.338059613585859,-0.37020900267314305,0.7554945054945055,2
2022-05-17,30444.93,1,-0.32302361939221924,-0.3581731134104076,0.75,2
2022-05-18,28715.32,1,-0.35912178804818484,-0.3946360056329953,0.7637362637362637,2
2022-05-19,30319.23,1,-0.3209776844734422,-0.36082306660932484,0.8104395604395604,2
2022-05-20,29201.01,1,-0.34369061307847937,-0.38439689847959735,0.8159340659340659,2
2022-05-21,29445.06,1,-0.33568400244706487,-0.3792519416124871,0.8104395604395604,2
2022-05-22,30293.94,1,-0.31400933692568,-0.3613562194844292,0.8324175824175825,2
2022-05-23,29109.15,1,-0.33841990102047703,-0.38633345139011865,0.8434065934065934,2
2022-05-24,29654.58,1,-0.32361915262115204,-0.3748349313162488,0.7967032967032966,2
2022-05-25,29542.15,1,-0.3237210450556456,-0.37720513209711015,0.75,2
2022-05-26,29201.35,1,-0.32890543162152697,-0.3843897307462033,0.75,2
2022-05-27,28629.8,1,-0.3390866484879368,-0.39643890139728644,0.7554945054945055,2
2022-05-28,29031.33,1,-0.32687148979375436,-0.3879740190746035,0.75,2
2022-05-29,29468.1,1,-0.31392765781906495,-0.37876622226719625,0.4423076923076923,2
2022-05-30,31734.22,1,-0.2583155128942767,-0.3309928575644885,0.6373626373626373,2
2022-05-31,31801.04,1,-0.25393591681222083,-0.32958418713687,0.46703296703296704,2
2022-06-01,29805.83,1,-0.29789681726209394,-0.3716463440343376,0.6428571428571429,2
2022-06-02,30452.62,1,-0.2796861185229842,-0.3580109961462893,0.6565934065934066,2
2022-06-03,29700.21,1,-0.2946548446920568,-0.37387297933163,0.6593406593406593,2
2022-06-04,29864.04,1,-0.2882119875947414,-0.370419185914139,0.5989010989010989,2
2022-06-05,29919.21,1,-0.2843020229526957,-0.3692561157631107,0.5274725274725275,2
2022-06-06,31373.1,1,-0.24722591769701696,-0.33860583369172004,0.5934065934065934,2
2022-06-07,31125.33,1,-0.25075055673427715,-0.3438292139947886,0.4368131868131868,2
2022-06-08,30204.77,1,-0.27031923032700833,-0.36323606297486233,0.36538461538461536,2
2022-06-09,30109.93,1,-0.2700966076050142,-0.36523543896042576,0.29945054945054944,2
2022-06-10,29091.88,1,-0.2924466087450156,-0.3866975300833987,0.36538461538461536,2
2022-06-11,28424.7,1,-0.3062167913913084,-0.400762731159402,0.3434065934065934,2
2022-06-12,26574.53,1,-0.34894688875820745,-0.4397672173172439,0.44505494505494503,2
2022-06-13,22487.41,1,-0.4466053656600534,-0.5259301188157218,0.8956043956043956,2
2022-06-14,22136.41,1,-0.4531174116690547,-0.5333297494666364,0.8956043956043956,2
2022-06-15,22583.72,1,-0.43984286544325146,-0.5238997529240136,0.9093406593406593,2
2022-06-16,20401.31,1,-0.4916497723330253,-0.569908379501969,0.967032967032967,2
2022-06-17,20468.81,1,-0.487586115821543,-0.5684853736075623,0.9642857142857143,2
2022-06-18,18970.79,1,-0.5228189055125132,-0.6000659853103629,0.9697802197802198,2
2022-06-19,20574.0,1,-0.4800988122570048,-0.5662678033848567,0.9752747252747253,2
2022-06-20,20573.89,1,-0.4777321951098823,-0.5662701223574254,0.9725274725274725,2
2022-06-21,20723.52,1,-0.4717293790768404,-0.56311568721698,0.967032967032967,2
2022-06-22,19987.99,1,-0.48857797255867375,-0.5786218135208749,0.9615384615384616,2
2022-06-23,21110.13,1,-0.45790468467386647,-0.5549653419008829,0.989010989010989,2
2022-06-24,21237.69,1,-0.452576327965871,-0.5522761769839866,0.989010989010989,2
2022-06-25,21491.19,1,-0.44395686853657235,-0.5469319992916594,0.9917582417582418,2
2022-06-26,21038.07,1,-0.45359998837806526,-0.556484479749045,0.978021978021978,2
2022-06-27,20742.56,1,-0.4593933081526844,-0.5593064415965074,0.9752747252747253,2
2022-06-28,20281.29,1,-0.4695586317922308,-0.5645970814832212,0.9752747252747253,2
2022-06-29,20123.01,1,-0.4716762816761637,-0.5679950691823683,0.9697802197802198,2
2022-06-30,19942.21,1,-0.4743452889534797,-0.5718765208882428,0.967032967032967,2
2022-07-01,19279.8,1,-0.48996231251957334,-0.5860972754484655,0.978021978021978,2
2022-07-02,19252.81,1,-0.4887089378110302,-0.5866767023375228,0.9560439560439561,2
2022-07-03,19315.83,1,-0.4850147182214608,-0.5754534035349156,0.7307692307692307,2
2022-07-04,20236.71,1,-0.4584852296405002,-0.5341906478173492,0.7774725274725275,2
2022-07-05,20175.83,1,-0.4582329234204938,-0.5355919859479483,0.760989010989011,2
2022-07-06,20564.51,1,-0.44584143725893477,-0.5190034983885707,0.5137362637362637,2
2022-07-07,21624.98,1,-0.41529063030434554,-0.4941994860360336,0.6126373626373627,2
2022-07-08,21594.75,1,-0.4141024754800201,-0.4877765878338711,0.34065934065934067,2
2022-07-09,21591.83,1,-0.41200424382579204,-0.47962942343777937,0.1043956043956044,2
2022-07-10,20862.47,1,-0.4297134817094014,-0.4972072518905516,0.13736263736263737,2
2022-07-11,19963.61,1,-0.4519716379405646,-0.5188700890122184,0.20054945054945056,2
2022-07-12,19328.75,1,-0.46709599358983933,-0.534170434755784,0.18956043956043955,2
2022-07-13,20234.87,1,-0.4397842354503618,-0.5123326291212195,0.15934065934065933,2
2022-07-14,20588.84,1,-0.42759242978168954,-0.5038018296018767,0.17857142857142858,2
2022-07-15,20830.04,1,-0.4184718900285721,-0.49798882611552064,0.17857142857142858,2
2022-07-16,21195.6,1,-0.40608189806312733,-0.48917870358454096,0.17307692307692307,2
2022-07-17,20798.16,1,-0.41511525797333637,-0.4987571451501187,0.18406593406593408,2
2022-07-18,22432.58,1,-0.3669546237514537,-0.45760247244862506,0.4010989010989011,2
2022-07-19,23396.62,1,-0.33761667071267243,-0.4220203996985179,0.43956043956043955,2
2022-07-20,23223.3,1,-0.34023547263685194,-0.4255366832500208,0.4368131868131868,2
2022-07-21,23152.19,1,-0.3399930534211786,-0.4272956962436131,0.36813186813186816,2
2022-07-22,22684.83,1,-0.3511185709849366,-0.4388565500290901,0.4010989010989011,2
2022-07-23,22451.07,1,-0.35565040611964605,-0.4446389558423671,0.4175824175824176,2
2022-07-24,22579.68,1,-0.35001251812166234,-0.4318443905916325,0.3324175824175824,2
2022-07-25,21310.9,1,-0.3846077202474498,-0.4637697533117927,0.5,2
2022-07-26,21254.67,1,-0.3844261686088579,-0.46518462676956684,0.48626373626373626,2
2022-07-27,22952.45,1,-0.33344776673180654,-0.4217069790879314,0.6538461538461539,2
2022-07-28,23842.93,1,-0.30577106105174456,-0.3992711010330058,0.6868131868131868,2
2022-07-29,23773.75,1,-0.3059617006085369,-0.40101410934744264,0.6868131868131868,2
2022-07-30,23643.51,1,-0.3078355568276596,-0.40429554043839766,0.6401098901098901,2
2022-07-31,23293.32,1,-0.31602403228849585,-0.41311866969009825,0.5576923076923077,2
2022-08-01,23268.01,1,-0.31482652035841807,-0.4137563618039809,0.4642857142857143,2
2022-08-02,22987.79,1,-0.3210717078456621,-0.371110199800454,0.4230769230769231,2
2022-08-03,22818.37,1,-0.32405250170724476,-0.3663987413703147,0.42857142857142855,2
2022-08-04,22622.98,1,-0.327804617745981,-0.3622369397720312,0.43131868131868134,2
2022-08-05,23312.42,1,-0.3053700057354809,-0.3151141064209835,0.4478021978021978,2
2022-08-06,22954.21,1,-0.3140610998893181,-0.2781931031186402,0.44505494505494503,2
2022-08-07,23174.39,1,-0.3055634288323321,-0.27126943018215766,0.20604395604395603,2
2022-08-08,23810.0,1,-0.2847088654228669,-0.2512823479986819,0.1620879120879121,2
2022-08-09,23149.95,1,-0.30314617448728887,-0.2720379585070174,0.18956043956043955,2
2022-08-10,23954.05,1,-0.27773282211191896,-0.24675262192683012,0.23901098901098902,2
2022-08-11,23934.39,1,-0.27698377444536626,-0.24737084070206516,0.21703296703296704,2
2022-08-12,24403.68,1,-0.26144007225464894,-0.23261377615323275,0.22527472527472528,2
2022-08-13,24441.38,1,-0.2588953964111016,-0.23142828033297025,0.22802197802197802,2
2022-08-14,24305.24,0,-0.2616236335265847,-0.23570927240115414,0.08791208791208792,2
2022-08-15,24094.82,0,-0.26656048481459893,-0.2423260371358924,0.09615384615384616,2
2022-08-16,23854.74,0,-0.27233325771068473,-0.24987547577060365,0.0,2
2022-08-17,23342.66,0,-0.2863402064534766,-0.26597809379819026,0.0,2
2022-08-18,23191.2,0,-0.2893749817756637,-0.27074083111747294,0.0027472527472527475,2
2022-08-19,20834.39,0,-0.35986306524699707,-0.3448519293708634,0.22527472527472528,2
2022-08-20,21140.07,0,-0.3487146470930578,-0.3352396651178704,0.23351648351648352,2
2022-08-21,21515.61,0,-0.3355707694298202,-0.32343061736345735,0.26373626373626374,2
2022-08-22,21399.83,0,-0.33751856518358614,-0.32707137879767445,0.26373626373626374,2
2022-08-23,21529.12,0,-0.33144174541703486,-0.3230057884899362,0.2664835164835165,2
2022-08-24,21368.08,0,-0.3343741164556592,-0.3280697738187178,0.2664835164835165,2
2022-08-25,21559.04,0,-0.32624058612703744,-0.32206493875671993,0.2087912087912088,2
2022-08-26,20241.05,0,-0.3650889167312721,-0.36350980974207137,0.3598901098901099,2
2022-08-27,20037.6,0,-0.3690953126026052,-0.36990739925486715,0.34615384615384615,2
2022-08-28,19555.61,0,-0.38185620458648795,-0.38506382181211685,0.29945054945054944,2
2022-08-29,20285.73,0,-0.3564166298458328,-0.35340371209730626,0.3983516483516483,2
2022-08-30,19811.66,0,-0.36919929181948896,-0.3685144279653588,0.3021978021978022,2
2022-08-31,20050.02,0,-0.3593490138699267,-0.3609168363980607,0.3269230769230769,2
2022-09-01,20131.46,0,-0.35448596845816227,-0.35832098198775386,0.29120879120879123,2
2022-09-02,19951.86,0,-0.3579199973580307,-0.3640456314485976,0.28846153846153844,2
2022-09-03,19831.9,0,-0.3592324760531236,-0.3678692892956067,0.2857142857142857,2
2022-09-04,20000.3,0,-0.35128958873486116,-0.35742689314458675,0.3021978021978022,2
2022-09-05,19796.84,0,-0.35572399886056894,-0.34457901847953154,0.3021978021978022,2
2022-09-06,18790.61,0,-0.3863558597402318,-0.37593312239516996,0.4010989010989011,2
2022-09-07,19292.84,0,-0.3678088417128095,-0.33683075827344267,0.46703296703296704,2
2022-09-08,19319.77,1,-0.364942491850368,-0.32031754073042107,0.04395604395604396,2
2022-09-09,21360.11,0,-0.2960643567870207,-0.19621871017097947,0.5384615384615384,2
2022-09-10,21648.34,0,-0.28461086619702725,-0.11427505320894327,0.532967032967033,2
2022-09-11,21826.87,0,-0.2768683808728529,-0.10697063750082858,0.5357142857142857,2
2022-09-12,22395.74,0,-0.2560582062485143,-0.08369576513273802,0.5769230769230769,2
2022-09-13,20173.57,0,-0.3277477345429688,-0.1746141175334618,0.7967032967032966,2
2022-09-14,20226.71,0,-0.32384881110846186,-0.17243993587923434,0.7939560439560439,2
2022-09-15,19701.88,0,-0.3394060212374612,-0.19391294599568432,0.75,2
2022-09-16,19803.3,0,-0.333395242068273,-0.1897634257967431,0.7472527472527473,2
2022-09-17,20113.62,0,-0.3201681927014224,-0.17706692502632837,0.728021978021978,2
2022-09-18,19416.18,0,-0.3410154608147391,-0.20560213866811128,0.7252747252747253,2
2022-09-19,19537.02,1,-0.3343253409996042,-0.20065806431551736,0.717032967032967,2
2022-09-20,18875.0,1,-0.3546530582103471,-0.22774409628261583,0.7445054945054945,2
2022-09-21,18461.36,1,-0.3665283406823414,-0.2446678542700944,0.7554945054945055,2
2022-09-22,19401.63,1,-0.33208505123738097,-0.20619744057004963,0.7939560439560439,2
2022-09-23,19289.91,1,-0.3337869014316337,-0.21076837723565534,0.7939560439560439,2
2022-09-24,18920.5,1,-0.3443020897325112,-0.22588249926968118,0.804945054945055,2
2022-09-25,18807.38,1,-0.3455990467866873,-0.23051071584337712,0.8021978021978022,2
2022-09-26,19227.82,0,-0.3286111057638722,-0.21330874115945997,0.760989010989011,2
2022-09-27,19079.13,1,-0.331509591055154,-0.21939227654085003,0.7554945054945055,2
2022-09-28,19412.82,1,-0.31749889365449924,-0.20573961044752798,0.7582417582417582,2
2022-09-29,19591.51,1,-0.3090076705717345,-0.19842864846420305,0.4010989010989011,2
2022-09-30,19422.61,1,-0.31250983521717746,-0.20533906023309645,0.3708791208791209,2
2022-10-01,19310.95,1,-0.31403785486801894,-0.20990754204549822,0.35714285714285715,2
2022-10-02,19056.8,1,-0.32040338435534166,-0.2203058910748903,0.29395604395604397,2
2022-10-03,19629.08,1,-0.29732762118277056,-0.19689150121637977,0.027472527472527472,2
2022-10-04,20337.82,1,-0.2691545286418603,-0.16789395688786812,0.038461538461538464,2
2022-10-05,20158.26,1,-0.27272664168708405,-0.1752405142426492,0.03021978021978022,2
2022-10-06,19960.67,1,-0.27707743735632184,-0.1833247549851933,0.03296703296703297,2
2022-10-07,19530.09,1,-0.2899108472997236,-0.20094159986056437,0.03571428571428571,2
2022-10-08,19417.96,1,-0.2910303071257342,-0.20552931135639652,0.024725274725274724,2
2022-10-09,19439.02,1,-0.28721080727669335,-0.20466765788183816,0.024725274725274724,2
2022-10-10,19131.87,1,-0.29526134683216376,-0.21723446057464846,0.01098901098901099,2
2022-10-11,19060.0,1,-0.29462797790438044,-0.22017496557068383,0.008241758241758242,2
2022-10-12,19155.53,1,-0.2877508589982435,-0.21626643012792246,0.0,2
2022-10-13,19375.13,1,-0.2758899007679825,-0.2072816674017588,0.0027472527472527475,2
2022-10-14,19176.93,1,-0.2795349817699745,-0.21539086581854217,0.0,2
2022-10-15,19069.39,1,-0.2797373783332183,-0.2197907810442783,0.0,2
2022-10-16,19262.98,1,-0.2685846574060724,-0.21187019718199218,0.0,2
2022-10-17,19549.86,1,-0.25401516525147694,-0.20013272572988927,0.0027472527472527475,2
2022-10-18,19327.44,1,-0.2586897579735462,-0.20923286655663476,0.0,2
2022-10-19,19123.97,1,-0.262720557699339,-0.2175576829131579,0.0027472527472527475,2
2022-10-20,19041.92,1,-0.261990767881194,-0.22091469466945002,0.0,2
2022-10-21,19164.37,0,-0.2532777416540607,-0.21590474842255236,0.0027472527472527475,2
2022-10-22,19204.35,0,-0.2478671921847574,-0.2142689979043737,0.0,2
2022-10-23,19570.4,0,-0.22997230577439942,-0.19929234764976445,0.0,2
2022-10-24,19329.72,0,-0.23581686743398445,-0.2091395821348876,0.0,2
2022-10-25,20080.07,0,-0.20265791152632895,-0.1784395971094922,0.005494505494505495,2
2022-10-26,20771.59,0,-0.17158340510416747,-0.15014659565049115,0.03296703296703297,2
2022-10-27,20295.11,0,-0.1870420826296323,-0.16964140322682275,0.038461538461538464,2
2022-10-28,20591.84,0,-0.17201538549869122,-0.1575009267070845,0.04395604395604396,2
2022-10-29,20809.67,0,-0.1600030883797634,-0.14858858215043513,0.046703296703296704,2
2022-10-30,20627.48,0,-0.16389451474628047,-0.15604274390398587,0.03296703296703297,2
2022-10-31,20490.74,0,-0.16614985288305584,-0.1616373543556051,0.038461538461538464,2
2022-11-01,20483.62,0,-0.1630219677793765,-0.16192866360246438,0.04395604395604396,2
2022-11-02,20151.84,0,-0.17316192445669254,-0.17550318353546324,0.057692307692307696,2
2022-11-03,20207.82,0,-0.16753988801338515,-0.17321280549625273,0.054945054945054944,2
2022-11-04,21148.52,0,-0.12524685017503545,-0.13472479868158016,0.07142857142857142,2
2022-11-05,21299.37,0,-0.1153125969362333,-0.1285528885848508,0.07142857142857142,2
2022-11-06,20905.58,0,-0.12796495785298967,-0.14466449930404912,0.07692307692307693,2
2022-11-07,20591.13,0,-0.13750387599315017,-0.15752997580333028,0.07967032967032966,2
2022-11-08,18547.23,0,-0.21965776487094835,-0.24115455019315613,0.41483516483516486,2
2022-11-09,15922.81,1,-0.3267446714342237,-0.3485306476148238,0.8736263736263736,2
2022-11-10,17601.15,0,-0.2523267452019483,-0.27986267551177546,0.9478021978021978,2
2022-11-11,17070.31,1,-0.2712611281276943,-0.2976695560298931,0.9532967032967034,2
2022-11-12,16812.08,1,-0.2790069731212961,-0.30225334739998044,0.945054945054945,2
2022-11-13,16329.85,1,-0.296230947456971,-0.3154463221984394,0.9505494505494505,2
2022-11-14,16619.46,1,-0.28016294833699784,-0.2880220163426105,0.9258241758241759,2
2022-11-15,16900.57,1,-0.26453167208855355,-0.27125073303666913,0.9120879120879121,2
2022-11-16,16662.76,1,-0.27155711174613006,-0.25598529005962756,0.9093406593406593,2
2022-11-17,16692.56,1,-0.26676426460081504,-0.254654679863224,0.9038461538461539,2
2022-11-18,16700.45,1,-0.2628844361805571,-0.25430238072061917,0.8956043956043956,2
2022-11-19,16700.68,1,-0.2594375766050425,-0.2542921109103785,0.8956043956043956,2
2022-11-20,16280.23,1,-0.27431515474348767,-0.2730657705438624,0.9038461538461539,2
2022-11-21,15781.29,1,-0.2932835021003505,-0.2953441145503565,0.9065934065934066,2
2022-11-22,16226.94,1,-0.27009261205966884,-0.2754452409252831,0.9230769230769231,2
2022-11-23,16603.11,1,-0.24998912292672493,-0.25864874301987795,0.9340659340659341,2
2022-11-24,16598.95,1,-0.24721184436343036,-0.25883449263118796,0.8791208791208791,2
2022-11-25,16522.14,1,-0.24838519905762713,-0.2622641627380923,0.8736263736263736,2
2022-11-26,16458.57,1,-0.248789498928364,-0.2651026489859233,0.8708791208791209,2
2022-11-27,16428.78,1,-0.24797385541452166,-0.266432812668838,0.8736263736263736,2
2022-11-28,16212.91,1,-0.2556718391570867,-0.27607169934996567,0.8241758241758241,2
2022-11-29,16442.53,1,-0.24289781195955973,-0.2658188566218398,0.3873626373626374,2
2022-11-30,17163.64,1,-0.2073356738419181,-0.23362032243632058,0.09065934065934066,2
2022-12-01,16977.37,1,-0.21333114471446812,-0.24193752919081946,0.08241758241758242,2
2022-12-02,17092.74,1,-0.20563305586943714,-0.2367861030713877,0.07692307692307693,2
2022-12-03,16885.2,1,-0.21279788527894705,-0.2460530440164067,0.06868131868131869,2
2022-12-04,17105.7,1,-0.20035394845415277,-0.23620742158999886,0.06868131868131869,2
2022-12-05,16966.35,1,-0.2043850301233423,-0.24242958705539552,0.06868131868131869,2
2022-12-06,17088.96,1,-0.19635312102667446,-0.2369548851701262,0.06868131868131869,2
2022-12-07,16836.64,1,-0.20586466743228138,-0.24822131351766008,0.07417582417582418,2
2022-12-08,17224.1,1,-0.18507744471757337,-0.23092070188348335,0.08516483516483517,2
2022-12-09,17128.56,1,-0.1872943644516869,-0.23518669175477125,0.08791208791208792,2
2022-12-10,17127.49,1,-0.1849228140489768,-0.23523446869806486,0.07142857142857142,2
2022-12-11,17085.05,1,-0.18452534040233803,-0.19786125129522614,0.03296703296703297,2
2022-12-12,17209.83,1,-0.1762120409412108,-0.1920028620564832,0.01098901098901099,2
2022-12-13,17774.7,0,-0.14695701991462318,-0.16548235933738875,0.03021978021978022,2
2022-12-14,17803.15,0,-0.14328338570302146,-0.16414663907899607,0.03021978021978022,2
2022-12-15,17356.34,1,-0.16234352299197352,-0.1851242548488523,0.07417582417582418,2
2022-12-16,16632.12,1,-0.19436002805817632,-0.21912619950730938,0.11813186813186813,2
2022-12-17,16776.52,1,-0.18439761126429632,-0.21234665626260296,0.12637362637362637,2
2022-12-18,16738.21,1,-0.1836670316652138,-0.21414530101125062,0.11538461538461539,2
2022-12-19,16438.88,1,-0.1955163856594775,-0.22819876832037744,0.12637362637362637,2
2022-12-20,16895.56,1,-0.17056870189089723,-0.20675775856281187,0.09065934065934066,2
2022-12-21,16824.67,1,-0.17139676447114072,-0.21008602601861004,0.08791208791208792,2
2022-12-22,16821.43,1,-0.16887572158040498,-0.21023814319390666,0.08791208791208792,2
2022-12-23,16778.5,1,-0.1679970503007383,-0.21225369576658837,0.08241758241758242,2
2022-12-24,16836.12,1,-0.16217154034251646,-0.20954845143307055,0.08241758241758242,2
2022-12-25,16832.11,1,-0.15957468825465126,-0.20973671991237297,0.07692307692307693,2
2022-12-26,16919.39,1,-0.1524257367930144,-0.20563894612845357,0.07692307692307693,2
2022-12-27,16706.36,1,-0.16049307873468555,-0.21564065040421376,0.07692307692307693,2
2022-12-28,16547.31,1,-0.16599659391567678,-0.22310800741993764,0.06593406593406594,2
2022-12-29,16633.47,1,-0.1595485285732755,-0.2190628173509357,0.07142857142857142,2
2022-12-30,16607.48,1,-0.15961335194555226,-0.22028304123549192,0.07142857142857142,2
2022-12-31,16542.4,1,-0.16172011612647297,-0.22333853067015585,0.07692307692307693,2
2023-01-01,16616.75,1,-0.15667746405073624,-0.21984781709505963,0.06593406593406594,2
2023-01-02,16672.87,1,-0.15302796362489623,-0.21721299737973476,0.005494505494505495,2
2023-01-03,16675.18,1,-0.1520935990289234,-0.21710454346771757,0.005494505494505495,2
2023-01-04,16850.36,1,-0.1427238147289407,-0.20887988705769223,0.0027472527472527475,2
2023-01-05,16831.85,1,-0.14284958350645804,-0.20974892684619317,0.0,2
2023-01-06,16950.65,1,-0.1360026899002248,-0.2041712970853128,0.0,2
2023-01-07,16943.57,1,-0.13553078440551847,-0.20450370128318351,0.0,2
2023-01-08,17127.83,1,-0.12549167839480013,-0.19585274118436358,0.0,2
2023-01-09,17178.26,1,-0.12203556912900448,-0.19348506552071731,0.0,2
2023-01-10,17440.66,0,-0.10775880311887276,-0.18116545231150027,0.0027472527472527475,2
2023-01-11,17943.26,0,-0.08121261535737045,-0.15756851024232177,0.008241758241758242,2
2023-01-12,18846.62,0,-0.03441416879633186,-0.11515598818181005,0.027472527472527472,2
2023-01-13,19930.01,0,0.021304710476081734,-0.0642911034457827,0.15934065934065933,2
2023-01-14,20954.92,0,0.07364046881014108,-0.016171839824370426,0.2087912087912088,2
2023-01-15,20871.5,0,0.06916137620296747,-0.020088387590806667,0.21428571428571427,2
2023-01-16,21185.65,0,0.08490846929588547,-0.005339125053933413,0.2032967032967033,2
2023-01-17,21134.81,0,0.08179115371061707,-0.007726050113219252,0.18681318681318682,0
2023-01-18,20677.47,0,0.057996324026029056,-0.029198046702789693,0.22527472527472528,0
2023-01-19,21071.59,0,0.07767804061227279,-0.010694213021324006,0.22527472527472528,0
2023-01-20,22667.21,0,0.15856379839230317,0.0,0.3021978021978022,0
2023-01-21,22783.55,0,0.16373461029032743,0.0,0.3021978021978022,0
2023-01-22,22707.88,0,0.15923499203722402,-0.003321255906125198,0.3131868131868132,0
2023-01-23,22916.45,0,0.1694969483368436,0.0,0.30494505494505497,0
2023-01-24,22632.89,0,0.15472012678646774,-0.012373644259909389,0.33516483516483514,0
2023-01-25,23060.94,0,0.17611828013788933,0.0,0.3269230769230769,0
2023-01-26,23009.65,0,0.17286028424739586,-0.002224107083232396,0.33516483516483514,0
2023-01-27,23074.16,0,0.17521685412062094,0.0,0.33516483516483514,0
2023-01-28,23022.6,0,0.17148879713653087,-0.0022345342148967218,0.34615384615384615,0
2023-01-29,23742.3,0,0.20703311034734972,0.0,0.3489010989010989,0
2023-01-30,22826.15,0,0.15979743432045534,-0.03858724723383988,0.4230769230769231,0
2023-01-31,23125.13,0,0.1743039189518425,-0.025994532964371486,0.41483516483516486,0
2023-02-01,23732.66,0,0.2043787317441812,-0.0004060263748667525,0.3791208791208791,0
2023-02-02,23488.94,0,0.19119719808038704,-0.010671249205005395,0.33516483516483514,0
2023-02-03,23431.9,0,0.1880034903683394,-0.013073712319362385,0.2554945054945055,0
2023-02-04,23326.84,0,0.18269784187015037,-0.01749872590271373,0.25824175824175827,0
2023-02-05,22932.91,0,0.1628107349508101,-0.034090631488945866,0.2802197802197802,0
2023-02-06,22762.52,0,0.15428516117107915,-0.04126727402147212,0.28296703296703296,0
2023-02-07,23240.46,0,0.17835544541079718,-0.021136958087464186,0.26373626373626374,0
2023-02-08,22963.0,0,0.16413637471071363,-0.03282327322963652,0.27472527472527475,0
2023-02-09,21796.35,0,0.10521112647907627,-0.08196130956141578,0.21153846153846154,0
2023-02-10,21625.19,0,0.09644487780184852,-0.08917038366122909,0.21153846153846154,0
2023-02-11,21862.55,0,0.10830875871811774,-0.07917303715309809,0.22252747252747251,0
2023-02-12,21783.54,0,0.1046306810495452,-0.08250085290810072,0.21703296703296704,0
2023-02-13,21773.97,0,0.10472490717531602,-0.08290393095866866,0.21153846153846154,0
2023-02-14,22199.84,0,0.12678175234858924,-0.06496674711380113,0.21428571428571427,0
2023-02-15,24324.05,0,0.2343856048077646,0.0,0.5,0
2023-02-16,23517.72,0,0.19339839345087162,-0.033149496074872276,0.5357142857142857,0
2023-02-17,24569.97,0,0.24638272102572611,0.0,0.5934065934065934,0
2023-02-18,24631.95,0,0.24900597035395777,0.0,0.5824175824175825,0
2023-02-19,24271.76,0,0.23028856753866056,-0.014622878010064233,0.532967032967033,0
2023-02-20,24842.2,0,0.25849523991382006,0.0,0.5357142857142857,0
2023-02-21,24452.16,0,0.23837846805963814,-0.01570070283630276,0.5357142857142857,0
2023-02-22,24182.21,0,0.2243261468184614,-0.02656729275184977,0.5384615384615384,0
2023-02-23,23940.2,0,0.21183844297656296,-0.03630918356667279,0.5412087912087912,0
2023-02-24,23185.29,0,0.17381094925410423,-0.06669739395061625,0.5879120879120879,0
2023-02-25,23157.07,0,0.1723801310059072,-0.06783336419479757,0.5714285714285714,0
2023-02-26,23554.85,0,0.19263918055591933,-0.05182109475006247,0.5824175824175825,0
2023-02-27,23492.09,0,0.1895946927609904,-0.05434744104789435,0.5576923076923077,0
2023-02-28,23141.57,0,0.17221961532773444,-0.06845730249333803,0.5659340659340659,0
2023-03-01,23628.97,0,0.1971548392808975,-0.04883746206052597,0.47802197802197804,0
2023-03-02,23465.32,0,0.1891165701174864,-0.05542504287059924,0.47802197802197804,0
2023-03-03,22354.34,0,0.13331690604799995,-0.10014652486494757,0.5686813186813187,0
2023-03-04,22346.57,0,0.13335627138685613,-0.10045929909589335,0.5631868131868132,0
2023-03-05,22430.24,0,0.1378630580076785,-0.09709123990628843,0.5631868131868132,0
2023-03-06,22410.0,0,0.13706160934677025,-0.09790598256193095,0.5439560439560439,0
2023-03-07,22197.96,0,0.12591341748258733,-0.10644145848596342,0.25,0
2023-03-08,21705.44,0,0.10077424217971531,-0.12626739982771262,0.23351648351648352,0
2023-03-09,20362.22,0,0.03295600586597214,-0.18033749023838463,0.25,0
2023-03-10,20150.69,0,0.02254927353495373,-0.18885243657969109,0.24725274725274726,0
2023-03-11,20455.73,0,0.03831134683250981,-0.1765733308644163,0.26373626373626374,0
2023-03-12,21997.11,0,0.11637195231429165,-0.11452649121253355,0.45879120879120877,0
2023-03-13,24113.48,0,0.2229867812661539,-0.029333955929829125,0.7252747252747253,0
2023-03-14,24670.41,0,0.24982928170482954,-0.006915249052016348,0.728021978021978,0
2023-03-15,24285.66,0,0.2290149471508962,-0.022403007785139817,0.7362637362637363,0
2023-03-16,24998.78,0,0.2633635005569177,0.0,0.728021978021978,0
2023-03-17,27395.13,0,0.38198520336979835,0.0,0.8351648351648352,0
2023-03-18,26907.49,0,0.35496042838045994,-0.017800244057976755,0.8434065934065934,0
2023-03-19,27972.87,0,0.4058046407237539,0.0,0.8489010989010989,0
2023-03-20,27717.01,0,0.39029610038336515,-0.009146719660871439,0.8461538461538461,0
2023-03-21,28105.47,0,0.40690436947605324,0.0,0.8434065934065934,1
2023-03-22,27250.97,0,0.36160140070170343,-0.030403334297558482,0.8653846153846154,1
2023-03-23,28295.41,0,0.4108633186142787,0.0,0.8131868131868132,1
2023-03-24,27454.47,0,0.36632396305897297,-0.029720014659621374,0.8434065934065934,1
2023-03-25,27462.95,0,0.3638029303015209,-0.029420319408695605,0.8461538461538461,1
2023-03-26,27968.05,0,0.3859007741813807,-0.0115693676112133,0.8379120879120879,1
2023-03-27,27124.91,0,0.3415263599775398,-0.041367133397254174,0.8653846153846154,1
2023-03-28,27261.07,0,0.3462959190932604,-0.03655504550031263,0.8461538461538461,1
2023-03-29,28348.6,0,0.39769146567577485,0.0,0.7582417582417582,1
2023-03-30,28028.53,0,0.37980134948104904,-0.011290504645732002,0.7582417582417582,1
2023-03-31,28465.36,0,0.3992154032649513,0.0,0.7554945054945055,1
2023-04-01,28452.73,0,0.3957544781146829,-0.00044369718141634706,0.7225274725274725,1
2023-04-02,28171.87,0,0.37928893420346244,-0.01031042642706792,0.5906593406593407,0
2023-04-03,27800.0,0,0.3583893692565232,-0.02337437502986084,0.6016483516483516,0
2023-04-04,28165.47,0,0.37344136176791465,-0.010535261103319926,0.5521978021978022,0
2023-04-05,28170.01,0,0.3709697773445615,-0.010375769004853708,0.532967032967033,0
2023-04-06,28033.82,0,0.36148667956860936,-0.015160180654662403,0.2664835164835165,0
2023-04-07,27906.33,0,0.35254621921019,-0.01963895766644086,0.25824175824175827,0
2023-04-08,27938.38,0,0.35113198455411854,-0.018513027764272105,0.20604395604395603,0
2023-04-09,28323.76,0,0.36651056830399,-0.004974467212078171,0.21428571428571427,0
2023-04-10,29637.34,0,0.4263637352607643,0.0,0.2774725274725275,0
2023-04-11,30200.42,0,0.44965720512008245,0.0,0.2554945054945055,0
2023-04-12,29888.07,0,0.43089749330594507,-0.010342571394702404,0.20604395604395603,0
2023-04-13,30373.84,0,0.45013878441721933,0.0,0.16483516483516483,0
2023-04-14,30466.93,0,0.4506910574166265,0.0,0.16483516483516483,0
2023-04-15,30295.09,0,0.43866724162214443,-0.005640213831849872,0.1620879120879121,0
2023-04-16,30304.65,0,0.4354090034060676,-0.0053264309859903936,0.09340659340659341,0
2023-04-17,29430.27,0,0.39075254163011564,-0.03402574529169822,0.16483516483516483,0
2023-04-18,30380.01,0,0.43192605057429145,-0.00285292938934123,0.13736263736263737,0
2023-04-19,28797.1,0,0.35428980858978654,-0.05480795078467049,0.28296703296703296,0
2023-04-20,28243.65,0,0.3253986191375198,-0.07297354869689854,0.2857142857142857,0
2023-04-21,27262.84,0,0.2770843792490778,-0.10516615884829883,0.31043956043956045,0
2023-04-22,27816.85,0,0.30075753835014996,-0.08698218035095762,0.31868131868131866,0
2023-04-23,27590.6,0,0.28793964972084973,-0.0944082649613861,0.31868131868131866,0
2023-04-24,27510.93,0,0.2819614937740751,-0.09702323141845925,0.3159340659340659,0
2023-04-25,28300.79,0,0.31607819450514696,-0.07109807256589351,0.3489010989010989,0
2023-04-26,28415.29,0,0.31864417846347703,-0.06733989935973195,0.3489010989010989,0
2023-04-27,29472.77,0,0.36454091258164767,-0.03263079017150727,0.37362637362637363,0
2023-04-28,29311.7,0,0.3538931227530071,-0.03791750596466392,0.37637362637362637,0
2023-04-29,29230.45,0,0.3469763920308029,-0.040584331929734985,0.37362637362637363,0
2023-04-30,29233.21,0,0.34398289953692407,-0.04049374190310617,0.31043956043956045,0
2023-05-01,28068.26,0,0.2878513489005259,-0.07873028230937618,0.35714285714285715,0
2023-05-02,28669.86,0,0.31259587459174365,-0.05898428230215513,0.3626373626373626,0
2023-05-03,29026.16,0,0.32588636289221085,-0.047289635023942345,0.3598901098901099,0
2023-05-04,28838.16,0,0.31442416268858175,-0.05346026002619886,0.3598901098901099,0
2023-05-05,29505.61,0,0.34180169982910313,-0.03155290014451739,0.3791208791208791,0
2023-05-06,28848.2,0,0.309071293618955,-0.05313072239309968,0.4010989010989011,0
2023-05-07,28430.1,0,0.2873805277827719,-0.06685379852843731,0.37637362637362637,0
2023-05-08,27668.79,0,0.25046421898779725,-0.09184187576496872,0.3598901098901099,0
2023-05-09,27628.27,0,0.24624939400260693,-0.09317184238779552,0.2857142857142857,0
2023-05-10,27598.75,0,0.24256531005773407,-0.09414076180304354,0.27472527472527475,0
2023-05-11,26968.62,0,0.21217647050693267,-0.11482318697683036,0.23901098901098902,0
2023-05-12,26795.01,0,0.20235586994919919,-0.12052149658662692,0.20604395604395603,0
2023-05-13,26775.28,0,0.19966845587896853,-0.12116908398712967,0.1978021978021978,0
2023-05-14,26917.62,0,0.20438772903349034,-0.11649713312105947,0.20604395604395603,0
2023-05-15,27162.14,0,0.21346418917858356,-0.108471381921316,0.17857142857142858,0
2023-05-16,27033.84,0,0.205997006166313,-0.11268250526062196,0.17582417582417584,0
2023-05-17,27405.61,0,0.2207858293640208,-0.10048009431865956,0.09065934065934066,0
2023-05-18,26821.28,0,0.19311086977446013,-0.1196592502099818,0.12362637362637363,0
2023-05-19,26880.26,0,0.1940376157345467,-0.1177233807278909,0.12637362637362637,0
2023-05-20,27102.43,0,0.20213932872721352,-0.11043121180900073,0.13186813186813187,0
2023-05-21,26747.78,0,0.1846757065973501,-0.12207170200607675,0.04120879120879121,0
2023-05-22,26849.27,0,0.18742433377718792,-0.11874054917906074,0.03021978021978022,0
2023-05-23,27219.61,0,0.20218890908926923,-0.1065850743740836,0.03296703296703297,0
2023-05-24,26329.01,0,0.16156426811023095,-0.1358167691986033,0.06868131868131869,0
2023-05-25,26473.79,0,0.16651876610972427,-0.13106473149739728,0.04120879120879121,0
2023-05-26,26705.92,0,0.1751639837430321,-0.1234456507432814,0.03571428571428571,0
2023-05-27,26854.27,0,0.17953610902173867,-0.11857643681197938,0.03296703296703297,0
2023-05-28,28065.0,0,0.2294372539766112,-0.07883728357271313,0.1401098901098901,0
2023-05-29,27736.4,0,0.2123509717336336,-0.08962274833729555,0.14560439560439561,0
2023-05-30,27694.4,0,0.20771100082431593,-0.09100129222077835,0.14835164835164835,0
2023-05-31,27210.35,0,0.18391805544139062,-0.10688901047791821,0.12362637362637363,0
2023-06-01,26817.93,0,0.16418762672913023,-0.11976920549592629,0.14560439560439561,0
2023-06-02,27242.59,0,0.17990184552735355,-0.10583081393497806,0.16483516483516483,0
2023-06-03,27069.22,0,0.1698170130046388,-0.11152124615115466,0.17032967032967034,0
2023-06-04,27115.21,0,0.16916388731887078,-0.11001174059874108,0.1620879120879121,0
2023-06-05,25728.2,0,0.10720142493236895,-0.15553683945182528,0.3241758241758242,0
2023-06-06,27230.08,0,0.16918513973402383,-0.10624142307741535,0.44505494505494503,0
2023-06-07,26339.34,0,0.1286037941988003,-0.1354777130482132,0.46703296703296704,0
2023-06-08,26498.61,0,0.13294802215442592,-0.13025007770720576,0.4697802197802198,0
2023-06-09,26477.81,0,0.12947600362211298,-0.130932785154264,0.46703296703296704,0
2023-06-10,25841.21,0,0.10006447357328985,-0.151827571731054,0.49175824175824173,0
2023-06-11,25925.55,0,0.1014692078791748,-0.14905932432312674,0.49175824175824173,0
2023-06-12,25905.19,1,0.09843268459009447,-0.14972758988188184,0.4807692307692308,0
2023-06-13,25934.25,1,0.09747491711698286,-0.1487737688044053,0.4368131868131868,0
2023-06-14,25128.6,1,0.061434578088467307,-0.17521719451221374,0.46703296703296704,0
2023-06-15,25598.49,1,0.07919276290778132,-0.15979424247864815,0.49725274725274726,0
2023-06-16,26345.0,1,0.10829740620103467,-0.1352919378486772,0.5302197802197802,0
2023-06-17,26516.99,1,0.11317386733503532,-0.1296468006458149,0.4368131868131868,0
2023-06-18,26339.97,1,0.1036169587036413,-0.13545703488996097,0.43131868131868134,0
2023-06-19,26844.35,0,0.1224297961804619,-0.11890203574826874,0.4532967032967033,0
2023-06-20,28307.99,0,0.18085951773681108,-0.0708617507572965,0.5439560439560439,0
2023-06-21,29993.89,0,0.24777476957963884,-0.015526342824826789,0.6208791208791209,0
2023-06-22,29884.92,0,0.2399455642317172,-0.01910300775299656,0.6208791208791209,0
2023-06-23,30688.5,0,0.2696722582589952,0.0,0.6373626373626373,0
2023-06-24,30527.43,0,0.2595069683272435,-0.005248545872232224,0.6510989010989011,0
2023-06-25,30462.66,0,0.2533117083668144,-0.007359108460824104,0.5412087912087912,0
2023-06-26,30267.99,0,0.2419699153615158,-0.013702527005229892,0.4478021978021978,0
2023-06-27,30692.44,0,0.2558912508863145,0.0,0.38461538461538464,0
2023-06-28,30077.41,0,0.2274729497912804,-0.020038485047132126,0.4175824175824176,0
2023-06-29,30447.31,0,0.2391899638462165,-0.007986657300625088,0.41483516483516486,0
2023-06-30,30472.0,0,0.23685678322791692,-0.007182224678129123,0.38461538461538464,0
2023-07-01,30585.9,0,0.23826046418328617,-0.003471213106549964,0.38461538461538464,0
2023-07-02,30617.03,0,0.23631396492077927,-0.0024569568271535225,0.38461538461538464,0
2023-07-03,31156.2,0,0.25459009574000047,0.0,0.3873626373626374,0
2023-07-04,30766.51,0,0.23538250384581483,-0.012507622880839175,0.34065934065934067,0
2023-07-05,30504.81,0,0.22150762657771916,-0.0209072351570474,0.35714285714285715,0
2023-07-06,29895.43,0,0.19396092507057427,-0.0404661030549297,0.3708791208791209,0
2023-07-07,30344.7,0,0.20854787659862217,-0.026046180214531978,0.37637362637362637,0
2023-07-08,30284.63,0,0.20294808541919185,-0.027974207380874416,0.3708791208791209,0
2023-07-09,30160.71,0,0.19486106237211565,-0.03195158588017799,0.36813186813186816,0
2023-07-10,30411.57,0,0.20156467885020501,-0.02389989793363767,0.22252747252747251,0
2023-07-11,30622.1,0,0.2065829670337389,-0.01714265539443205,0.02197802197802198,0
2023-07-12,30380.0,0,0.19385807960991897,-0.024913179399284946,0.024725274725274724,0
2023-07-13,31454.23,0,0.2325314923766706,0.0,0.03021978021978022,0
2023-07-14,30312.01,0,0.18466519801242143,-0.036313716787853334,0.10164835164835165,0
2023-07-15,30289.52,0,0.18065241746554817,-0.037028723958589915,0.10164835164835165,0
2023-07-16,30231.99,0,0.17527541974537963,-0.03885773074082555,0.0989010989010989,0
2023-07-17,30138.0,0,0.168554131548603,-0.041845882095985165,0.08791208791208792,0
2023-07-18,29859.13,0,0.15477469421455403,-0.05071178025976153,0.06868131868131869,0
2023-07-19,29909.21,0,0.15372939511591,-0.049119625563874836,0.06043956043956044,0
2023-07-20,29800.0,0,0.14660124775571792,-0.05259165460416615,0.06318681318681318,0
2023-07-21,29901.72,0,0.14759445167466256,-0.049357749339278056,0.06318681318681318,0
2023-07-22,29794.0,0,0.14058892854973326,-0.052782407962299493,0.06593406593406594,0
2023-07-23,30083.75,0,0.14877140418593604,-0.04357061037577459,0.06043956043956044,0
2023-07-24,29176.5,0,0.11150758875506117,-0.07241410773686086,0.1043956043956044,0
2023-07-25,29228.91,0,0.11090605436998269,-0.07074787715356567,0.1043956043956044,0
2023-07-26,29351.96,0,0.11295843343894996,-0.06683584370051343,0.08241758241758242,0
2023-07-27,29222.78,0,0.10552518811490841,-0.07094276350112527,0.06318681318681318,0
2023-07-28,29314.14,0,0.10644152124784068,-0.06803822570128093,0.06593406593406594,0
2023-07-29,29352.9,0,0.10541940176018127,-0.06680595900773911,0.06868131868131869,0
2023-07-30,29281.09,0,0.10036590069488871,-0.06908895878233223,0.06318681318681318,0
2023-07-31,29232.25,0,0.09639099353856828,-0.07064169111753804,0.0521978021978022,0
2023-08-01,29705.99,0,0.11212033671717636,-0.05558044180385269,0.07692307692307693,0
2023-08-02,29186.01,0,0.09097261717421201,-0.07211176366421945,0.02197802197802198,0
2023-08-03,29193.64,0,0.08956311199446398,-0.07186918897712646,0.019230769230769232,0
2023-08-04,29113.99,0,0.08498517902245784,-0.07440143980634717,0.019230769230769232,0
2023-08-05,29072.13,0,0.08182517954075075,-0.07573226240159114,0.02197802197802198,0
2023-08-06,29088.42,0,0.08074007512402326,-0.07521436703425899,0.027472527472527472,0
2023-08-07,29211.06,0,0.08365804565616597,-0.07131536839401242,0.019230769230769232,0
2023-08-08,29770.42,0,0.10295570991744896,-0.05353206865976379,0.03296703296703297,0
2023-08-09,29581.99,0,0.09459612268183615,-0.059522677871942764,0.03571428571428571,0
2023-08-10,29455.75,0,0.08856598059012666,-0.06353612852706936,0.03571428571428571,0
2023-08-11,29426.03,0,0.08616117154023284,-0.06448099349435676,0.03571428571428571,0
2023-08-12,29430.17,0,0.08495292112144925,-0.06434937367724469,0.03296703296703297,0
2023-08-13,29303.84,0,0.07905402112363258,-0.06836568563274315,0.005494505494505495,0
2023-08-14,29430.93,0,0.08245411648935796,-0.06432521158521443,0.008241758241758242,0
2023-08-15,29200.0,0,0.07275214958911524,-0.07166699041750502,0.01098901098901099,0
2023-08-16,28730.51,0,0.054398460336933185,-0.0865931227691793,0.016483516483516484,0
2023-08-17,26623.41,0,-0.02344756592533881,-0.15358252292299002,0.3434065934065934,0
2023-08-18,26054.0,0,-0.0448990591485906,-0.1716853345321122,0.34615384615384615,0
2023-08-19,26100.01,0,-0.043733827406442494,-0.17022257419749276,0.3516483516483517,0
2023-08-20,26189.99,0,-0.04086885903120374,-0.16736190967001885,0.35714285714285715,0
2023-08-21,26126.92,0,-0.04364057275947397,-0.16936704538626446,0.3269230769230769,2
2023-08-22,26056.0,0,-0.04669439644708828,-0.17162175007940106,0.3159340659340659,2
2023-08-23,26432.72,1,-0.033460577666103664,-0.15964498256673265,0.3489010989010989,2
2023-08-24,26180.05,1,-0.043267702469679925,-0.1676779243999933,0.3516483516483517,2
2023-08-25,26060.01,1,-0.048227947755886125,-0.17149426325171535,0.3516483516483517,2
2023-08-26,26017.37,1,-0.050266865393165716,-0.17284988378351662,0.3489010989010989,2
2023-08-27,26101.77,1,-0.04773148447189779,-0.17016661987910686,0.3489010989010989,2
2023-08-28,26120.0,1,-0.04781738427907678,-0.16958704759264487,0.29395604395604397,2
2023-08-29,27716.34,0,0.009255332476748812,-0.11883584497220245,0.5659340659340659,2
2023-08-30,27299.99,0,-0.006888691829179616,-0.13207253841534183,0.5824175824175825,2
2023-08-31,25940.78,1,-0.05704666685125315,-0.17528485040008934,0.6978021978021978,2
2023-09-01,25805.05,1,-0.06266722372082767,-0.1796000092833301,0.6978021978021978,2
2023-09-02,25869.51,1,-0.06095165879778919,-0.17755068237245042,0.7032967032967034,2
2023-09-03,25971.21,1,-0.05754175968267994,-0.17431741295208947,0.7032967032967034,2
2023-09-04,25826.02,1,-0.06320285179751273,-0.17893332629665393,0.7032967032967034,2
2023-09-05,25792.1,1,-0.06464057111014943,-0.18001171861463472,0.695054945054945,2
2023-09-06,25759.95,1,-0.06599753962389854,-0.181033838691966,0.4230769230769231,2
2023-09-07,26255.0,1,-0.04839019407613543,-0.16529509703464362,0.42032967032967034,2
2023-09-08,25910.5,1,-0.061058342653988684,-0.1762475190141357,0.4368131868131868,2
2023-09-09,25901.61,1,-0.06162693765094762,-0.17653015190643673,0.4368131868131868,2
2023-09-10,25841.61,1,-0.0640819643187146,-0.17843768548777061,0.4368131868131868,2
2023-09-11,25162.52,1,-0.08887856770224223,-0.20002746848357122,0.4835164835164835,2
2023-09-12,25840.1,1,-0.06479326082787518,-0.17848569174956763,0.521978021978022,2
2023-09-13,26222.0,1,-0.051497577514431514,-0.16634424050437735,0.532967032967033,2
2023-09-14,26522.73,1,-0.041134260456604954,-0.1567833642724683,0.5439560439560439,2
2023-09-15,26600.0,1,-0.03888070098751906,-0.15432677894197377,0.5439560439560439,2
2023-09-16,26559.67,1,-0.04093016081847489,-0.1556089594308938,0.5467032967032966,2
2023-09-17,26527.51,1,-0.04259250009239335,-0.1566313974304887,0.5521978021978022,2
2023-09-18,26762.51,1,-0.03468544596322731,-0.14916022423693098,0.25274725274725274,2
2023-09-19,27210.26,0,-0.019394029465154894,-0.13492525488622675,0.2664835164835165,2
2023-09-20,27125.0,0,-0.023307596675345432,-0.13763586010530215,0.06043956043956044,2
2023-09-21,26568.08,1,-0.044072792601419164,-0.1553415868072433,0.07142857142857142,2
2023-09-22,26580.14,1,-0.04435580817346596,-0.1549581725573953,0.07417582417582418,2
2023-09-23,26575.96,1,-0.04525749267427304,-0.15509106406356155,0.07142857142857142,2
2023-09-24,26248.38,1,-0.05779468285786149,-0.16550556157311747,0.07967032967032966,2
2023-09-25,26304.81,0,-0.05677509973698247,-0.16371152623987295,0.07967032967032966,2
2023-09-26,26221.67,1,-0.06077858935360436,-0.16635473193907468,0.08516483516483517,2
2023-09-27,26372.99,1,-0.056358543128315786,-0.16154393224695052,0.07142857142857142,2
2023-09-28,27021.39,0,-0.034026674474513574,-0.1409298526780023,0.09065934065934066,2
2023-09-29,26906.96,0,-0.0385974127648544,-0.14456783713986965,0.09340659340659341,2
2023-09-30,26962.56,0,-0.0370051360326108,-0.14280018935450012,0.09340659340659341,2
2023-10-01,27992.57,0,-0.0008786945184048323,-0.11005387828600477,0.11538461538461539,2
2023-10-02,27494.51,0,-0.019092527791410907,-0.12588831454465743,0.10714285714285714,1
2023-10-03,27426.46,0,-0.021525781011998646,-0.1280517755481536,0.1043956043956044,1
2023-10-04,27778.57,0,-0.00911777183560658,-0.11685741472609568,0.10714285714285714,1
2023-10-05,27410.39,0,-0.022152927944004364,-0.12856267662568754,0.13186813186813187,1
2023-10-06,27931.09,0,-0.003615356349366383,-0.1120084643623449,0.1620879120879121,1
2023-10-07,27956.67,0,-0.002676372395021165,-0.11119521921216957,0.1620879120879121,1
2023-10-08,27917.05,0,-0.0042080809872976355,-0.11245482722037703,0.1620879120879121,1
2023-10-09,27590.12,0,-0.015745759024245132,-0.1228486597828019,0.15384615384615385,1
2023-10-10,27390.12,0,-0.02286937453420279,-0.12920710505391486,0.16483516483516483,1
2023-10-11,26875.52,0,-0.04112703366019266,-0.11337057489754054,0.15384615384615385,1
2023-10-12,26759.63,0,-0.04505593319627077,-0.11653832744790937,0.15934065934065933,1
2023-10-13,26862.0,0,-0.04135778682752478,-0.11147099479723299,0.1620879120879121,1
2023-10-14,26852.48,0,-0.04162766032126808,-0.10901586037560551,0.1346153846153846,1
2023-10-15,27154.15,0,-0.030654358472479437,-0.09738147671084885,0.14835164835164835,1
2023-10-16,28500.78,0,0.01733172777317815,-0.052618772593177376,0.36813186813186816,1
2023-10-17,28395.91,0,0.013600970051614203,-0.056104707691029265,0.37362637362637363,1
2023-10-18,28320.0,0,0.010915286412718883,-0.05862799684214903,0.3434065934065934,1
2023-10-19,28713.71,0,0.024870108876327013,-0.04554086508497113,0.3489010989010989,1
2023-10-20,29669.04,0,0.05861531804487785,-0.013785183030705972,0.42857142857142855,0
2023-10-21,29909.8,0,0.066873823012229,0.0,0.31868131868131866,0
2023-10-22,29992.46,0,0.06947466831451865,0.0,0.25274725274725274,0
2023-10-23,33069.99,0,0.17815572718550032,0.0,0.7994505494505495,0
2023-10-24,33922.73,0,0.20724174509412752,0.0,0.7994505494505495,0
2023-10-25,34496.05,0,0.22621421664716124,0.0,0.7884615384615384,0
2023-10-26,34151.66,0,0.212716213150959,-0.009983461874620403,0.7967032967032966,0
2023-10-27,33892.02,0,0.20258801670927862,-0.01751012072396707,0.7994505494505495,0
2023-10-28,34081.0,0,0.208461588400763,-0.012031812337934378,0.7939560439560439,0
2023-10-29,34525.89,0,0.2232309234783043,0.0,0.7774725274725275,0
2023-10-30,34474.73,0,0.22053168890356822,-0.0014817865665446295,0.771978021978022,0
2023-10-31,34639.77,0,0.22546949285322326,0.0,0.7637362637362637,0
2023-11-01,35421.43,0,0.2519874077984683,0.0,0.7417582417582418,0
2023-11-02,34941.59,0,0.23401598876792828,-0.013546601591183705,0.7692307692307693,0
2023-11-03,34716.78,0,0.22493299538418499,-0.019893324464879125,0.7692307692307693,0
2023-11-04,35062.07,0,0.23609505568217792,-0.010145270814871155,0.7692307692307693,0
2023-11-05,35011.88,0,0.2329749164529149,-0.011562209656696631,0.7032967032967034,0
2023-11-06,35046.09,0,0.23270315723148527,-0.010596410139285806,0.6868131868131868,0
2023-11-07,35399.12,0,0.24334143377535855,-0.0006298447013572961,0.6730769230769231,0
2023-11-08,35624.72,0,0.2495519137385216,0.0,0.6758241758241759,0
2023-11-09,36701.09,0,0.2852525010515994,0.0,0.6620879120879121,0
2023-11-10,37301.63,0,0.3040475282668704,0.0,0.6648351648351648,0
2023-11-11,37130.0,0,0.29604720141775487,-0.004601139414014854,0.6840659340659341,0
2023-11-12,37064.13,0,0.29179803849220853,-0.006367013988396786,0.06318681318681318,0
2023-11-13,36462.93,0,0.26929819832499224,-0.022484272135024574,0.06318681318681318,0
2023-11-14,35551.19,0,0.23621740235123956,-0.04692663564568078,0.1043956043956044,0
2023-11-15,37858.2,0,0.31446701549370415,0.0,0.42032967032967034,0
2023-11-16,36163.51,0,0.2541171585775006,-0.044764146208747246,0.5934065934065934,0
2023-11-17,36613.92,0,0.2678582772565943,-0.032866855793460825,0.5961538461538461,0
2023-11-18,36568.1,0,0.26454238132649466,-0.03407716161888308,0.5961538461538461,0
2023-11-19,37359.86,0,0.2900629474865428,-0.013163330533411455,0.6043956043956044,0
2023-11-20,37448.78,0,0.2912138302781353,-0.010814565932875775,0.6071428571428571,0
2023-11-21,35741.65,0,0.23102945343270798,-0.05590730673935884,0.7005494505494505,0
2023-11-22,37408.34,0,0.28653775235110346,-0.011882762519084378,0.8104395604395604,0
2023-11-23,37294.28,0,0.28066295138353503,-0.014895584047841637,0.8104395604395604,0
2023-11-24,37713.57,0,0.29283142323859845,-0.003820308414029139,0.8131868131868132,0
2023-11-25,37780.67,0,0.2928818403317568,-0.002047905077367629,0.8104395604395604,0
2023-11-26,37447.43,0,0.2793222833947073,-0.01085022531446278,0.8214285714285714,1
2023-11-27,37242.7,0,0.27009906915632254,-0.016258036568035483,0.8241758241758241,1
2023-11-28,37818.87,0,0.28732851304717943,-0.0010388766502368307,0.8296703296703297,1
2023-11-29,37854.64,0,0.28612090079188124,-9.403510996286446e-05,0.7994505494505495,1
2023-11-30,37723.96,0,0.2793324924052143,-0.003545863247592318,0.7967032967032966,1
2023-12-01,38682.52,0,0.30928251170988985,0.0,0.804945054945055,1
2023-12-02,39450.35,0,0.33247123715783133,0.0,0.8241758241758241,1
2023-12-03,39972.26,0,0.3472400393144681,0.0,0.7994505494505495,1
2023-12-04,41991.1,0,0.41167490828391884,0.0,0.8434065934065934,1
2023-12-05,44073.32,0,0.4774061470547335,0.0,0.7747252747252747,1
2023-12-06,43762.69,0,0.4629083378341492,-0.007048028149456376,0.5961538461538461,1
2023-12-07,43273.14,0,0.4425591148590182,-0.018155655167343854,0.6071428571428571,1
2023-12-08,44170.99,0,0.4682508335880402,0.0,0.6071428571428571,1
2023-12-09,43713.6,0,0.4490747466670031,-0.010354986383596998,0.6263736263736264,0
2023-12-10,43789.51,0,0.44740230406879333,-0.00863643762569044,0.6263736263736264,0
2023-12-11,41253.4,0,0.36025210974736543,-0.06605217587380308,0.7252747252747253,0
2023-12-12,41492.39,0,0.36480525638626693,-0.06064161115700595,0.6043956043956044,0
2023-12-13,42869.03,0,0.40638273047593887,-0.029475454364957576,0.6483516483516484,0
2023-12-14,43022.26,0,0.40795528479901066,-0.0260064354455265,0.6428571428571429,0
2023-12-15,41940.3,0,0.3693641660263096,-0.05050124527433042,0.7197802197802198,0
2023-12-16,42278.03,0,0.3771125275296703,-0.0428552767325342,0.6868131868131868,0
2023-12-17,41374.65,0,0.3445851794434134,-0.06330716155558203,0.7582417582417582,0
2023-12-18,42657.8,0,0.38272586749640025,-0.0342575522984655,0.7884615384615384,0
2023-12-19,42275.99,0,0.3670190056914613,-0.04290146089096036,0.7967032967032966,0
2023-12-20,43668.93,0,0.4082809857138423,-0.011366283617369577,0.8324175824175825,0
2023-12-21,43861.8,0,0.4106915572687455,-0.006999843109697035,0.8131868131868132,0
2023-12-22,43969.04,0,0.41000462614756605,-0.004572005291255565,0.7939560439560439,0
2023-12-23,43702.16,0,0.39775461467786544,-0.010613979899476877,0.7994505494505495,0
2023-12-24,42991.5,0,0.37137316829981226,-0.026702820108854164,0.6401098901098901,0
2023-12-25,43576.13,0,0.3862463143664634,-0.013467210039892707,0.5054945054945055,0
2023-12-26,42508.93,0,0.34885701750642806,-0.03762786389890738,0.532967032967033,0
2023-12-27,43428.85,0,0.37421255741033344,-0.01680152516391409,0.5494505494505495,0
2023-12-28,42563.76,0,0.34330253279015666,-0.03638655144473768,0.5467032967032966,0
2023-12-29,42066.95,0,0.3242460883929348,-0.04763397877204023,0.5467032967032966,0
2023-12-30,42140.28,0,0.32317932974259467,-0.045973839390966775,0.5467032967032966,0
2023-12-31,42283.58,0,0.32411265697708913,-0.04272962865446295,0.3434065934065934,0
2024-01-01,44179.55,0,0.37947171802506574,0.0,0.4423076923076923,0
2024-01-02,44946.91,0,0.39936795621882104,0.0,0.40384615384615385,0
2024-01-03,42845.23,0,0.33055267897393725,-0.04675916542427505,0.5494505494505495,0
2024-01-04,44151.1,0,0.3673248024879625,-0.01770555528733797,0.5521978021978022,0
2024-01-05,44145.11,0,0.36348657830027253,-0.017838823625472844,0.5494505494505495,0
2024-01-06,43968.32,0,0.35474974931126524,-0.021772130720443372,0.5082417582417582,0
2024-01-07,43929.02,0,0.3506392295634386,-0.02264649561004317,0.45879120879120877,0
2024-01-08,46951.04,0,0.4397767351026711,0.0,0.7747252747252747,0
2024-01-09,46110.0,0,0.4106502916121004,-0.01791312822889546,0.7582417582417582,0
2024-01-10,46653.99,0,0.4237804628323272,-0.00632680341053149,0.7664835164835165,0
2024-01-11,46339.16,0,0.41075484798906436,-0.013032299178037277,0.7664835164835165,0
2024-01-12,42782.73,0,0.300005961171002,-0.08877992904949494,0.9395604395604396,0
2024-01-13,42847.99,0,0.29958887707983517,-0.08738997048840669,0.9285714285714286,0
2024-01-14,41732.35,0,0.2635180243435513,-0.11115174445550091,0.9423076923076923,0
2024-01-15,42511.1,0,0.28474972211924054,-0.0945653174029798,0.9340659340659341,0
2024-01-16,43137.95,0,0.30120367617883437,-0.08121417544744491,0.9203296703296703,1
2024-01-17,42776.1,0,0.28792105292430414,-0.08892113997900797,0.8983516483516484,1
2024-01-18,41327.5,0,0.24230292598914516,-0.11977455664453862,0.9423076923076923,1
2024-01-19,41659.03,0,0.2502950217976949,-0.11271337120540892,0.9423076923076923,1
2024-01-20,41696.04,0,0.24935669622920353,-0.11192510325649874,0.9395604395604396,1
2024-01-21,41580.33,0,0.24382574273658597,-0.11438958540641486,0.8626373626373627,1
2024-01-22,39568.02,0,0.18191999367818856,-0.15724933888578407,0.9203296703296703,1
2024-01-23,39897.6,0,0.19006680964185985,-0.1502296860729816,0.8571428571428571,1
2024-01-24,40084.88,0,0.19390797436412632,-0.1462408500429384,0.8406593406593407,1
2024-01-25,39961.09,0,0.18848635933400382,-0.14887742635732892,0.8379120879120879,1
2024-01-26,41823.51,0,0.24176945479518452,-0.10921014742165458,0.9010989010989011,1
2024-01-27,42120.63,0,0.2484600389057543,-0.10288185309633191,0.9065934065934066,1
2024-01-28,42031.06,0,0.24365775874458984,-0.1047895850656344,0.7472527472527473,1
2024-01-29,43302.7,0,0.27904227410949867,-0.07770520099235301,0.8076923076923077,1
2024-01-30,42941.1,0,0.26600033700867565,-0.08540684082823302,0.7967032967032966,1
2024-01-31,42580.0,0,0.25308401434645833,-0.09309783127274707,0.8021978021978022,1
2024-02-01,43082.94,0,0.2654920218419945,-0.08238582148553042,0.4065934065934066,1
2024-02-02,43200.0,0,0.26650084593901124,-0.07989258597892612,0.40934065934065933,1
2024-02-03,43011.09,0,0.2585362240457001,-0.08391613902482253,0.3708791208791209,1
2024-02-04,42582.88,0,0.24370040843638985,-0.09303649077847909,0.35714285714285715,1
2024-02-05,42708.7,0,0.2450281841813282,-0.09035667793514268,0.33791208791208793,0
2024-02-06,43098.95,0,0.25399242290223834,-0.08204482797399171,0.34065934065934067,0
2024-02-07,44349.6,0,0.28765427206326866,-0.055407505350254294,0.31868131868131866,0
2024-02-08,45288.65,0,0.31202277913260645,-0.03540688342579845,0.3241758241758242,0
2024-02-09,47132.77,0,0.3619050697199009,0.0,0.4065934065934066,0
2024-02-10,47751.09,0,0.3760890611945529,0.0,0.4010989010989011,0
2024-02-11,48299.99,0,0.3881173771144839,0.0,0.20604395604395603,0
2024-02-12,49917.27,0,0.4303437104623242,0.0,0.25,0
2024-02-13,49699.59,0,0.41995903861511596,-0.004360815405169416,0.260989010989011,0
2024-02-14,51795.17,0,0.475102381972101,0.0,0.2967032967032967,0
2024-02-15,51880.0,0,0.472778851059215,0.0,0.23351648351648352,0
2024-02-16,52124.11,0,0.4749162573523782,0.0,0.23901098901098902,0
2024-02-17,51642.64,0,0.4567711981076845,-0.00923699224792518,0.25824175824175827,0
2024-02-18,52137.67,0,0.46598967139940584,0.0,0.21703296703296704,0
2024-02-19,51774.73,0,0.45117768146541826,-0.0069611856456185395,0.21703296703296704,0
2024-02-20,52258.82,0,0.46001040455515096,0.0,0.19230769230769232,0
2024-02-21,51849.39,0,0.44397732814183644,-0.007834658340927003,0.21703296703296704,0
2024-02-22,51288.42,0,0.4239527680889146,-0.018569114266261733,0.26373626373626374,0
2024-02-23,50744.15,0,0.40464312014094905,-0.028984006910221072,0.27472527472527475,0
2024-02-24,51568.22,0,0.42316055875041036,-0.01321499413878846,0.25,0
2024-02-25,51728.85,0,0.4232441259685389,-0.010141254624578266,0.25,0
2024-02-26,54476.47,0,0.49369951786599997,0.0,0.3708791208791209,0
2024-02-27,57037.34,0,0.5580187266768841,0.0,0.4230769230769231,0
2024-02-28,62432.1,0,0.6977284550937009,0.0,0.8598901098901099,0
2024-02-29,61130.98,0,0.6551841830893206,-0.020840561185672013,0.8653846153846154,0
2024-03-01,62387.9,0,0.6817132527857399,-0.0007079691376711272,0.8681318681318682,0
2024-03-02,61987.28,0,0.6635629014943136,-0.007124860448391113,0.8708791208791209,0
2024-03-03,63113.97,0,0.6860211487082544,0.0,0.8681318681318682,1
2024-03-04,68245.71,0,0.8130305147022929,0.0,0.9395604395604396,1
2024-03-05,63724.01,0,0.6844773383710032,-0.0662561793261438,0.9532967032967034,1
2024-03-06,66074.04,0,0.7374185120636596,-0.03182134085790911,0.9587912087912088,1
2024-03-07,66823.17,0,0.7477798230246067,-0.02084438714169734,0.9560439560439561,1
2024-03-08,68124.19,0,0.7720756948278265,-0.0017806247454968949,0.945054945054945,1
2024-03-09,68313.27,0,0.7672810225055959,0.0,0.9505494505494505,1
2024-03-10,68955.88,0,0.7741469422523855,0.0,0.9368131868131868,1
2024-03-11,72078.1,0,0.8435922101131952,0.0,0.9532967032967034,1
2024-03-12,71452.01,0,0.817030196287627,-0.008686272251904659,0.9560439560439561,1
2024-03-13,73072.41,0,0.8471852622157818,0.0,0.9340659340659341,1
2024-03-14,71388.94,0,0.794358137799841,-0.02303838069662678,0.9587912087912088,1
2024-03-15,69499.85,0,0.7374040372807216,-0.0488906825435208,0.9587912087912088,1
2024-03-16,65300.63,0,0.6247961626725693,-0.10635724208357167,0.9725274725274725,1
2024-03-17,68393.48,0,0.6930960095099079,-0.064031417603443,0.9725274725274725,1
2024-03-18,67609.99,0,0.6651124650090057,-0.07475352188329354,0.9697802197802198,1
2024-03-19,61937.4,0,0.5186497341539125,-0.15238323192022818,0.9697802197802198,1
2024-03-20,67840.51,0,0.6548736380652733,-0.07159884284643148,1.0,1
2024-03-21,65501.27,0,0.5901444515048724,-0.10361147251062341,1.0,1
2024-03-22,63796.64,0,0.5416564672544428,-0.12693942898557753,1.0,1
2024-03-23,63990.01,0,0.5392253076869475,-0.12429314976747041,0.9972527472527473,1
2024-03-24,67209.99,0,0.6086596558032451,-0.08022754415791133,0.989010989010989,1
2024-03-25,69880.01,0,0.6638793714867532,-0.043688171773724305,0.9807692307692307,1
2024-03-26,69988.0,0,0.6577515503676783,-0.04221032261013424,0.978021978021978,1
2024-03-27,69469.99,0,0.6370349898287846,-0.04929931830632106,0.9807692307692307,1
2024-03-28,70780.6,0,0.6591341625796701,-0.0313635474729792,0.978021978021978,1
2024-03-29,69850.54,0,0.6288021347594315,-0.04409147036480676,0.9835164835164835,1
2024-03-30,69582.18,0,0.6143114644579768,-0.047763991908847836,0.9807692307692307,1
2024-03-31,71280.01,0,0.6451027074080138,-0.024529093812562186,0.9615384615384616,1
2024-04-01,69649.8,0,0.5995179835844733,-0.04683860844332355,0.9642857142857143,1
2024-04-02,65463.99,0,0.4967110339296903,-0.10412165138661778,0.9862637362637363,1
2024-04-03,65963.28,0,0.5013635480271783,-0.09728883993288306,0.9835164835164835,1
2024-04-04,68487.79,0,0.5514145771062073,-0.06274078000164507,0.9862637362637363,1
2024-04-05,67820.62,0,0.5291903202253769,-0.07187103860403687,0.9505494505494505,1
2024-04-06,68896.0,0,0.5461712022211365,-0.05715440341984068,0.9423076923076923,1
2024-04-07,69360.39,0,0.5492507962104212,-0.050799200409566425,0.9395604395604396,1
2024-04-08,71620.0,0,0.5917133703990898,-0.019876311729693952,0.9065934065934066,1
2024-04-09,69146.0,0,0.5294956131865558,-0.053733139498204685,0.8461538461538461,1
2024-04-10,70631.08,0,0.5547697432060112,-0.03340973699923133,0.8324175824175825,1
2024-04-11,70006.23,0,0.5336290819861553,-0.04196084404496869,0.7994505494505495,1
2024-04-12,67116.52,0,0.46378053282522425,-0.08150668631293256,0.8461538461538461,1
2024-04-13,63924.51,0,0.38845574957878615,-0.12518952091493907,0.8434065934065934,1
2024-04-14,65661.84,0,0.4201315349700454,-0.101414063119035,0.8269230769230769,1
2024-04-15,63419.99,0,0.36626708231324234,-0.1320939052099145,0.8434065934065934,1
2024-04-16,63793.39,0,0.3688724242679309,-0.1269839054165588,0.8434065934065934,1
2024-04-17,61277.37,0,0.31006076400853444,-0.16141577922501804,0.8516483516483516,1
2024-04-18,63470.08,0,0.35181251830166715,-0.13140842077057535,0.8681318681318682,1
2024-04-19,63818.01,0,0.35398543757256484,-0.12664697934555602,0.8681318681318682,1
2024-04-20,64940.59,0,0.37234117019664525,-0.11128440953295515,0.8626373626373627,1
2024-04-21,64941.15,0,0.3669853370769436,-0.11127674590177061,0.8598901098901099,1
2024-04-22,66819.32,0,0.4007103252107558,-0.08557388486297357,0.804945054945055,1
2024-04-23,66414.0,0,0.3866207797506849,-0.09112071163384383,0.8076923076923077,1
2024-04-24,64289.59,0,0.3371946007918376,-0.1201933807848955,0.782967032967033,1
2024-04-25,64498.34,0,0.33645214589599726,-0.11733662541032941,0.7802197802197802,1
2024-04-26,63770.01,0,0.3164261741319221,-0.12730386201851018,0.760989010989011,1
2024-04-27,63461.98,0,0.3052078308636208,-0.1315192697216364,0.7554945054945055,1
2024-04-28,63118.62,0,0.2933257779490832,-0.13621817044216822,0.6401098901098901,0
2024-04-29,63866.0,0,0.3036837804496044,-0.12599023352315875,0.5934065934065934,0
2024-04-30,60672.0,0,0.23422625479422599,-0.16970030138598147,0.6868131868131868,0
2024-05-01,58364.97,0,0.1835018696084596,-0.2012721354065098,0.7637362637362637,0
2024-05-02,59060.61,0,0.19374609469574233,-0.19175226326872208,0.695054945054945,0
2024-05-03,62882.01,0,0.26658419569717373,-0.13945619146816157,0.8296703296703297,0
2024-05-04,63892.04,0,0.2823442596761798,-0.12563387467308118,0.8131868131868132,1
2024-05-05,64012.0,0,0.2801666413307853,-0.12399221539292327,0.771978021978022,1
2024-05-06,63165.19,0,0.25889458215294936,-0.13558085739884584,0.782967032967033,1
2024-05-07,62312.08,0,0.2378652677721116,-0.14725571525559378,0.6620879120879121,1
2024-05-08,61193.03,0,0.21186905991449012,-0.16256997682162122,0.5934065934065934,1
2024-05-09,63074.01,0,0.24504162409730346,-0.13682866077634503,0.6593406593406593,1
2024-05-10,60799.99,1,0.19687819390468153,-0.1679487511086606,0.7307692307692307,1
2024-05-11,60825.99,1,0.1942276774060394,-0.16759293966081046,0.7307692307692307,1
2024-05-12,61483.99,1,0.20395683599817893,-0.15858817301906436,0.6483516483516484,1
2024-05-13,62940.08,1,0.2290053533288463,-0.1386615002844439,0.7197802197802198,1
2024-05-14,61577.49,1,0.19915727277397588,-0.15730862031237236,0.6675824175824175,1
2024-05-15,66206.5,0,0.28528197569694114,-0.09396036068880176,0.8846153846153846,1
2024-05-16,65235.21,0,0.2626623115747859,-0.10725251842658545,0.8873626373626373,1
2024-05-17,67024.0,0,0.29321162531494616,-0.08277282766505178,0.9038461538461539,1
2024-05-18,66915.2,0,0.28710465643845495,-0.08426176172374777,0.9010989010989011,1
2024-05-19,66274.01,0,0.27100011097996024,-0.09303648257940322,0.9038461538461539,1
2024-05-20,71446.62,0,0.3654206034206944,-0.022249026684627027,0.9038461538461539,1
2024-05-21,70148.34,0,0.33608554803752977,-0.04001606078135378,0.9010989010989011,1
2024-05-22,69166.62,0,0.31312228944857035,-0.05345095364994812,0.9010989010989011,1
2024-05-23,67969.65,0,0.2863734955716368,-0.06983155475507119,0.8406593406593407,1
2024-05-24,68549.99,0,0.2932566661490559,-0.06188956953794189,0.8351648351648352,1
2024-05-25,69290.57,0,0.30306252651783994,-0.05175469099760077,0.8351648351648352,1
2024-05-26,68507.67,0,0.28436829176077727,-0.06246872109459656,0.8296703296703297,1
2024-05-27,69436.43,0,0.29779810577674626,-0.049758588775161705,0.8241758241758241,1
2024-05-28,68398.39,0,0.2746923361654072,-0.0639642239800221,0.8214285714285714,1
2024-05-29,67652.42,0,0.25721454822353174,-0.07417286497051356,0.8076923076923077,1
2024-05-30,68352.17,0,0.26653623888460953,-0.06459674725385411,0.7664835164835165,1
2024-05-31,67540.01,0,0.24789429647335637,-0.07571120208023807,0.771978021978022,1
2024-06-01,67766.85,0,0.24837014910631505,-0.07260688404830218,0.7692307692307693,1
2024-06-02,67765.63,0,0.24491829155843403,-0.07262357981623979,0.7527472527472527,1
2024-06-03,68809.9,0,0.2603231509520978,-0.05833268671445224,0.7362637362637363,0
2024-06-04,70537.84,0,0.2879707160611027,-0.034685731591444835,0.41483516483516486,0
2024-06-05,71108.0,0,0.2943000248615981,-0.02688306024120468,0.4010989010989011,0
2024-06-06,70799.06,0,0.2847668234482874,-0.031110921345005704,0.3791208791208791,0
2024-06-07,69355.6,0,0.2549397728662801,-0.0508647518263049,0.4065934065934066,0
2024-06-08,69310.46,0,0.25032573578901474,-0.051482495239995485,0.3956043956043956,0
2024-06-09,69648.14,0,0.25277430929548905,-0.046861325635763285,0.07692307692307693,0
2024-06-10,69540.0,0,0.24721219758678892,-0.0483412275577062,0.057692307692307696,0
2024-06-11,67314.24,0,0.2040965646798869,-0.060119519687238165,0.11263736263736264,0
2024-06-12,68263.99,0,0.21776530967131147,-0.046858559061714544,0.10989010989010989,0
2024-06-13,66773.01,0,0.18806001729646304,-0.06767648701480045,0.17032967032967034,0
2024-06-14,66043.99,0,0.1720857534547895,-0.0778554872940519,0.15934065934065933,0
2024-06-15,66228.25,0,0.17240030514121818,-0.07528274225076792,0.15384615384615385,0
2024-06-16,66676.87,0,0.17733843778589753,-0.06901884948338455,0.11813186813186813,0
2024-06-17,66504.33,0,0.17131560490337394,-0.07142795308573024,0.1043956043956044,0
2024-06-18,65175.32,0,0.14523637420815683,-0.08998436191008097,0.1401098901098901,0
2024-06-19,64974.37,0,0.1391508184640431,-0.09279014241831884,0.11263736263736264,0
2024-06-20,64869.99,0,0.13484391549089825,-0.09424755654845018,0.10714285714285714,0
2024-06-21,64143.56,0,0.119965510189467,-0.10439039374476411,0.10989010989010989,0
2024-06-22,64262.01,0,0.12005957442952497,-0.10273652611002515,0.11263736263736264,0
2024-06-23,63210.01,0,0.09985962663108916,-0.11742516056967323,0.0989010989010989,0
2024-06-24,60293.3,0,0.04755743855576422,-0.15814995811225907,0.2032967032967033,0
2024-06-25,61806.01,0,0.07219721418432723,-0.13702862328958387,0.23351648351648352,0
2024-06-26,60864.99,0,0.05430412319520683,-0.15016769058922097,0.23901098901098902,0
2024-06-27,61706.47,0,0.06722414362863138,-0.13841845853113655,0.2554945054945055,0
2024-06-28,60427.84,0,0.04337995928144878,-0.15627143256073728,0.27197802197802196,0
2024-06-29,60986.68,0,0.051259929449447794,-0.14846858419435915,0.2802197802197802,0
2024-06-30,62772.01,0,0.08018168046560614,-0.1235407707344317,0.34615384615384615,0
2024-07-01,62899.99,0,0.08053594172071277,-0.12175383970957832,0.3021978021978022,0
2024-07-02,62135.47,0,0.0655541927172596,-0.13242851158894164,0.29395604395604397,0
2024-07-03,60208.58,0,0.030925181936944934,-0.15933286791399048,0.3131868131868132,0
2024-07-04,57050.01,0,-0.024466807636004617,-0.20343465512426695,0.40384615384615385,0
2024-07-05,56628.79,0,-0.03282479111888881,-0.2093159731918458,0.3983516483516483,0
2024-07-06,58230.13,0,-0.006828280814885179,-0.1869571348785256,0.4478021978021978,0
2024-07-07,55857.81,1,-0.0482797956169736,-0.21818820820355112,0.5137362637362637,0
2024-07-08,56714.62,1,-0.03473815154991167,-0.2061958984203871,0.5192307692307693,2
2024-07-09,58050.0,0,-0.013192933064401613,-0.18750530116050268,0.5412087912087912,2
2024-07-10,57725.85,0,-0.019871519026901874,-0.19204225476306647,0.5357142857142857,2
2024-07-11,57339.89,0,-0.02760921952058304,-0.19744432976675452,0.5302197802197802,2
2024-07-12,57889.1,0,-0.019485490716413256,-0.1897573321173206,0.5494505494505495,2
2024-07-13,59204.02,0,0.0013705438593489827,-0.1713531024980608,0.5741758241758241,2
2024-07-14,60797.91,0,0.026821141443603258,-0.14904427949145804,0.510989010989011,2
2024-07-15,64724.14,0,0.09108977523269668,-0.09409094509999205,0.75,2
2024-07-16,65043.99,0,0.09436222792138604,-0.08961417628993507,0.7307692307692307,2
2024-07-17,64087.99,0,0.07629036596889294,-0.10299479527512989,0.7417582417582418,2
2024-07-18,63987.92,0,0.07265487375134061,-0.10439542136492952,0.6978021978021978,0
2024-07-19,66660.0,0,0.11534642601848888,-0.06699575151350745,0.7774725274725275,0
2024-07-20,67139.96,0,0.12129519458838,-0.06027800895269764,0.75,0
2024-07-21,68165.34,0,0.1360179979284475,-0.04592631533864022,0.7582417582417582,0
2024-07-22,67532.01,0,0.12327469568170657,-0.05479069548706439,0.7472527472527473,0
2024-07-23,65936.01,0,0.09474411315746023,-0.07712905103138545,0.717032967032967,0
2024-07-24,65376.0,0,0.08352059169346449,-0.08496721048525457,0.4807692307692308,0
2024-07-25,65799.95,0,0.0885740604765537,-0.07903340983800211,0.4725274725274725,0
2024-07-26,67907.99,0,0.12150466536711546,-0.04952830518784501,0.47527472527472525,0
2024-07-27,67896.5,0,0.1193012541366949,-0.049689124552008135,0.36538461538461536,0
2024-07-28,68249.88,0,0.12312760383553667,-0.044743054325033005,0.3626373626373626,0
2024-07-29,66784.69,0,0.09717053790101104,-0.06525053249544899,0.3901098901098901,0
2024-07-30,66188.0,0,0.08528130865616768,-0.07360208222586306,0.3901098901098901,0
2024-07-31,64628.0,0,0.05781320551791502,-0.09543656508873333,0.4368131868131868,0
2024-08-01,65354.02,0,0.06763259010623157,-0.08527485275020708,0.43956043956043955,0
2024-08-02,61498.33,0,0.0030898060156598905,-0.13924087661529672,0.6730769230769231,0
2024-08-03,60697.99,1,-0.011380214690895674,-0.15044280611175165,0.6263736263736264,0
2024-08-04,58161.0,1,-0.05388688655129692,-0.18595169372602927,0.4478021978021978,0
2024-08-05,54018.81,1,-0.12217461106272398,-0.24392770434766542,0.7252747252747253,0
2024-08-06,56022.01,1,-0.09068306908426871,-0.21588998891760025,0.8076923076923077,0
2024-08-07,55134.16,1,-0.10606905804995082,-0.22831674892388176,0.8104395604395604,2
2024-08-08,61685.99,1,-0.001466937833040749,-0.13661430029860056,0.9395604395604396,2
2024-08-09,60837.99,1,-0.016886268225721257,-0.14848330123944276,0.9368131868131868,2
2024-08-10,60923.51,1,-0.0171739735524703,-0.14728632369172945,0.9313186813186813,2
2024-08-11,58712.59,1,-0.05426181759438842,-0.17823138449376608,0.9423076923076923,2
2024-08-12,59346.64,1,-0.04553879101997804,-0.169356926891713,0.9395604395604396,2
2024-08-13,60587.15,0,-0.027055931877453476,-0.15199417411208527,0.9423076923076923,2
2024-08-14,58683.39,1,-0.05887919983642198,-0.17864008122427621,0.9423076923076923,2
2024-08-15,57541.06,1,-0.07834529569527926,-0.19462866122988043,0.9313186813186813,2
2024-08-16,58874.6,1,-0.05816010299688745,-0.17596381746260348,0.9395604395604396,2
2024-08-17,59491.99,1,-0.049541743868580346,-0.16732254094035515,0.9395604395604396,2
2024-08-18,58427.35,1,-0.06773085147381597,-0.17832944253811112,0.9368131868131868,2
2024-08-19,59438.5,1,-0.052832812351542024,-0.16410952354165498,0.9478021978021978,2
2024-08-20,59013.8,0,-0.060783909116003065,-0.17008212859312588,0.9368131868131868,2
2024-08-21,61156.03,0,-0.028093239882373444,-0.1399557011869269,0.9587912087912088,2
2024-08-22,60375.84,0,-0.04184689775008421,-0.15092760308263486,0.8983516483516484,2
2024-08-23,64037.24,0,0.014541814219331872,-0.09943691286493783,0.9587912087912088,2
2024-08-24,64157.01,0,0.014746617028672304,-0.09775257355009281,0.9175824175824175,2
2024-08-25,64220.0,0,0.014149259018484406,-0.09686673791978395,0.8598901098901099,2
2024-08-26,62834.0,0,-0.00911091400459918,-0.1163582156719356,0.8598901098901099,2
2024-08-27,59415.0,0,-0.06393490864725082,-0.16444000675029535,0.8873626373626373,2
2024-08-28,59034.9,0,-0.07074924580277064,-0.1697853968611126,0.5824175824175825,2
2024-08-29,59359.01,0,-0.06646006487814426,-0.16522740057377505,0.5714285714285714,2
2024-08-30,59123.99,0,-0.07082892047454359,-0.16853251392248414,0.5714285714285714,2
2024-08-31,58973.99,0,-0.07386120376662264,-0.17064198121167806,0.4642857142857143,2
2024-09-01,57301.86,0,-0.10050958363174922,-0.1941573381335433,0.5,2
2024-09-02,59132.13,0,-0.07230713794220178,-0.1684180401642572,0.5631868131868132,2
2024-09-03,57487.73,0,-0.09848456312223142,-0.18801563184595949,0.532967032967033,2
2024-09-04,57970.9,0,-0.09135841458552085,-0.16766047162207054,0.49725274725274726,2
2024-09-05,56180.0,0,-0.11970803319671264,-0.19337400826497309,0.532967032967033,2
2024-09-06,53962.97,0,-0.15459191011561924,-0.22520587053724617,0.6593406593406593,2
2024-09-07,54160.86,0,-0.15161807794441062,-0.2211553062985332,0.6401098901098901,2
2024-09-08,54869.95,0,-0.14071409384574063,-0.196209450985798,0.6181318681318682,2
2024-09-09,57042.0,0,-0.10710116680042636,-0.16439106474731413,0.7335164835164835,2
2024-09-10,57635.99,0,-0.09828961337944075,-0.1555151452280943,0.6675824175824175,2
2024-09-11,57338.0,0,-0.10335633273546996,-0.15988130675101564,0.6565934065934066,2
2024-09-12,58132.32,0,-0.0913897926414029,-0.1482428980094911,0.36813186813186816,2
2024-09-13,60498.0,0,-0.05485889891906903,-0.11358085904326876,0.45604395604395603,2
2024-09-14,59993.03,0,-0.06296422728677598,-0.12097969989104751,0.45604395604395603,2
2024-09-15,59132.0,0,-0.07617463074767006,-0.1335955462485795,0.43956043956043955,2
2024-09-16,58213.99,1,-0.09030951213121519,-0.14704626586889247,0.30494505494505497,1
2024-09-17,60313.99,0,-0.057340766896190276,-0.1162769809998202,0.3708791208791209,1
2024-09-18,61759.99,0,-0.03472380295363975,-0.09509013056140181,0.38461538461538464,1
2024-09-19,62947.99,0,-0.016143225580683485,-0.0776835065497552,0.39285714285714285,1
2024-09-20,63201.05,0,-0.011798398692661083,-0.07397566120262777,0.38461538461538464,1
2024-09-21,63348.96,0,-0.009456657542265434,-0.07180847790501621,0.34615384615384615,1
2024-09-22,63578.76,0,-0.0056694570964924695,-0.06844143901791477,0.29945054945054944,1
2024-09-23,63339.99,0,-0.009133779356903737,-0.07193990670752837,0.25,1
2024-09-24,64262.7,0,0.005604468787976602,-0.05842032249727047,0.25274725274725274,1
2024-09-25,63152.01,0,-0.011376752576077953,-0.07469419726452264,0.21703296703296704,1
2024-09-26,65173.99,0,0.020578769692120025,-0.045068064588538514,0.17857142857142858,1
2024-09-27,65769.95,0,0.030420014001173445,-0.036336034583504095,0.17582417582417584,1
2024-09-28,65858.0,0,0.0322518370220648,-0.0350459224250651,0.17857142857142858,1
2024-09-29,65602.01,0,0.028841811924119387,-0.038796698250605166,0.1346153846153846,1
2024-09-30,63327.59,0,-0.0061998922733357276,-0.07212159200866008,0.20054945054945056,1
2024-10-01,60805.78,0,-0.04512326791677479,-0.10907125404469586,0.25274725274725274,1
2024-10-02,60649.28,0,-0.04723293243259974,-0.11136429836946238,0.25,1
2024-10-03,60752.71,0,-0.04503497025759284,-0.10984883782945853,0.19505494505494506,1
2024-10-04,62086.0,0,-0.023653248672687588,-0.09031341886608446,0.2032967032967033,1
2024-10-05,62058.0,0,-0.024102822745787345,-0.09072367599767217,0.1978021978021978,1
2024-10-06,62819.91,0,-0.011731228847471353,-0.07956013988596022,0.18406593406593408,1
2024-10-07,62224.0,0,-0.02085354102752701,-0.08829143728897404,0.14835164835164835,1
2024-10-08,62160.49,0,-0.021726989788686257,-0.08922198837565731,0.12912087912087913,1
2024-10-09,60636.02,0,-0.045466959964094444,-0.11155858442535005,0.1346153846153846,1
2024-10-10,60326.39,0,-0.049826347303342455,-0.11609529569868848,0.13186813186813187,1
2024-10-11,62540.0,0,-0.014391051349041839,-0.08366139251819937,0.18681318681318682,1
2024-10-12,63206.22,0,-0.003359055084991014,-0.07389991015368824,0.18956043956043955,1
2024-10-13,62870.02,0,-0.008144178097909238,-0.07882592614082262,0.18956043956043955,1
2024-10-14,66083.99,0,0.04294673872731525,-0.03173470781194043,0.29945054945054944,1
2024-10-15,67074.14,0,0.058805395195609345,-0.017226989996173003,0.2774725274725275,1
2024-10-16,67620.01,0,0.06758761688855142,-0.009228880695468011,0.23351648351648352,1
2024-10-17,67421.78,0,0.06478225335199883,-0.012133354666704288,0.23076923076923078,1
2024-10-18,68428.0,0,0.0807776096344408,0.0,0.24175824175824176,0
2024-10-19,68378.0,0,0.07973941591864375,-0.000730695037119311,0.23351648351648352,0
2024-10-20,69031.99,0,0.08980235993568386,0.0,0.16758241758241757,0
2024-10-21,67377.5,0,0.06377629176528754,-0.023967004283086846,0.12087912087912088,0
2024-10-22,67426.0,0,0.06457518793096928,-0.02326443146141388,0.12087912087912088,0
2024-10-23,66668.65,0,0.052802665649893665,-0.03423543200768242,0.1401098901098901,0
2024-10-24,68198.28,0,0.07705675341202567,-0.012077154374370624,0.14560439560439561,0
2024-10-25,66698.33,0,0.05377755435133058,-0.033805486412893604,0.1620879120879121,0
2024-10-26,67092.76,0,0.060181175392023833,-0.028091758617997398,0.1565934065934066,0
2024-10-27,68021.7,0,0.07508167008543287,-0.01463509888676262,0.1565934065934066,0
2024-10-28,69962.21,0,0.10575524015905757,0.0,0.20054945054945056,0
2024-10-29,72736.42,0,0.1490914016559315,0.0,0.20054945054945056,0
2024-10-30,72344.74,0,0.14214397640692922,-0.00538492271134583,0.2032967032967033,0
2024-10-31,70292.01,0,0.10933100761665093,-0.03360641065370007,0.21978021978021978,0
2024-11-01,69496.01,0,0.09624313866095124,-0.044550034219446144,0.22802197802197802,0
2024-11-02,69374.74,0,0.0938486837519279,-0.04621728702072492,0.22802197802197802,0
2024-11-03,68775.99,0,0.0837673612718366,-0.05444906416895401,0.11813186813186813,0
2024-11-04,67850.01,0,0.06880699354858022,-0.06717968797474505,0.12087912087912088,0
2024-11-05,69372.01,0,0.09230446696526307,-0.04625481980003965,0.1510989010989011,0
2024-11-06,75571.99,0,0.18893179771178636,0.0,0.6098901098901099,0
2024-11-07,75857.89,0,0.19240574201712923,0.0,0.5989010989010989,0
2024-11-08,76509.78,0,0.20173749689122578,0.0,0.5906593406593407,0
2024-11-09,76677.46,0,0.203401253864955,0.0,0.5879120879120879,0
2024-11-10,80370.01,0,0.25976370533454696,0.0,0.6620879120879121,0
2024-11-11,88647.99,0,0.3868923774084656,0.0,0.8516483516483516,0
2024-11-12,87952.01,0,0.3734058378436125,-0.00785105223479976,0.8489010989010989,0
2024-11-13,90375.2,0,0.40828568389463715,0.0,0.8489010989010989,0
2024-11-14,87325.59,0,0.35820302795729475,-0.03374388106471693,0.8516483516483516,0
2024-11-15,91032.07,0,0.41286626531881865,0.0,0.8571428571428571,1
2024-11-16,90586.92,0,0.4027009611764154,-0.004890034907478302,0.8626373626373627,1
2024-11-17,89855.99,0,0.38799869550104527,-0.012919403019177711,0.8653846153846154,1
2024-11-18,90464.08,0,0.394010733196674,-0.006239449459954138,0.8489010989010989,1
2024-11-19,92310.79,0,0.4192496658201852,0.0,0.8406593406593407,1
2024-11-20,94286.56,0,0.4462473123450823,0.0,0.8241758241758241,1
2024-11-21,98317.12,0,0.5041141315826554,0.0,0.8214285714285714,1
2024-11-22,98892.0,0,0.5087857039176675,0.0,0.8186813186813187,1
2024-11-23,97672.4,0,0.48616952388733914,-0.012332645714516866,0.8186813186813187,1
2024-11-24,97900.04,0,0.4854848325274226,-0.01003074060591358,0.8104395604395604,1
2024-11-25,93010.01,0,0.40808802997839533,-0.05947892650568298,0.8846153846153846,1
2024-11-26,91965.16,0,0.38899321612151017,-0.07004449298224324,0.8021978021978022,1
2024-11-27,95863.11,0,0.4440449804725388,-0.030628261133357593,0.8076923076923077,1
2024-11-28,95643.98,0,0.4370467636493687,-0.032844112769485956,0.8076923076923077,1
2024-11-29,97460.0,0,0.46054475431515574,-0.014480443311895796,0.804945054945055,1
2024-11-30,96407.99,0,0.4410183686596727,-0.025118412005015522,0.7967032967032966,1
2024-12-01,97185.18,0,0.44927971397640576,-0.017259434534643958,0.4010989010989011,1
2024-12-02,95840.62,0,0.42597477395823713,-0.030855680944869235,0.40934065934065933,1
2024-12-03,95849.69,0,0.4230580739919203,-0.03076396472919951,0.39285714285714285,1
2024-12-04,98587.32,0,0.46026972744519945,-0.0030809367795169296,0.3434065934065934,0
2024-12-05,96945.63,0,0.43269868932774114,-0.019681774056546475,0.2857142857142857,0
2024-12-06,99740.84,0,0.47093204925360177,0.0,0.3159340659340659,0
2024-12-07,99831.99,0,0.469060801223534,0.0,0.3076923076923077,0
2024-12-08,101109.59,0,0.48437245178683175,0.0,0.31043956043956045,0
2024-12-09,97276.47,0,0.4250334865173693,-0.0379105483466009,0.3956043956043956,0
2024-12-10,96593.0,0,0.4121205482107717,-0.04467024344575021,0.3791208791208791,0
2024-12-11,101125.0,0,0.47494297843097844,0.0,0.4010989010989011,0
2024-12-12,100004.29,0,0.4552543970857257,-0.011082422744128628,0.4010989010989011,0
2024-12-13,101424.25,0,0.47249043590064366,0.0,0.3983516483516483,0
2024-12-14,101420.0,0,0.46890767384887333,-4.19031937628489e-05,0.4010989010989011,0
2024-12-15,104463.99,0,0.5089724388195842,0.0,0.28296703296703296,0
2024-12-16,106058.66,0,0.5278464606291617,0.0,0.2692307692307692,0
2024-12-17,106133.74,0,0.5246896401438692,0.0,0.20604395604395603,0
2024-12-18,100204.01,0,0.4361585518395701,-0.0558703575319216,0.3983516483516483,0
2024-12-19,97461.86,0,0.3938907933606821,-0.08170709898661821,0.4340659340659341,0
2024-12-20,97805.44,0,0.3959102822946774,-0.07846986264688305,0.4258241758241758,0
2024-12-21,97291.99,0,0.3859361059357975,-0.08330762677354064,0.4258241758241758,0
2024-12-22,95186.27,0,0.3536184300458409,-0.10314787738564568,0.4532967032967033,0
2024-12-23,94881.47,0,0.346977457488278,-0.10601972567818685,0.4532967032967033,0
2024-12-24,98663.58,0,0.3977620662186945,-0.07038440367785026,0.47527472527472525,0
2024-12-25,99429.6,0,0.40561537884219145,-0.06316690620720611,0.46153846153846156,0
2024-12-26,95791.6,0,0.3516879214489883,-0.09744441305846752,0.48626373626373626,0
2024-12-27,94299.03,0,0.3283063562242765,-0.11150751872119091,0.5,0
2024-12-28,95300.0,0,0.33976538056772276,-0.10207630485837971,0.4945054945054945,0
2024-12-29,93738.2,0,0.31545347934510204,-0.11679170073531764,0.43956043956043955,0
2024-12-30,92792.05,0,0.2998029012703778,-0.1257063964767472,0.4423076923076923,0
2024-12-31,93576.0,0,0.30826151417873926,-0.11831996121120392,0.29945054945054944,0
2025-01-01,94591.79,0,0.319846127634555,-0.10874911220503503,0.3159340659340659,0
2025-01-02,96984.79,0,0.3503805279899743,-0.08620208804476326,0.33791208791208793,0
2025-01-03,98174.18,0,0.3639339596068851,-0.07499556691397113,0.34615384615384615,0
2025-01-04,98220.5,0,0.3614522920516565,-0.07455913642541956,0.28846153846153844,0
2025-01-05,98363.61,0,0.3602881614645823,-0.07321074335079503,0.27472527472527475,0
2025-01-06,102235.6,0,0.4101911307232484,-0.036728565298838944,0.35714285714285715,0
2025-01-07,96954.61,0,0.3343281135442966,-0.08648644625168211,0.3434065934065934,0
2025-01-08,95060.61,0,0.3054953745223046,-0.10433185526110744,0.3324175824175824,0
2025-01-09,92552.49,0,0.2684948033965482,-0.12796354863213144,0.3626373626373626,0
2025-01-10,94726.11,0,0.2952294870285026,-0.10748353916483111,0.3956043956043956,0
2025-01-11,94599.99,0,0.2906114081192701,-0.10867185119454004,0.36538461538461536,0
2025-01-12,94545.06,0,0.286905397704603,-0.10918940574411118,0.36538461538461536,0
2025-01-13,94536.1,0,0.2839147722749644,-0.10927382753118842,0.27472527472527475,0
2025-01-14,96560.86,0,0.30820359118034,-0.09019638806660357,0.3021978021978022,0
2025-01-15,100497.35,0,0.3579006889277323,-0.05310648621258418,0.3269230769230769,0
2025-01-16,99987.3,0,0.34762076527076147,-0.05791221528610979,0.29945054945054944,0
2025-01-17,104077.48,0,0.3988661196507588,-0.019374234809778734,0.38461538461538464,0
2025-01-18,104556.23,0,0.4013059646703916,-0.014863416666556883,0.35714285714285715,0
2025-01-19,101331.57,0,0.35435548643125636,-0.04524640326440954,0.42857142857142855,0
2025-01-20,102260.01,0,0.36264767432882605,-0.03649857246150012,0.43131868131868134,0
2025-01-21,106143.82,0,0.4097499059328953,0.0,0.49725274725274726,0
2025-01-22,103706.66,0,0.3732336040107942,-0.022960922265658046,0.5137362637362637,0
2025-01-23,103910.34,0,0.3715670750193212,-0.021042016388707396,0.510989010989011,0
2025-01-24,104870.5,0,0.37985531073563505,-0.011996176508439316,0.5137362637362637,0
2025-01-25,104746.85,0,0.3740072487614139,-0.01316110537570625,0.5164835164835165,0
2025-01-26,102620.0,0,0.34215654209346735,-0.033198541375277446,0.47527472527472525,0
2025-01-27,102082.83,0,0.33123583172710047,-0.038259316463266635,0.27472527472527475,0
2025-01-28,101335.52,0,0.31775732274594515,-0.04529985824893057,0.25,0
2025-01-29,103733.24,0,0.34504278237333796,-0.022710507309799066,0.21703296703296704,0
2025-01-30,104722.94,0,0.35401969615381335,-0.013386365781823284,0.2087912087912088,0
2025-01-31,102429.56,0,0.3211469550896302,-0.0349927108332827,0.23901098901098902,0
2025-02-01,100635.65,0,0.29503639158728423,-0.05189345927063882,0.26373626373626374,0
2025-02-02,97700.59,0,0.2545531223437094,-0.0795451868983047,0.3489010989010989,0
2025-02-03,101328.52,0,0.2980267147586546,-0.045365806506681206,0.3873626373626374,0
2025-02-04,97763.13,0,0.24986383507642462,-0.07895598632120082,0.3708791208791209,0
2025-02-05,96612.43,0,0.23282996475622886,-0.08979693777744213,0.37362637362637363,0
2025-02-06,96554.35,0,0.22986118290595026,-0.09034411989317892,0.23351648351648352,0
2025-02-07,96506.8,0,0.2269913081826458,-0.0907920969868995,0.23076923076923078,0
2025-02-08,96444.74,0,0.22382872507047935,-0.09137677539775746,0.1978021978021978,0
2025-02-09,96462.75,0,0.22164772573766633,-0.09120709995174481,0.19505494505494506,0
2025-02-10,97430.82,0,0.23144129986280304,-0.08208673854021831,0.10989010989010989,0
2025-02-11,95778.2,0,0.20842524108022498,-0.09765636850077575,0.0989010989010989,0
2025-02-12,97869.99,0,0.23248670854973108,-0.07794923906073858,0.1401098901098901,0
2025-02-13,96608.14,0,0.21442763101344586,-0.08983735463826348,0.1346153846153846,0
2025-02-14,97500.48,0,0.22328327353268262,-0.08143045916380254,0.14560439560439561,0
2025-02-15,97569.66,0,0.221746058208931,-0.08077870195363235,0.11813186813186813,0
2025-02-16,96118.12,0,0.20120194577576123,-0.09445392110440354,0.13186813186813187,0
2025-02-17,95780.0,0,0.19470505124688442,-0.09763941037735413,0.12637362637362637,0
2025-02-18,95671.74,0,0.19081669249808386,-0.09865934728936643,0.07142857142857142,0
2025-02-19,96644.37,0,0.2002378636210953,-0.08949602529850542,0.07417582417582418,0
2025-02-20,98305.0,0,0.21782567031236155,-0.07385093168872203,0.07967032967032966,0
2025-02-21,96181.98,0,0.18842146948292116,-0.09385228457012396,0.08516483516483517,0
2025-02-22,96551.01,0,0.19000157699750386,-0.0903755866333058,0.046703296703296704,0
2025-02-23,96258.0,0,0.1833911542036175,-0.09313608649095173,0.005494505494505495,0
2025-02-24,91552.88,0,0.12348402250705703,-0.13746386742063743,0.046703296703296704,0
2025-02-25,88680.4,1,0.08637871520167373,-0.16452601762401253,0.06043956043956044,0
2025-02-26,84250.09,1,0.03063264986725911,-0.20626476416620398,0.17032967032967034,0
2025-02-27,84708.58,1,0.03459630862612206,-0.20194524749533227,0.19230769230769232,0
2025-02-28,84349.94,1,0.02864538523946769,-0.2053240593752892,0.18406593406593408,0
2025-03-01,86064.53,0,0.04792683352790883,-0.18917059891004495,0.22252747252747251,1
2025-03-02,94270.0,0,0.14535568415106948,-0.11186539169214005,0.7582417582417582,1
2025-03-03,86220.61,0,0.04573578673479295,-0.1877001411857987,0.8489010989010989,1
2025-03-04,87281.98,0,0.05678818591223456,-0.17770078371025289,0.8324175824175825,1
2025-03-05,90606.01,0,0.09497220875073786,-0.1463844998229762,0.8818681318681318,1
2025-03-06,89931.89,0,0.08476046472243581,-0.15273550546795855,0.8791208791208791,1
2025-03-07,86801.75,1,0.045279641390378655,-0.18222511682733866,0.8846153846153846,1
2025-03-08,86222.45,1,0.03660540218888575,-0.18768280621518996,0.8818681318681318,1
2025-03-09,80734.37,1,-0.030515769281205918,-0.2393869939860842,0.9038461538461539,1
2025-03-10,78595.86,1,-0.05722703901922699,-0.25953428094070863,0.9065934065934066,1
2025-03-11,82932.99,1,-0.00632842213715723,-0.21867339992097512,0.9752747252747253,1
2025-03-12,83680.12,1,0.0014521148534127892,-0.2116345539476534,0.9725274725274725,1
2025-03-13,81115.78,1,-0.030217400554163887,-0.23579366184484418,0.9752747252747253,1
2025-03-14,83983.2,1,0.0027963561089561217,-0.20877918281064323,0.9835164835164835,1
2025-03-15,84338.44,1,0.005541847620974316,-0.20543240294159382,0.9862637362637363,1
2025-03-16,82574.53,1,-0.016868329302772267,-0.22205051598858994,0.9725274725274725,1
2025-03-17,84010.03,1,-0.0012429284196471269,-0.2085264125598646,0.9615384615384616,1
2025-03-18,82715.03,1,-0.018015647103840626,-0.22072684024373723,0.9203296703296703,1
2025-03-19,86845.94,1,0.02932311403439658,-0.18180879489733837,0.9615384615384616,1
2025-03-20,84223.39,1,-0.003350168290603084,-0.20651630966362433,0.978021978021978,1
2025-03-21,84088.79,1,-0.006410091782100058,-0.20778440044837287,0.9752747252747253,1
2025-03-22,83840.59,1,-0.010882791679109105,-0.21012273724461783,0.8516483516483516,1
2025-03-23,86082.5,1,0.013885080354171908,-0.1890013003112193,0.7692307692307693,1
2025-03-24,87498.16,1,0.028661614650802525,-0.17566411308731866,0.771978021978022,1
2025-03-25,87392.87,1,0.02540878226023935,-0.17665606909568554,0.739010989010989,1
2025-03-26,86909.17,1,0.017777985707359667,-0.18121309370625638,0.739010989010989,1
2025-03-27,87232.01,1,0.019626585124913776,-0.17817156005879575,0.717032967032967,1
2025-03-28,84424.38,1,-0.014767574352202106,-0.20462274676000924,0.739010989010989,1
2025-03-29,82648.54,1,-0.03689725655413023,-0.22135325448057186,0.5714285714285714,1
2025-03-30,82389.99,1,-0.04130949315079224,-0.22378910048649092,0.5137362637362637,1
2025-03-31,82550.01,1,-0.04081014557307194,-0.22228152331431084,0.30494505494505497,1
2025-04-01,85158.34,1,-0.011918283469032898,-0.19770797772305548,0.3708791208791209,2
2025-04-02,82516.29,1,-0.043823074387983496,-0.22259920549307544,0.37637362637362637,2
2025-04-03,83213.09,1,-0.03709221487965264,-0.2160345274929808,0.29395604395604397,2
2025-04-04,83889.87,1,-0.030700740213996824,-0.20965846151005318,0.2967032967032967,2
2025-04-05,83537.99,1,-0.03605982991505696,-0.2129735862153821,0.25824175824175827,2
2025-04-06,78430.0,1,-0.09587020565824167,-0.26109687780221214,0.5247252747252747,2
2025-04-07,79163.24,1,-0.08826965551505561,-0.2541888920146269,0.5247252747252747,2
2025-04-08,76322.42,1,-0.12165132214939234,-0.2809527676693755,0.3708791208791209,2
2025-04-09,82615.22,1,-0.05028415694802091,-0.2216671681874649,0.7692307692307693,2
2025-04-10,79607.3,1,-0.08570449308319505,-0.25000532296651845,0.8021978021978022,2
2025-04-11,83423.84,1,-0.042975017713970054,-0.21404901387570197,0.8296703296703297,2
2025-04-12,85276.9,1,-0.022894770407045684,-0.1965910026603528,0.8269230769230769,2
2025-04-13,83760.0,1,-0.04140720323890834,-0.21088199011492148,0.8241758241758241,2
2025-04-14,84591.58,1,-0.03296466816410004,-0.2030475255177363,0.8269230769230769,2
2025-04-15,83643.99,1,-0.04477326259332837,-0.2119749411694435,0.8269230769230769,2
2025-04-16,84030.38,1,-0.04135537531311795,-0.20833469155340367,0.8269230769230769,2
2025-04-17,84947.91,1,-0.03195616448817751,-0.19969047656283712,0.8104395604395604,2
2025-04-18,84474.69,1,-0.038507388849704616,-0.20414876721037556,0.7994505494505495,2
2025-04-19,85077.01,1,-0.032987483799470696,-0.1984742022663214,0.7994505494505495,2
2025-04-20,85179.24,1,-0.03317333559980051,-0.1975110750677712,0.7994505494505495,2
2025-04-21,87516.23,0,-0.008153850160946163,-0.16548285742892432,0.7884615384615384,2
2025-04-22,93442.99,0,0.05713737983436307,-0.10896782221883172,0.8461538461538461,2
2025-04-23,93691.08,0,0.058050839551828215,-0.10660214264259249,0.8461538461538461,2
2025-04-24,93980.47,0,0.05945482680901626,-0.1027847615465286,0.8516483516483516,2
2025-04-25,94638.68,0,0.06492921267337692,-0.09629466094057337,0.8351648351648352,2
2025-04-26,94628.0,0,0.06286747800928416,-0.09639664432644846,0.7307692307692307,2
2025-04-27,93749.3,0,0.05104329124254536,-0.1047873560463447,0.7445054945054945,2
2025-04-28,95011.18,0,0.06312347242902594,-0.0927376561429617,0.695054945054945,2
2025-04-29,94256.82,0,0.05281440649514635,-0.09994104443591822,0.3626373626373626,2
2025-04-30,94172.0,0,0.050051057996771675,-0.08061696252527095,0.21703296703296704,0
2025-05-01,96489.91,0,0.07388371956428164,-0.047751708995650954,0.1510989010989011,0
2025-05-02,96887.14,0,0.07645951015485619,-0.04383148989050667,0.1346153846153846,0
2025-05-03,95856.42,0,0.0633076055140942,-0.05400355201082585,0.1043956043956044,0
2025-05-04,94277.62,0,0.04425048135563392,-0.04096821117949245,0.1565934065934066,0
2025-05-05,94733.68,0,0.04771719983395273,-0.03632897614566921,0.12362637362637363,0
2025-05-06,96834.02,0,0.0692665325917532,-0.014963430140887968,0.1565934065934066,0
2025-05-07,97030.5,0,0.06974384341170525,-0.01296475255582119,0.15934065934065933,0
2025-05-08,103261.6,0,0.136296551004355,0.0,0.34615384615384615,0
2025-05-09,102971.99,0,0.13089489992653824,-0.002804624371499198,0.36813186813186816,0
2025-05-10,104809.53,0,0.1487176479741874,0.0,0.36538461538461536,0
2025-05-11,104118.0,0,0.13880135838074037,-0.006597968715249425,0.3626373626373626,0
2025-05-12,102791.32,0,0.12216771450883712,-0.019255977963072546,0.11813186813186813,0
2025-05-13,104103.72,0,0.1341793933366684,-0.006734215867583826,0.12362637362637363,0
2025-05-14,103507.82,0,0.1254547222744904,-0.012419767553580208,0.14285714285714285,0
2025-05-15,103763.71,0,0.1260489797818407,-0.009978291096238934,0.14835164835164835,0
2025-05-16,103463.9,0,0.12075810125327946,-0.012838813417062389,0.1565934065934066,0
2025-05-17,103126.65,0,0.11526916698014067,-0.01605655516249338,0.12912087912087913,0
2025-05-18,106454.26,0,0.14913633570452323,0.0,0.18956043956043955,0
2025-05-19,105573.74,0,0.1374653911250303,-0.008271345834351629,0.19230769230769232,0
2025-05-20,106849.99,0,0.14890395635619602,0.0,0.18956043956043955,0
2025-05-21,109643.99,0,0.17639955165744214,0.0,0.20054945054945056,0
2025-05-22,111696.21,0,0.1956653321000943,0.0,0.20604395604395603,0
2025-05-23,107318.3,0,0.1463797879509363,-0.03919479452346686,0.3324175824175824,0
2025-05-24,107761.91,0,0.148763012917132,-0.03522321840642584,0.28846153846153844,0
2025-05-25,109004.19,0,0.15993898519173744,-0.02410126538760804,0.29395604395604397,0
2025-05-26,109434.79,0,0.16244439544220524,-0.020246165917357506,0.28296703296703296,0
2025-05-27,108938.17,0,0.15517958924090758,-0.024692332891151914,0.2857142857142857,0
2025-05-28,107781.78,0,0.14103549916556246,-0.03504532517262682,0.04945054945054945,0
2025-05-29,105589.75,0,0.11633924355959069,-0.05467025246425106,0.06043956043956044,0
2025-05-30,103985.48,0,0.09848760347038477,-0.06903304955468059,0.06043956043956044,0
2025-05-31,104591.88,0,0.10392328084095692,-0.06360403813164295,0.06043956043956044,0
2025-06-01,105642.93,0,0.11411900075204606,-0.05419413962210551,0.06043956043956044,0
2025-06-02,105857.99,0,0.11529714929350598,-0.05226873857223979,0.0521978021978022,0
2025-06-03,105376.89,0,0.10939005001914981,-0.0565759572325687,0.0521978021978022,0
2025-06-04,104696.86,0,0.101412751235332,-0.0626641673875954,0.06043956043956044,0
2025-06-05,101508.68,0,0.06721891016813952,-0.09120748143558333,0.12087912087912088,0
2025-06-06,104288.44,0,0.09564789361115555,-0.06632069252842154,0.21153846153846154,0
2025-06-07,105552.15,0,0.10815356030523304,-0.05500687982161623,0.11538461538461539,0
2025-06-08,105734.0,0,0.1093960872074049,-0.053378803094572325,0.1043956043956044,0
2025-06-09,110263.02,0,0.15619147537347633,-0.0128311426144182,0.26373626373626374,0
2025-06-10,110274.39,0,0.15562106424785682,-0.012729348650236227,0.21428571428571427,0
2025-06-11,108645.12,0,0.13789289650162906,-0.027315967121892548,0.2087912087912088,0
2025-06-12,105671.73,0,0.10630089867914316,-0.0539362973909322,0.11263736263736264,0
2025-06-13,106066.59,0,0.10967635527431785,-0.050401172967283414,0.10989010989010989,0
2025-06-14,105414.64,0,0.10208024166220797,-0.056237986946916174,0.08791208791208792,0
2025-06-15,105594.01,0,0.10339424178898904,-0.05463211330089013,0.08516483516483517,0
2025-06-16,106794.53,0,0.11528920927052178,-0.0438840315172736,0.10714285714285714,0
2025-06-17,104551.17,0,0.09145694690969774,-0.06396850886883276,0.13186813186813187,0
2025-06-18,104886.78,0,0.09447614958933026,-0.060963841118691575,0.08516483516483517,0
2025-06-19,104658.59,0,0.09166936220284794,-0.06300679315797741,0.06043956043956044,0
2025-06-20,103297.99,0,0.07705835989800991,-0.07518804800986534,0.07417582417582418,0
2025-06-21,102120.01,0,0.06442794685173969,-0.08573433243616779,0.06868131868131869,0
2025-06-22,100963.87,0,0.05224681905191497,-0.09608508650383041,0.07967032967032966,0
2025-06-23,105333.93,0,0.09731199209303121,-0.05696057189406889,0.29395604395604397,0
2025-06-24,106083.0,0,0.1047504489038682,-0.05025425661264604,0.29120879120879123,0
2025-06-25,107340.58,0,0.11741003458780219,-0.03899532490851754,0.20604395604395603,0
2025-06-26,106947.06,0,0.1129753460535805,-0.04251845250613251,0.12087912087912088,0
2025-06-27,107047.59,0,0.1134554264365677,-0.0416184219679433,0.10989010989010989,0
2025-06-28,107296.79,0,0.11542654738934899,-0.0393873704398745,0.10989010989010989,0
2025-06-29,108356.93,0,0.1260241792340262,-0.02989609047612285,0.0027472527472527475,0
2025-06-30,107146.5,0,0.11303257672972,-0.04073289505525757,0.005494505494505495,0
2025-07-01,105681.14,0,0.09756781481660037,-0.05385205102303836,0.005494505494505495,0
2025-07-02,108849.6,0,0.1300383699839347,-0.025485287280562208,0.01098901098901099,0
2025-07-03,109584.78,0,0.13736842559284979,-0.018903327158549144,0.013736263736263736,0
2025-07-04,107984.24,0,0.12064461372297353,-0.03323273009889949,0.019230769230769232,0
2025-07-05,108198.12,0,0.12274396161527368,-0.03131789341822799,0.02197802197802198,0
2025-07-06,109203.84,0,0.13265117313673902,-0.022313827837130873,0.019230769230769232,0
2025-07-07,108262.94,0,0.12226363047637445,-0.03073756934098304,0.0027472527472527475,0
2025-07-08,108922.98,0,0.12845541930855964,-0.024828326762385333,0.008241758241758242,0
2025-07-09,111233.99,0,0.15156610027331108,-0.004138188753226246,0.02197802197802198,0
2025-07-10,116010.0,0,0.19971726073756524,0.0,0.09615384615384616,0
2025-07-11,117527.66,0,0.21399058368508284,0.0,0.06593406593406594,0
2025-07-12,117420.0,0,0.21170472587318767,-0.000916039679510372,0.0521978021978022,0
2025-07-13,119086.64,0,0.22765831549075588,0.0,0.0027472527472527475,0
2025-07-14,119841.18,0,0.2339072431945255,0.0,0.0027472527472527475,0
2025-07-15,117758.09,0,0.2109968441687824,-0.01738208852749945,0.02197802197802198,0
2025-07-16,118630.43,0,0.21850603748114383,-0.010102954593738112,0.016483516483516484,0
2025-07-17,119177.56,0,0.22252862605717527,-0.005537495542016435,0.016483516483516484,0
2025-07-18,117924.84,0,0.20812082163854795,-0.015990663643331904,0.03571428571428571,0
2025-07-19,117840.0,0,0.20575301476189267,-0.0166986005978913,0.03571428571428571,0
2025-07-20,117265.12,0,0.19848055877575788,-0.021495616114594274,0.027472527472527472,0
2025-07-21,117380.36,0,0.19840931121606498,-0.020534010095694888,0.008241758241758242,0
2025-07-22,119954.42,0,0.2233293484826926,0.0,0.0027472527472527475,0
2025-07-23,118755.99,0,0.2098405528867473,-0.009990711471907332,0.01098901098901099,0
2025-07-24,118340.99,0,0.20438709605810845,-0.013450358894653403,0.0027472527472527475,0
2025-07-25,117614.31,0,0.19605549231746577,-0.019508326579379065,0.008241758241758242,0
2025-07-26,117919.99,0,0.19788707736174427,-0.0169600253162826,0.005494505494505495,0
2025-07-27,119415.55,0,0.211580903629351,-0.004492289654687176,0.0027472527472527475,0
2025-07-28,118062.32,0,0.19630299683236463,-0.01577349129777783,0.016483516483516484,0
2025-07-29,117950.76,0,0.19376792787882602,-0.016703511217010636,0.0027472527472527475,0
2025-07-30,117840.3,0,0.19124898772588605,-0.01762436098644793,0.0,0
2025-07-31,115764.08,0,0.16900667607583908,-0.034932768629951205,0.0027472527472527475,0
2025-08-01,113297.93,0,0.1430202609248572,-0.055491827645867575,0.005494505494505495,0
2025-08-02,112546.35,0,0.13452302086001122,-0.061757374175957724,0.005494505494505495,0
2025-08-03,114208.8,0,0.15048625050224107,-0.04789836006042958,0.008241758241758242,0
2025-08-04,115055.03,0,0.15813184042704087,-0.040843763822958734,0.008241758241758242,0
2025-08-05,114129.75,0,0.1482371467734407,-0.04855736037071412,0.008241758241758242,0
2025-08-06,114992.27,0,0.15630775975830447,-0.0413669625512757,0.013736263736263736,0
2025-08-07,117472.01,0,0.18028504484248864,-0.020694610502889343,0.02197802197802198,0
2025-08-08,116674.74,0,0.17142628686074057,-0.027341051709474207,0.024725274725274724,0
2025-08-09,116462.25,0,0.16868749663466964,-0.02911247455491839,0.024725274725274724,0
2025-08-10,119294.01,0,0.19616842760566477,-0.005505507842062052,0.03021978021978022,0
2025-08-11,118686.0,0,0.1891909420845117,-0.010574183093878475,0.03021978021978022,0
2025-08-12,120134.08,0,0.20278044219050062,0.0,0.03296703296703297,0
2025-08-13,123306.43,0,0.23339602124321512,0.0,0.038461538461538464,0
2025-08-14,118295.09,0,0.18234222431121339,-0.0406413517932519,0.1401098901098901,0
2025-08-15,117342.05,0,0.1719230565637071,-0.04837038911920477,0.14835164835164835,0
2025-08-16,117380.66,0,0.17137012320222667,-0.04805726676216304,0.13736263736263737,0
2025-08-17,117405.01,0,0.170814423794037,-0.04785979125338391,0.12637362637362637,0
2025-08-18,116227.05,0,0.15840280502174586,-0.057412902149547196,0.1401098901098901,0
2025-08-19,112872.94,0,0.12438815308238316,-0.08461432222147691,0.21978021978021978,0
2025-08-20,114271.24,0,0.1375448007245641,-0.07327428099248345,0.20054945054945056,0
2025-08-21,112500.0,0,0.11908815272840823,-0.08763881980850463,0.17307692307692307,0
2025-08-22,116935.99,0,0.1623126710024747,-0.05166348583768088,0.3626373626373626,0
2025-08-23,115438.05,0,0.14641651016109658,-0.0638115952266235,0.36538461538461536,0
2025-08-24,113493.59,0,0.1261620687355005,-0.07958092696382502,0.38186813186813184,0
2025-08-25,110111.98,0,0.09187295180511756,-0.10700536865757937,0.45054945054945056,0
2025-08-26,111763.22,0,0.10740902512511052,-0.093614015100429,0.4642857142857143,0
2025-08-27,111262.01,0,0.10163407675307834,-0.09767876663041819,0.42857142857142855,0
2025-08-28,112566.9,0,0.11366625369521044,-0.08709626902668421,0.4423076923076923,0
2025-08-29,108377.4,0,0.07163768605917675,-0.12107259937701542,0.5357142857142857,0
2025-08-30,108816.33,0,0.07528469850062236,-0.11751293099638027,0.47527472527472525,0
2025-08-31,108246.35,0,0.06910425071561077,-0.12213539877847401,0.47802197802197804,0
2025-09-01,109237.42,0,0.07822018315963608,-0.11409794282423058,0.4725274725274725,0
2025-09-02,111240.01,0,0.09724259223002507,-0.0978571839278779,0.4423076923076923,0
2025-09-03,111705.71,0,0.10106850244364596,-0.09408041413574286,0.3241758241758242,0
2025-09-04,110730.87,0,0.09067415121122968,-0.10198624678372403,0.3269230769230769,0
2025-09-05,110659.99,0,0.08917782485657866,-0.10256107487663046,0.3269230769230769,0
2025-09-06,110187.97,0,0.08375771899731133,-0.10638909909239924,0.3241758241758242,0
2025-09-07,111137.34,0,0.09231675397859074,-0.09868982501561352,0.3434065934065934,0
2025-09-08,112065.23,0,0.10069224555541156,-0.09116475110016564,0.23901098901098902,0
2025-09-09,111546.39,0,0.0947702113493829,-0.09537247976443719,0.1978021978021978,0
2025-09-10,113960.0,0,0.11750386210060393,-0.0757983991589084,0.2445054945054945,0
2025-09-11,115482.69,0,0.13136909710050992,-0.06344957031032361,0.1043956043956044,0
2025-09-12,116029.42,0,0.1353640760107162,-0.05901565717213608,0.0989010989010989,0
2025-09-13,115918.29,0,0.13276709088097527,-0.0599169078206222,0.07417582417582418,0
2025-09-14,115268.01,0,0.12470792337499881,-0.06519059873844368,0.03571428571428571,0
2025-09-15,115349.71,0,0.12382511576873378,-0.06452802177469563,0.03571428571428571,0
2025-09-16,116788.96,0,0.13605216798788522,-0.0528558810761125,0.038461538461538464,0
2025-09-17,116447.59,0,0.13106011501602266,-0.055624349841285614,0.03571428571428571,0
2025-09-18,117073.53,0,0.13588195378817924,-0.050548053333471676,0.0,0
2025-09-19,115632.38,0,0.12030103608336651,-0.06223560279865359,0.0027472527472527475,0
2025-09-20,115685.63,0,0.11927688959095883,-0.06180375184002962,0.0027472527472527475,0
2025-09-21,115232.29,0,0.11356414623774014,-0.06548028355050095,0.005494505494505495,0
2025-09-22,112650.99,0,0.0874256568290801,-0.08641430945653028,0.01098901098901099,0
2025-09-23,111998.8,0,0.07981682352264352,-0.09170349023972224,0.016483516483516484,0
2025-09-24,113307.0,0,0.09100512879289702,-0.0810941489425977,0.019230769230769232,0
2025-09-25,108994.49,0,0.04805510481539077,-0.11606807528204321,0.06868131868131869,0
2025-09-26,109643.46,0,0.052723967068496025,-0.11080500830329765,0.07142857142857142,0
2025-09-27,109635.85,0,0.051303218486606905,-0.11086672446846435,0.06868131868131869,0
2025-09-28,112163.95,0,0.07407845584220918,-0.09036414402720117,0.0989010989010989,0
2025-09-29,114311.96,0,0.09291062939285899,-0.07294404679463984,0.11813186813186813,0
2025-09-30,114048.93,0,0.08883092846767449,-0.07507718778331351,0.09065934065934066,0
2025-10-01,118594.99,0,0.13038393941480142,-0.038209199633790325,0.20054945054945056,0
2025-10-02,120529.35,0,0.1467469584405372,-0.022521777655877262,0.21978021978021978,0
2025-10-03,122232.0,0,0.16083569434598988,-0.008713495314072395,0.22802197802197802,0
2025-10-04,122391.0,0,0.16015996132857002,-0.007424024846068411,0.22802197802197802,0
2025-10-05,123482.31,0,0.16847568246463407,0.0,0.23076923076923078,0
2025-10-06,124658.54,0,0.17735356263703417,0.0,0.22527472527472528,0
2025-10-07,121332.95,0,0.14393266851757214,-0.02667759465175834,0.3489010989010989,0
2025-10-08,123306.0,0,0.1603759019788562,-0.010849958614949196,0.37637362637362637,0
2025-10-09,121662.4,0,0.14299521758476463,-0.02403477531503262,0.38186813186813184,0
2025-10-10,112774.5,0,0.05823859883562421,-0.09533273853520174,0.7637362637362637,0
2025-10-11,110644.4,0,0.037119027796792325,-0.11242021605579533,0.7692307692307693,0
2025-10-12,114958.8,0,0.07614510319515033,-0.07781047331374158,0.8021978021978022,0
2025-10-13,115166.0,0,0.07667700840552394,-0.07614833287795597,0.7994505494505495,0
2025-10-14,113028.14,0,0.05527935668861583,-0.09329806044575839,0.8021978021978022,0
2025-10-15,110763.28,1,0.03277817255969584,-0.11146657100267654,0.7692307692307693,0
2025-10-16,108194.28,0,0.007612142944144695,-0.1320748662706943,0.7884615384615384,0
2025-10-17,106431.68,0,-0.009903966484575588,-0.14621429065349234,0.7939560439560439,0
2025-10-18,107185.01,0,-0.003916524400493393,-0.14017114270711017,0.7664835164835165,0
2025-10-19,108642.78,0,0.008406522635126867,-0.12847703815558886,0.760989010989011,0
2025-10-20,110532.09,0,0.024643724321977256,-0.11332115713853219,0.7802197802197802,0
2025-10-21,108297.67,0,0.0027959464569429215,-0.13124548065459452,0.6923076923076923,0
2025-10-22,107567.44,0,-0.00507258569179303,-0.1371033224037438,0.6730769230769231,0
2025-10-23,110078.18,0,0.01666208232965727,-0.11696238380459134,0.6895604395604396,0
2025-10-24,111004.89,0,0.023715717099739297,-0.10952839653023372,0.7087912087912088,0
2025-10-25,111646.27,0,0.027956324518723763,-0.10438330177780031,0.7032967032967034,0
2025-10-26,114559.4,0,0.05322940144290955,-0.08101442548581106,0.7417582417582418,0
2025-10-27,114107.65,0,0.04741499564961105,-0.08463832481914191,0.7115384615384616,0
2025-10-28,112898.45,0,0.03491553095510569,-0.09433842238165147,0.6730769230769231,0
2025-10-29,110021.29,0,0.007398707825597484,-0.11741875045223538,0.7115384615384616,0
2025-10-30,108322.88,0,-0.009266726649587498,-0.13104324822029834,0.4175824175824176,0
2025-10-31,109608.01,0,0.0013416668885415373,-0.12073404678091049,0.40934065934065933,0
2025-11-01,110098.1,0,0.004605019619875472,-0.11680258729165272,0.18956043956043955,0
2025-11-02,110540.68,0,0.007424936300393092,-0.11325224890328411,0.1978021978021978,0
2025-11-03,106583.04,0,-0.02960015058996157,-0.14500009385638557,0.31043956043956045,0
2025-11-04,101497.22,0,-0.07662023883558722,-0.18579810095642058,0.4642857142857143,0
2025-11-05,103885.16,0,-0.05570363456970595,-0.16664225331052318,0.48626373626373626,0
2025-11-06,101346.04,0,-0.07946013403745855,-0.1870108538091333,0.5054945054945055,0
2025-11-07,103339.08,0,-0.062031110229866626,-0.17102285972545472,0.532967032967033,0
2025-11-08,102312.94,0,-0.07171866193089194,-0.17925446583924365,0.5247252747252747,2
2025-11-09,104722.96,0,-0.050327915938832235,-0.15992149434767955,0.5412087912087912,2
2025-11-10,106011.13,0,-0.03917037396332135,-0.14958790629185925,0.5357142857142857,2
2025-11-11,103058.99,0,-0.06628332585849084,-0.1732697174216864,0.5769230769230769,2
2025-11-12,101654.37,1,-0.07930226715905919,-0.18453745728130622,0.5412087912087912,2
2025-11-13,99692.02,1,-0.09731847320079501,-0.2002792588458039,0.5494505494505495,2
2025-11-14,94594.0,1,-0.14346334719853215,-0.24117513328810036,0.6620879120879121,2
2025-11-15,95596.24,1,-0.13444068004288734,-0.23313525090218434,0.6236263736263736,2
2025-11-16,94261.44,1,-0.14652984735645158,-0.24384290077518955,0.6236263736263736,2
2025-11-17,92215.14,1,-0.16489602184060337,-0.26025814196123265,0.6346153846153846,2
2025-11-18,92960.83,1,-0.1579933281240612,-0.2542762814324634,0.6373626373626373,2
2025-11-19,91554.96,1,-0.17056562822226118,-0.26555404868370824,0.6373626373626373,2
2025-11-20,86637.23,1,-0.21484565285789237,-0.30500365237712557,0.7362637362637363,2
2025-11-21,85129.43,1,-0.22817427307675708,-0.317099093251052,0.7087912087912088,2
2025-11-22,84739.74,1,-0.23128593824671673,-0.3202251526449772,0.6978021978021978,2
2025-11-23,86830.0,1,-0.2119596052472147,-0.30345726815026064,0.7664835164835165,2
2025-11-24,88300.01,1,-0.1980738265875288,-0.29166497537994585,0.6868131868131868,2
2025-11-25,87369.96,1,-0.20595782846730715,-0.2991257558447258,0.6291208791208791,2
2025-11-26,90484.02,1,-0.17712072625953246,-0.27414503651334265,0.7252747252747253,2
2025-11-27,91333.95,1,-0.1689081812388019,-0.2673269717421687,0.7005494505494505,2
2025-11-28,90890.7,1,-0.17249347618692368,-0.2708826848124485,0.6978021978021978,2
2025-11-29,90802.44,1,-0.1727961583382882,-0.2715906988803173,0.6483516483516484,2
2025-11-30,90360.0,1,-0.17633347938464838,-0.27513991420082407,0.6098901098901099,2
2025-12-01,86286.01,1,-0.21284244761433624,-0.307821108766395,0.6840659340659341,2
2025-12-02,91277.88,1,-0.16684022967670498,-0.2677767604209065,0.8708791208791209,2
2025-12-03,93429.95,1,-0.1468191472156669,-0.25051304146510944,0.8736263736263736,2
2025-12-04,92078.06,1,-0.15861200857348556,-0.26135778583641356,0.8516483516483516,2
2025-12-05,89330.04,1,-0.18311652417646773,-0.28340216402341956,0.8653846153846154,2
2025-12-06,89236.79,1,-0.18331155481677186,-0.28415020743865604,0.8598901098901099,2
2025-12-07,90395.31,1,-0.17197953549333334,-0.2748566604421967,0.8543956043956044,2
2025-12-08,90634.34,1,-0.1689884010222057,-0.2729391825060682,0.8489010989010989,2
2025-12-09,92678.8,1,-0.1496723925740825,-0.2565387016404973,0.8598901098901099,2
2025-12-10,92015.37,1,-0.15514906325774225,-0.2618606795811984,0.6675824175824175,2
2025-12-11,92513.38,1,-0.1499329666554463,-0.25786568653860364,0.6428571428571429,2
2025-12-12,90268.42,1,-0.16982995812776458,-0.2758745610208494,0.6895604395604396,2
2025-12-13,90240.01,1,-0.16937706192899682,-0.27610246357770596,0.6538461538461539,2
2025-12-14,88172.17,1,-0.18767758094645748,-0.2926904967762337,0.6813186813186813,2
2025-12-15,86432.08,1,-0.20300553717965142,-0.3066493478906459,0.7115384615384616,2
2025-12-16,87863.42,1,-0.18920440688308193,-0.2951672625076469,0.6236263736263736,2
2025-12-17,86243.22,1,-0.20348113220901942,-0.30816436643650724,0.6373626373626373,2
2025-12-18,85516.41,1,-0.20945901036356263,-0.31399477324217007,0.6428571428571429,2
2025-12-19,88136.94,1,-0.1845660765856484,-0.29297310878179705,0.7197802197802198,2
2025-12-20,88360.9,1,-0.18185001409912416,-0.2911765210791014,0.7197802197802198,2
2025-12-21,88658.86,1,-0.17848117422850496,-0.2887863117921965,0.5604395604395604,2
2025-12-22,88620.79,1,-0.1783433220008398,-0.2890917060315322,0.25274725274725274,2
2025-12-23,87486.0,1,-0.18823233473872758,-0.2981948930253795,0.19230769230769232,2
2025-12-24,87669.45,1,-0.18585467570061565,-0.29672327303047186,0.1813186813186813,2
2025-12-25,87225.27,1,-0.1892828301142856,-0.3002864464801207,0.12362637362637363,2
2025-12-26,87369.56,1,-0.18707683932768737,-0.2991289646100459,0.12637362637362637,2
2025-12-27,87877.01,1,-0.1815024583920657,-0.29505824470589825,0.11538461538461539,2
2025-12-28,87952.71,1,-0.18000718595505782,-0.2944509858690788,0.11538461538461539,2
2025-12-29,87237.13,1,-0.18597909725982498,-0.3001913065883812,0.07142857142857142,2
2025-12-30,88485.49,1,-0.1736526715825547,-0.29017707090103884,0.09340659340659341,2
2025-12-31,87648.22,1,-0.18079215760154,-0.2968935782498334,0.09340659340659341,2
2026-01-01,88839.04,1,-0.16901143908196004,-0.28734092345378026,0.07142857142857142,2
2026-01-02,89995.13,1,-0.1575356054817516,-0.2780668697066402,0.08791208791208792,2
2026-01-03,90628.01,1,-0.15105782903494824,-0.27298996121725794,0.06043956043956044,2
2026-01-04,91529.73,1,-0.14207440566269902,-0.25770254488832667,0.04120879120879121,2
2026-01-05,93859.71,1,-0.11978958498452408,-0.23880662741472425,0.057692307692307696,2
2026-01-06,93747.97,0,-0.12044361255153835,-0.2294417174081721,0.04120879120879121,2
2026-01-07,91364.16,1,-0.14237612039871106,-0.20667419203584392,0.07692307692307693,2
2026-01-08,91099.99,1,-0.14445977433602675,-0.20896801139225119,0.03571428571428571,2
2026-01-09,90641.28,1,-0.1481799428483238,-0.21295104457912928,0.04395604395604396,2
2026-01-10,90504.7,1,-0.14884043148972248,-0.214136984874008,0.046703296703296704,2
2026-01-11,91013.65,1,-0.14339631632279393,-0.2055331120798468,0.0521978021978022,2
2026-01-12,91296.2,1,-0.14010368127983752,-0.20306670600579257,0.03571428571428571,2
2026-01-13,95414.0,0,-0.1008265121767482,-0.16712203450786223,0.1620879120879121,2
2026-01-14,96951.78,0,-0.08588901747739197,-0.15369860526504153,0.16483516483516483,2
2026-01-15,95604.8,0,-0.09804680861283255,-0.16545652299156588,0.20054945054945056,2
2026-01-16,95550.94,0,-0.09806159759767741,-0.16592667210198375,0.21153846153846154,2
2026-01-17,95147.77,0,-0.10142053844516297,-0.1694459817352395,0.21703296703296704,2
2026-01-18,93673.14,0,-0.11471257648819633,-0.18231816856582694,0.2445054945054945,2
2026-01-19,92631.0,0,-0.1238597410761273,-0.19141510866851608,0.24725274725274726,2
2026-01-20,88427.66,0,-0.16284231507153568,-0.2281064670380606,0.5027472527472527,2
2026-01-21,89454.73,0,-0.1523668446612596,-0.21914107441205177,0.5027472527472527,2
2026-01-22,89559.67,0,-0.15058192913671675,-0.21822504307808877,0.49175824175824173,2
2026-01-23,89600.26,0,-0.1494441993036142,-0.2178707290715559,0.489010989010989,2
2026-01-24,89225.34,0,-0.15221061214433917,-0.21805996355196167,0.47802197802197804,2
2026-01-25,86670.36,0,-0.175525035619582,-0.23231576695694223,0.45879120879120877,2
2026-01-26,88347.08,0,-0.15846753826497662,-0.20077314523485823,0.5274725274725275,2
2026-01-27,89250.0,0,-0.1487204798581676,-0.1926049306011144,0.4835164835164835,2
2026-01-28,89299.99,0,-0.14709987447214157,-0.1921526988978174,0.4835164835164835,2
2026-01-29,84650.16,0,-0.19017843179124638,-0.23421712260138072,0.6565934065934066,2
2026-01-30,84260.49,0,-0.19253201525578933,-0.23774225018337136,0.6538461538461539,2
2026-01-31,78741.09,1,-0.2440110859698299,-0.26122308014483353,0.8269230769230769,2
2026-02-01,76968.21,1,-0.25955152548958826,-0.27396104541098654,0.8296703296703297,2
2026-02-02,78738.61,0,-0.24104366398520838,-0.257260912132528,0.75,2
2026-02-03,75770.21,1,-0.2681690696454271,-0.28526174562991635,0.7527472527472527,2
2026-02-04,73165.83,1,-0.2917957152436794,-0.3098287887319001,0.782967032967033,2
2026-02-05,62909.86,1,-0.38946165665654664,-0.4065730645452039,0.9642857142857143,2
2026-02-06,70580.26,1,-0.31346154312023944,-0.3342183976342862,1.0,2
2026-02-07,69289.38,1,-0.32435314307258,-0.3463952322741961,1.0,2
2026-02-08,70330.38,1,-0.31257925161883915,-0.31757161602301753,1.0,2
2026-02-09,70138.0,1,-0.31284085101122805,-0.3100345809039001,0.9917582417582418,2
2026-02-10,68841.29,1,-0.3239297650885029,-0.3094603760662088,0.989010989010989,2
2026-02-11,67082.52,1,-0.3395534598050135,-0.3080836679842288,0.9862637362637363,2
2026-02-12,66272.17,1,-0.34582021395961493,-0.3164419467079408,0.9835164835164835,2
2026-02-13,68853.96,1,-0.3186803598965282,-0.28981231700954835,1.0,2
2026-02-14,69822.95,1,-0.3074429800358217,-0.2798177609529191,1.0,2
2026-02-15,68832.58,1,-0.3156028085826432,-0.2900328390051219,0.9945054945054945,2
2026-02-16,68892.43,1,-0.3134078229305336,-0.28941552181919716,0.989010989010989,2
2026-02-17,67503.52,1,-0.3257111996047204,-0.3037413031509065,0.9862637362637363,2
2026-02-18,66461.0,1,-0.33459329257944437,-0.3144942774645293,0.967032967032967,2
2026-02-19,67003.73,1,-0.3275704798688456,-0.30889634001562427,0.9752747252747253,2
2026-02-20,68020.01,1,-0.3157564802679069,-0.2984140157096652,0.9615384615384616,2
2026-02-21,67975.93,1,-0.31460882736936624,-0.29886867471644163,0.9587912087912088,2
2026-02-22,67643.4,1,-0.31632971718737024,-0.30229852407041935,0.9560439560439561,2
2026-02-23,64656.02,1,-0.34477426769349173,-0.3331115736090663,0.9560439560439561,2
2026-02-24,64058.15,1,-0.34909773378386844,-0.33927824739267287,0.9505494505494505,2
2026-02-25,67988.04,1,-0.30746010754250597,-0.29874376726244745,0.8983516483516484,2
2026-02-26,67485.18,1,-0.31076366961111956,-0.30393046935290935,0.6703296703296703,2
2026-02-27,65872.1,1,-0.32541896647012203,-0.32056843102829047,0.6840659340659341,2
2026-02-28,66973.26,1,-0.31227021295748014,-0.30921061995973675,0.6840659340659341,2
2026-03-01,65776.47,1,-0.32255869343384125,-0.32155479765301886,0.7032967032967034,2
2026-03-02,68830.06,1,-0.28929900766728356,-0.29005883130768717,0.782967032967033,2
2026-03-03,68338.0,1,-0.2925900391435444,-0.2951341378157265,0.760989010989011,2
2026-03-04,72666.77,1,-0.24603528925323281,-0.25048544750802915,0.8269230769230769,2
2026-03-05,70890.72,1,-0.2626837536014227,-0.26880434789335483,0.8241758241758241,2
2026-03-06,68114.02,1,-0.2897865057249579,-0.2974443584223002,0.8351648351648352,2
2026-03-07,67262.91,1,-0.29698923969535906,-0.3062230523255993,0.8324175824175825,2
2026-03-08,65971.2,1,-0.3087450002436375,-0.3195462734155061,0.8516483516483516,2
2026-03-09,68432.16,1,-0.28129943916701694,-0.29416293336749455,0.8598901098901099,2
2026-03-10,69948.63,1,-0.2635557955122715,-0.2785214464345058,0.8626373626373627,2
2026-03-11,70191.86,1,-0.2592305885415478,-0.2760126735166698,0.8626373626373627,2
2026-03-12,70541.34,1,-0.25385122073005395,-0.27240799498472335,0.8571428571428571,2
2026-03-13,70930.0,1,-0.2481822420830011,-0.2683991980343218,0.8598901098901099,2
2026-03-14,71211.95,1,-0.24356808249131467,-0.2654910513246894,0.8571428571428571,2
2026-03-15,72815.24,1,-0.2249549080698804,-0.248954067681893,0.8296703296703297,2
2026-03-16,74884.67,1,-0.20132620599891737,-0.22760912692887125,0.8351648351648352,2
2026-03-17,73909.36,1,-0.21027669182981878,-0.23766887003002934,0.804945054945055,2
2026-03-18,71246.54,1,-0.23719791433936055,-0.26513427602876405,0.8214285714285714,2
2026-03-19,69930.0,1,-0.24975458550375507,-0.27871360381418475,0.8186813186813187,2
2026-03-20,70510.73,1,-0.2419494374737139,-0.27272371894564496,0.8186813186813187,2
2026-03-21,68918.12,1,-0.25738191203225436,-0.28915054473471247,0.8241758241758241,2
2026-03-22,67859.0,1,-0.2670628859676609,-0.3000747381842809,0.7774725274725275,2
2026-03-23,70906.45,1,-0.23249707099518868,-0.2686421022904376,0.8296703296703297,2
2026-03-24,70556.74,1,-0.23462119501203693,-0.2722491531357134,0.6758241758241759,2
2026-03-25,71336.53,1,-0.22452815274505156,-0.2642060826526341,0.6565934065934066,2
2026-03-26,68820.31,1,-0.25015632214485584,-0.2901593967640409,0.6373626373626373,2
2026-03-27,66407.28,1,-0.2746436808331115,-0.31504836734302355,0.7142857142857143,2
2026-03-28,66377.03,1,-0.27318111516949195,-0.3153603781178643,0.6785714285714286,2
2026-03-29,66010.93,1,-0.2752873583472156,-0.31913648207387224,0.5989010989010989,2
2026-03-30,66797.37,1,-0.2646881657943898,-0.3110248207923568,0.5769230769230769,2
2026-03-31,68284.48,1,-0.24633736346308455,-0.29568616481306487,0.6043956043956044,2
2026-04-01,68113.92,1,-0.24623132802937708,-0.2974453898628783,0.6043956043956044,2
2026-04-02,66901.99,1,-0.25765626901965166,-0.30994572765966744,0.6153846153846154,2
2026-04-03,66964.3,1,-0.2549648909340697,-0.3093030370355242,0.6126373626373627,2
2026-04-04,67300.42,1,-0.24915819221091162,-0.30583615896479677,0.5824175824175825,2
2026-04-05,69034.18,1,-0.2277729498363097,-0.28795345479990164,0.5741758241758241,2
2026-04-06,68853.66,1,-0.227709426398225,-0.2898154113312824,0.5686813186813187,2
2026-04-07,71924.22,0,-0.19128642732799994,-0.2581444095198665,0.6263736263736264,2
2026-04-08,71069.93,0,-0.19888260346587627,-0.2669559032335457,0.6043956043956044,2
2026-04-09,71787.97,0,-0.18880240579421326,-0.2595497473073728,0.6098901098901099,2
2026-04-10,72962.7,0,-0.17367513611042307,-0.24743310540559438,0.5906593406593407,2
2026-04-11,73043.16,0,-0.17093504891337707,-0.24660320831654658,0.5659340659340659,2
2026-04-12,70740.98,0,-0.19512124117361884,-0.27034882701483154,0.5247252747252747,2
2026-04-13,74417.99,0,-0.15161605640166842,-0.23242265381821758,0.6895604395604396,2
2026-04-14,74131.55,0,-0.15316736615982396,-0.22460430857028102,0.6868131868131868,2
2026-04-15,74809.99,0,-0.14371401369240022,-0.21706693832630009,0.5934065934065934,2
2026-04-16,75154.29,0,-0.137947200881809,-0.21013083123230325,0.5054945054945055,2
2026-04-17,77072.0,0,-0.11405803348643839,-0.17722412209092164,0.510989010989011,2
2026-04-18,75691.76,0,-0.12800149265991712,-0.18286793837916038,0.5412087912087912,2
2026-04-19,73801.79,0,-0.1475752766519065,-0.17632169817364374,0.6098901098901099,2
2026-04-20,75840.97,0,-0.12175578990998503,-0.15356305885719523,0.6208791208791209,2
2026-04-21,76336.15,0,-0.1136662357908258,-0.1480365123940489,0.6208791208791209,2
2026-04-22,78178.23,0,-0.08994207453179626,-0.12747764348005242,0.5934065934065934,2
2026-04-23,78257.48,0,-0.0866152666763429,-0.12365634083497667,0.5934065934065934,2
2026-04-24,77437.13,0,-0.09369246859945679,-0.1328427920316676,0.6291208791208791,2
2026-04-25,77625.0,0,-0.08916399472557834,-0.13073898440526144,0.5934065934065934,1
2026-04-26,78657.55,0,-0.07462425987980348,-0.11917627314403956,0.5906593406593407,1
2026-04-27,77371.32,0,-0.08737857306225627,-0.13357974620153934,0.5192307692307693,1
2026-04-28,76342.77,0,-0.09757169610153549,-0.09813791255681026,0.5274725274725275,1
2026-04-29,75780.0,0,-0.10237439456082753,-0.10064610352966141,0.532967032967033,1
2026-04-30,76346.57,0,-0.0935904745696523,-0.030410043853850488,0.5137362637362637,1
2026-05-01,78231.13,0,-0.06917556783476986,-0.006445122665995728,0.5494505494505495,1
2026-05-02,78686.85,0,-0.06183653765137054,-0.00065736491919266,0.46703296703296704,1
2026-05-03,78568.57,0,-0.06144544220729942,-0.0015031736560809916,0.21978021978021978,1
2026-05-04,79861.01,0,-0.044389194487661876,0.0,0.23351648351648352,1
2026-05-05,80905.52,0,-0.030409888933450646,0.0,0.23901098901098902,1
2026-05-06,81447.01,0,-0.022412865979877572,0.0,0.24175824175824176,1
2026-05-07,80006.0,0,-0.03805573536402285,-0.017692607745821376,0.23351648351648352,1
2026-05-08,80193.17,0,-0.034043521677754485,-0.015394549167612182,0.17857142857142858,1
2026-05-09,80678.4,0,-0.0265795375656529,-0.009436933289509342,0.0989010989010989,1
2026-05-10,82210.07,0,-0.006579589609218228,0.0,0.08241758241758242,1
2026-05-11,81745.65,0,-0.010497736029075222,-0.005649186285816454,0.09065934065934066,1
2026-05-12,80504.47,0,-0.023719584039884056,-0.020746850112157822,0.07692307692307693,1
2026-05-13,79313.61,0,-0.03627179776874567,-0.035232423473182894,0.10164835164835165,1
2026-05-14,81089.99,0,-0.012679634441259413,-0.013624608274874328,0.12637362637362637,1
2026-05-15,79113.21,0,-0.03469165645379402,-0.037670081049681614,0.1978021978021978,1
2026-05-16,78148.05,0,-0.044442326432350354,-0.04941024864715482,0.19505494505494506,1
2026-05-17,77457.67,0,-0.05099462904937824,-0.057808003326113355,0.17307692307692307,1
2026-05-18,77001.87,0,-0.05476542151615371,-0.06335233627705228,0.15934065934065933,1
2026-05-19,76834.36,0,-0.05492060185432912,-0.06538992121038223,0.1565934065934066,1
2026-05-20,77552.23,0,-0.04417746354572416,-0.056657779272052844,0.15934065934065933,1
2026-05-21,77615.52,0,-0.04145253383788816,-0.05588792224602168,0.1043956043956044,1
2026-05-22,75539.5,0,-0.06529951276527635,-0.08114054640751434,0.16758241758241757,1
2026-05-23,76752.01,0,-0.048840146733564405,-0.06639162331329984,0.2087912087912088,1
2026-05-24,77064.96,0,-0.04337208420716587,-0.06258491204301375,0.17307692307692307,1
2026-05-25,77322.01,0,-0.03874794689849026,-0.059458166134635504,0.14285714285714285,1
2026-05-26,75930.01,0,-0.05444205086949305,-0.07639039840253159,0.16483516483516483,1
2026-05-27,74449.3,0,-0.0712700788314804,-0.09440169555870714,0.17857142857142858,1
2026-05-28,73617.51,0,-0.07986117132722692,-0.10451955581597261,0.18681318681318682,1
2026-05-29,73460.78,0,-0.07994853890951159,-0.10642601326090595,0.1620879120879121,1
2026-05-30,73884.38,0,-0.07294951295889496,-0.10127335982076169,0.10989010989010989,1
2026-05-31,73674.39,0,-0.07395878029515968,-0.1038276697733016,0.11263736263736264,1
2026-06-01,73735.98,0,-0.07167028862150715,-0.103078491479207,0.10714285714285714,1
