{
  "accuracy": 0.5730994152046783,
  "f1_binary": 0.36939531057178115,
  "precision_binary": 0.33507462686567163,
  "recall_binary": 0.41154903758020167,
  "f1_macro": 0.5233631993818704,
  "cohen_kappa": 0.051816437963079
}