{
  "accuracy": 0.5243664717348928,
  "f1_binary": 0.5386277687736358,
  "precision_binary": 0.4965139442231076,
  "recall_binary": 0.588547815820543,
  "f1_macro": 0.5239115855362433,
  "cohen_kappa": 0.055055033464401215
}