{
  "accuracy": 0.5405179615705932,
  "f1_binary": 0.5745229499742135,
  "precision_binary": 0.6233911583659765,
  "recall_binary": 0.5327594452415112,
  "f1_macro": 0.5375641384253633,
  "cohen_kappa": 0.08175135106988374
}