{
  "accuracy": 0.3745474798106377,
  "f1_macro": 0.35461275720098984,
  "precision_macro": 0.3619339680344729,
  "recall_macro": 0.3712687843375737,
  "cohen_kappa": 0.046599039315711965
}