{
  "accuracy": 0.5609410430839002,
  "f1_binary": 0.6410196987253766,
  "precision_binary": 0.6925388082123185,
  "recall_binary": 0.596635030198447,
  "f1_macro": 0.5379487402784124,
  "cohen_kappa": 0.08387877211063843
}