{
  "accuracy": 0.619604566972988,
  "f1_binary": 0.28854166666666664,
  "precision_binary": 0.31441543700340524,
  "recall_binary": 0.2666025024061598,
  "f1_macro": 0.5144722776510833,
  "cohen_kappa": 0.031338060293025105
}