{
  "accuracy": 0.493987493987494,
  "f1_binary": 0.5792,
  "precision_binary": 0.47978793903247186,
  "recall_binary": 0.7305751765893037,
  "f1_macro": 0.47235030156815444,
  "cohen_kappa": 0.008861348045146933
}