{
  "accuracy": 0.5164399092970522,
  "f1_binary": 0.39158345221112695,
  "precision_binary": 0.3048306496390894,
  "recall_binary": 0.5473579262213359,
  "f1_macro": 0.49518024915354086,
  "cohen_kappa": 0.0415525822387226
}