{
  "accuracy": 0.5625174046226677,
  "f1_binary": 0.38895371450797356,
  "precision_binary": 0.33783783783783783,
  "recall_binary": 0.458295142071494,
  "f1_macro": 0.5241233547599508,
  "cohen_kappa": 0.06024219815725251
}