{
  "accuracy": 0.5858843537414966,
  "f1_binary": 0.6739567060923901,
  "precision_binary": 0.6981044845122515,
  "recall_binary": 0.6514236410698878,
  "f1_macro": 0.5532890326578456,
  "cohen_kappa": 0.10843443516164186
}