{
  "version": "weekly_bull_v8b_20260213_235350_e97aaf",
  "accuracy": 0.49206349206349204,
  "f1_binary": 0.40271493212669685,
  "precision_binary": 0.45817245817245816,
  "recall_binary": 0.35923309788092833,
  "f1_macro": 0.4804369639712982,
  "cohen_kappa": -0.027984817793860417
}