{
  "accuracy": 0.5578231292517006,
  "f1_binary": 0.33770014556040756,
  "precision_binary": 0.31210762331838565,
  "recall_binary": 0.3678646934460888,
  "f1_macro": 0.5029128007160171,
  "cohen_kappa": 0.009164002297819773
}