{
  "accuracy": 0.5536062378167641,
  "f1_binary": 0.384172109104879,
  "precision_binary": 0.3306878306878307,
  "recall_binary": 0.458295142071494,
  "f1_macro": 0.5170478366009217,
  "cohen_kappa": 0.04824849223461758
}