{
  "accuracy": 0.5742630385487528,
  "f1_binary": 0.3619371282922685,
  "precision_binary": 0.3153219837157661,
  "recall_binary": 0.4247258225324028,
  "f1_macro": 0.5212492957497072,
  "cohen_kappa": 0.05286152906821073
}