{
  "accuracy": 0.518796992481203,
  "f1_binary": 0.5218594355285002,
  "precision_binary": 0.5701330108827086,
  "recall_binary": 0.48112244897959183,
  "f1_macro": 0.5187772513965372,
  "cohen_kappa": 0.044492973261963
}