{
  "accuracy": 0.5487528344671202,
  "f1_binary": 0.6952526799387443,
  "precision_binary": 0.6598837209302325,
  "recall_binary": 0.7346278317152104,
  "f1_macro": 0.41312852337548567,
  "cohen_kappa": -0.16420583436144387
}