{
  "accuracy": 0.5346700083542189,
  "f1_binary": 0.4497859729996707,
  "precision_binary": 0.5085629188384214,
  "recall_binary": 0.40318772136953956,
  "f1_macro": 0.5233248320969404,
  "cohen_kappa": 0.05588957332243716
}