{
  "accuracy": 0.5608465608465608,
  "f1_binary": 0.34319033735943355,
  "precision_binary": 0.31047475508666167,
  "recall_binary": 0.38361266294227186,
  "f1_macro": 0.5066715125408336,
  "cohen_kappa": 0.018814209936767856
}