{
  "accuracy": 0.6067947646895016,
  "f1_binary": 0.7421475529583638,
  "precision_binary": 0.6377903327055869,
  "recall_binary": 0.8873362445414847,
  "f1_macro": 0.45724024775702476,
  "cohen_kappa": 0.0003832478122935967
}