date,value
2010-07-19,0.0
2010-07-20,0.0
2010-07-21,0.0
2010-07-22,0.0
2010-07-23,0.0
2010-07-24,0.0
2010-07-25,0.0
2010-07-26,0.0
2010-07-27,0.0
2010-07-28,0.0
2010-07-29,0.0
2010-07-30,0.0
2010-07-31,0.0
2010-08-01,0.0
2010-08-02,0.0
2010-08-03,0.0
2010-08-04,0.0
2010-08-05,0.0
2010-08-06,0.0
2010-08-07,0.0
2010-08-08,0.0
2010-08-09,0.0
2010-08-10,0.0
2010-08-11,0.0
2010-08-12,0.0
2010-08-13,0.0
2010-08-14,0.0
2010-08-15,0.0
2010-08-16,0.0
2010-08-17,0.003604
2010-08-18,0.014107
2010-08-19,0.015838
2010-08-20,0.017697
2010-08-21,0.026703
2010-08-22,0.035479
2010-08-23,0.035828
2010-08-24,0.038177
2010-08-25,0.038857
2010-08-26,0.039247
2010-08-27,0.047835
2010-08-28,0.048632
2010-08-29,0.049578
2010-08-30,0.051764
2010-08-31,0.064176
2010-09-01,0.07125
2010-09-02,0.074909
2010-09-03,0.07882
2010-09-04,0.082295
2010-09-05,0.116607
2010-09-06,0.123104
2010-09-07,0.126267
2010-09-08,0.127162
2010-09-09,0.135994
2010-09-10,0.136206
2010-09-11,0.143288
2010-09-12,0.142871
2010-09-13,0.151799
2010-09-14,0.153597
2010-09-15,0.156735
2010-09-16,0.167944
2010-09-17,0.277419
2010-09-18,0.285539
2010-09-19,0.092626
2010-09-20,0.296792
2010-09-21,0.300025
2010-09-22,0.299062
2010-09-23,0.310246
2010-09-24,0.310599
2010-09-25,0.3131
2010-09-26,0.314269
2010-09-27,0.336976
2010-09-28,0.162059
2010-09-29,0.493966
2010-09-30,0.469761
2010-10-01,0.184265
2010-10-02,0.520849
2010-10-03,0.519617
2010-10-04,0.531591
2010-10-05,0.554265
2010-10-06,0.221513
2010-10-07,0.600972
2010-10-08,0.723587
2010-10-09,0.745411
2010-10-10,0.752859
2010-10-11,0.719186
2010-10-12,0.714474
2010-10-13,0.787028
2010-10-14,0.759756
2010-10-15,0.752776
2010-10-16,0.728656
2010-10-17,0.734318
2010-10-18,0.732728
2010-10-19,0.699947
2010-10-20,0.707487
2010-10-21,0.735993
2010-10-22,0.705536
2010-10-23,0.715007
2010-10-24,0.341512
2010-10-25,0.40417
2010-10-26,0.940732
2010-10-27,1.076482
2010-10-28,0.923887
2010-10-29,0.990985
2010-10-30,1.014214
2010-10-31,0.960246
2010-11-01,0.961979
2010-11-02,0.939971
2010-11-03,0.925625
2010-11-04,0.986813
2010-11-05,1.085202
2010-11-06,1.353047
2010-11-07,0.630365
2010-11-08,0.791487
2010-11-09,0.706512
2010-11-10,0.746109
2010-11-11,0.723852
2010-11-12,0.865534
2010-11-13,0.878517
2010-11-14,0.880277
2010-11-15,0.853936
2010-11-16,0.717367
2010-11-17,0.769583
2010-11-18,0.850883
2010-11-19,0.870792
2010-11-20,0.873503
2010-11-21,0.459658
2010-11-22,0.87204
2010-11-23,0.861759
2010-11-24,0.857787
2010-11-25,0.843073
2010-11-26,0.451224
2010-11-27,0.445522
2010-11-28,0.806175
2010-11-29,0.689099
2010-11-30,0.628016
2010-12-01,0.690618
2010-12-02,0.765382
2010-12-03,0.754112
2010-12-04,0.619429
2010-12-05,0.613972
2010-12-06,0.617656
2010-12-07,0.703876
2010-12-08,0.718765
2010-12-09,0.603302
2010-12-10,0.618252
2010-12-11,0.691261
2010-12-12,0.665801
2010-12-13,0.689064
2010-12-14,0.744895
2010-12-15,0.720302
2010-12-16,0.363402
2010-12-17,0.724567
2010-12-18,0.718533
2010-12-19,0.344304
2010-12-20,0.384008
2010-12-21,0.355612
2010-12-22,0.755397
2010-12-23,0.75353
2010-12-24,0.745909
2010-12-25,0.750472
2010-12-26,0.793135
2010-12-27,0.795148
2010-12-28,0.839773
2010-12-29,0.875382
2010-12-30,0.871157
2010-12-31,0.870908
2011-01-01,0.413438
2011-01-02,0.41431
2011-01-03,0.407045
2011-01-04,0.411713
2011-01-05,0.41117
2011-01-06,0.40983
2011-01-07,0.439404
2011-01-08,0.443483
2011-01-09,0.442974
2011-01-10,0.446923
2011-01-11,0.457241
2011-01-12,0.445941
2011-01-13,0.443859
2011-01-14,0.555649
2011-01-15,0.534414
2011-01-16,0.534589
2011-01-17,0.481671
2011-01-18,0.432072
2011-01-19,0.435211
2011-01-20,0.539682
2011-01-21,0.578064
2011-01-22,0.602017
2011-01-23,0.600636
2011-01-24,0.568253
2011-01-25,0.553693
2011-01-26,0.485172
2011-01-27,0.555368
2011-01-28,0.585473
2011-01-29,0.577404
2011-01-30,0.625034
2011-01-31,0.676609
2011-02-01,0.87884
2011-02-02,0.872703
2011-02-03,0.829996
2011-02-04,0.957154
2011-02-05,1.037722
2011-02-06,1.013353
2011-02-07,0.968363
2011-02-08,0.99277
2011-02-09,1.06524
2011-02-10,1.013736
2011-02-11,1.071192
2011-02-12,1.087874
2011-02-13,1.050092
2011-02-14,1.057652
2011-02-15,1.035037
2011-02-16,1.014736
2011-02-17,1.018632
2011-02-18,0.87843
2011-02-19,0.920518
2011-02-20,0.839466
2011-02-21,0.811356
2011-02-22,0.849251
2011-02-23,0.871563
2011-02-24,0.952659
2011-02-25,0.882054
2011-02-26,0.91992
2011-02-27,0.852571
2011-02-28,0.813267
2011-03-01,0.786279
2011-03-02,0.798139
2011-03-03,0.794997
2011-03-04,0.762816
2011-03-05,0.767743
2011-03-06,0.74884
2011-03-07,0.744056
2011-03-08,0.733326
2011-03-09,0.72789
2011-03-10,0.775952
2011-03-11,0.741675
2011-03-12,0.767734
2011-03-13,0.7436
2011-03-14,0.74281
2011-03-15,0.723288
2011-03-16,0.707919
2011-03-17,0.685131
2011-03-18,0.665864
2011-03-19,0.634546
2011-03-20,0.614845
2011-03-21,0.629746
2011-03-22,0.669164
2011-03-23,0.70371
2011-03-24,0.719396
2011-03-25,0.727553
2011-03-26,0.702318
2011-03-27,0.676141
2011-03-28,0.65415
2011-03-29,0.652247
2011-03-30,0.649946
2011-03-31,0.64609
2011-04-01,0.637388
2011-04-02,0.644421
2011-04-03,0.641193
2011-04-04,0.560492
2011-04-05,0.592676
2011-04-06,0.613451
2011-04-07,0.624765
2011-04-08,0.622164
2011-04-09,0.608564
2011-04-10,0.608038
2011-04-11,0.638311
2011-04-12,0.712914
2011-04-13,0.767999
2011-04-14,0.816847
2011-04-15,0.799098
2011-04-16,0.847958
2011-04-17,0.880028
2011-04-18,0.910005
2011-04-19,0.923157
2011-04-20,0.888976
2011-04-21,0.93182
2011-04-22,1.060849
2011-04-23,1.314303
2011-04-24,1.15861
2011-04-25,1.109422
2011-04-26,1.237584
2011-04-27,1.314966
2011-04-28,1.531078
2011-04-29,1.409591
2011-04-30,1.494951
2011-05-01,1.299953
2011-05-02,1.334896
2011-05-03,1.363362
2011-05-04,1.29162
2011-05-05,1.254845
2011-05-06,1.248861
2011-05-07,1.304306
2011-05-08,1.341424
2011-05-09,1.318136
2011-05-10,1.698228
2011-05-11,1.573833
2011-05-12,1.718046
2011-05-13,1.843453
2011-05-14,1.563377
2011-05-15,1.481957
2011-05-16,1.581742
2011-05-17,1.42464
2011-05-18,1.309714
2011-05-19,1.327306
2011-05-20,1.073065
2011-05-21,1.198565
2011-05-22,1.282291
2011-05-23,1.332582
2011-05-24,1.384476
2011-05-25,1.578451
2011-05-26,1.585994
2011-05-27,1.441883
2011-05-28,1.406303
2011-05-29,1.40616
2011-05-30,1.447623
2011-05-31,1.418504
2011-06-01,1.540847
2011-06-02,1.684046
2011-06-03,2.053238
2011-06-04,2.466297
2011-06-05,2.113554
2011-06-06,1.893393
2011-06-07,2.282937
2011-06-08,2.331966
2011-06-09,2.095587
2011-06-10,1.647149
2011-06-11,1.056707
2011-06-12,1.198503
2011-06-13,1.225677
2011-06-14,1.195866
2011-06-15,1.157355
2011-06-16,1.07262
2011-06-17,0.925949
2011-06-18,1.00581
2011-06-19,1.05282
2011-06-20,1.049514
2011-06-21,1.040425
2011-06-22,1.039452
2011-06-23,1.039296
2011-06-24,1.036867
2011-06-25,1.034402
2011-06-26,0.967353
2011-06-27,0.985192
2011-06-28,0.994906
2011-06-29,0.984481
2011-06-30,0.940049
2011-07-01,0.899583
2011-07-02,0.899335
2011-07-03,0.90236
2011-07-04,0.813467
2011-07-05,0.763765
2011-07-06,0.865524
2011-07-07,0.868803
2011-07-08,0.840662
2011-07-09,0.84542
2011-07-10,0.858196
2011-07-11,0.840103
2011-07-12,0.822503
2011-07-13,0.818806
2011-07-14,0.819691
2011-07-15,0.807935
2011-07-16,0.802076
2011-07-17,0.775612
2011-07-18,0.841838
2011-07-19,0.852281
2011-07-20,0.858496
2011-07-21,0.853806
2011-07-22,0.858988
2011-07-23,0.857019
2011-07-24,0.875255
2011-07-25,0.876813
2011-07-26,0.866456
2011-07-27,0.865336
2011-07-28,0.84348
2011-07-29,0.844107
2011-07-30,0.845018
2011-07-31,0.836312
2011-08-01,0.815888
2011-08-02,0.766581
2011-08-03,0.593235
2011-08-04,0.687815
2011-08-05,0.624902
2011-08-06,0.457536
2011-08-07,0.559296
2011-08-08,0.524296
2011-08-09,0.658703
2011-08-10,0.674822
2011-08-11,0.635193
2011-08-12,0.635845
2011-08-13,0.672286
2011-08-14,0.724652
2011-08-15,0.745088
2011-08-16,0.734212
2011-08-17,0.730811
2011-08-18,0.723397
2011-08-19,0.775703
2011-08-20,0.760856
2011-08-21,0.753352
2011-08-22,0.724586
2011-08-23,0.724531
2011-08-24,0.720744
2011-08-25,0.634646
2011-08-26,0.542874
2011-08-27,0.636576
2011-08-28,0.668168
2011-08-29,0.663352
2011-08-30,0.652062
2011-08-31,0.607307
2011-09-01,0.610644
2011-09-02,0.639607
2011-09-03,0.626486
2011-09-04,0.608366
2011-09-05,0.565626
2011-09-06,0.512772
2011-09-07,0.538262
2011-09-08,0.504652
2011-09-09,0.381057
2011-09-10,0.363075
2011-09-11,0.479747
2011-09-12,0.501119
2011-09-13,0.481841
2011-09-14,0.466551
2011-09-15,0.406798
2011-09-16,0.404965
2011-09-17,0.400842
2011-09-18,0.43926
2011-09-19,0.463465
2011-09-20,0.516456
2011-09-21,0.470609
2011-09-22,0.46133
2011-09-23,0.469302
2011-09-24,0.460153
2011-09-25,0.45503
2011-09-26,0.415598
2011-09-27,0.419267
2011-09-28,0.406957
2011-09-29,0.408015
2011-09-30,0.439105
2011-10-01,0.430823
2011-10-02,0.42911
2011-10-03,0.430679
2011-10-04,0.425193
2011-10-05,0.41925
2011-10-06,0.408959
2011-10-07,0.371132
2011-10-08,0.345897
2011-10-09,0.358297
2011-10-10,0.355881
2011-10-11,0.351082
2011-10-12,0.365782
2011-10-13,0.354555
2011-10-14,0.350893
2011-10-15,0.337992
2011-10-16,0.318561
2011-10-17,0.231494
2011-10-18,0.218589
2011-10-19,0.202252
2011-10-20,0.215165
2011-10-21,0.234719
2011-10-22,0.289015
2011-10-23,0.288219
2011-10-24,0.231469
2011-10-25,0.256991
2011-10-26,0.256222
2011-10-27,0.280998
2011-10-28,0.292982
2011-10-29,0.328589
2011-10-30,0.300159
2011-10-31,0.300818
2011-11-01,0.292707
2011-11-02,0.301295
2011-11-03,0.293908
2011-11-04,0.290136
2011-11-05,0.276929
2011-11-06,0.275364
2011-11-07,0.280482
2011-11-08,0.284637
2011-11-09,0.289749
2011-11-10,0.284572
2011-11-11,0.30583
2011-11-12,0.302325
2011-11-13,0.298267
2011-11-14,0.223717
2011-11-15,0.234488
2011-11-16,0.299019
2011-11-17,0.27103
2011-11-18,0.254984
2011-11-19,0.266452
2011-11-20,0.267303
2011-11-21,0.277011
2011-11-22,0.283357
2011-11-23,0.284545
2011-11-24,0.298174
2011-11-25,0.305156
2011-11-26,0.304868
2011-11-27,0.30553
2011-11-28,0.321061
2011-11-29,0.347298
2011-11-30,0.3721
2011-12-01,0.386276
2011-12-02,0.388093
2011-12-03,0.353656
2011-12-04,0.356309
2011-12-05,0.363805
2011-12-06,0.38166
2011-12-07,0.38118
2011-12-08,0.382828
2011-12-09,0.378308
2011-12-10,0.392235
2011-12-11,0.415167
2011-12-12,0.406787
2011-12-13,0.413263
2011-12-14,0.403481
2011-12-15,0.409283
2011-12-16,0.410286
2011-12-17,0.408064
2011-12-18,0.408125
2011-12-19,0.450841
2011-12-20,0.503905
2011-12-21,0.494757
2011-12-22,0.495432
2011-12-23,0.498776
2011-12-24,0.499132
2011-12-25,0.536483
2011-12-26,0.506728
2011-12-27,0.517966
2011-12-28,0.53162
2011-12-29,0.527274
2011-12-30,0.543567
2011-12-31,0.592252
2012-01-01,0.664427
2012-01-02,0.655626
2012-01-03,0.613182
2012-01-04,0.697871
2012-01-05,0.842211
2012-01-06,0.812269
2012-01-07,0.822612
2012-01-08,0.853871
2012-01-09,0.753937
2012-01-10,0.784002
2012-01-11,0.823088
2012-01-12,0.807346
2012-01-13,0.76845
2012-01-14,0.802177
2012-01-15,0.834471
2012-01-16,0.793792
2012-01-17,0.666063
2012-01-18,0.702756
2012-01-19,0.748826
2012-01-20,0.769941
2012-01-21,0.731859
2012-01-22,0.745634
2012-01-23,0.753198
2012-01-24,0.740803
2012-01-25,0.687656
2012-01-26,0.63941
2012-01-27,0.633771
2012-01-28,0.676767
2012-01-29,0.646162
2012-01-30,0.660169
2012-01-31,0.665885
2012-02-01,0.727997
2012-02-02,0.730113
2012-02-03,0.712336
2012-02-04,0.706015
2012-02-05,0.680377
2012-02-06,0.659419
2012-02-07,0.681068
2012-02-08,0.67607
2012-02-09,0.701493
2012-02-10,0.714519
2012-02-11,0.678786
2012-02-12,0.667917
2012-02-13,0.662817
2012-02-14,0.571097
2012-02-15,0.555489
2012-02-16,0.549683
2012-02-17,0.568342
2012-02-18,0.556523
2012-02-19,0.572874
2012-02-20,0.570497
2012-02-21,0.565054
2012-02-22,0.579772
2012-02-23,0.658749
2012-02-24,0.656958
2012-02-25,0.623874
2012-02-26,0.643822
2012-02-27,0.646822
2012-02-28,0.634177
2012-02-29,0.647335
2012-03-01,0.653828
2012-03-02,0.62891
2012-03-03,0.618356
2012-03-04,0.645659
2012-03-05,0.664766
2012-03-06,0.664874
2012-03-07,0.659329
2012-03-08,0.657939
2012-03-09,0.650002
2012-03-10,0.647155
2012-03-11,0.65458
2012-03-12,0.65725
2012-03-13,0.706432
2012-03-14,0.718031
2012-03-15,0.709985
2012-03-16,0.709664
2012-03-17,0.697007
2012-03-18,0.702995
2012-03-19,0.627091
2012-03-20,0.648399
2012-03-21,0.650017
2012-03-22,0.639798
2012-03-23,0.635767
2012-03-24,0.632208
2012-03-25,0.620034
2012-03-26,0.631661
2012-03-27,0.656034
2012-03-28,0.653196
2012-03-29,0.654496
2012-03-30,0.689808
2012-03-31,0.693468
2012-04-01,0.679916
2012-04-02,0.706008
2012-04-03,0.708064
2012-04-04,0.703288
2012-04-05,0.703507
2012-04-06,0.707476
2012-04-07,0.67405
2012-04-08,0.683772
2012-04-09,0.694559
2012-04-10,0.693255
2012-04-11,0.70499
2012-04-12,0.703577
2012-04-13,0.708066
2012-04-14,0.710667
2012-04-15,0.710965
2012-04-16,0.709478
2012-04-17,0.711794
2012-04-18,0.732885
2012-04-19,0.733001
2012-04-20,0.76402
2012-04-21,0.751995
2012-04-22,0.739061
2012-04-23,0.729113
2012-04-24,0.726163
2012-04-25,0.735479
2012-04-26,0.730642
2012-04-27,0.730176
2012-04-28,0.712923
2012-04-29,0.706385
2012-04-30,0.714482
2012-05-01,0.721432
2012-05-02,0.73083
2012-05-03,0.739879
2012-05-04,0.73553
2012-05-05,0.731281
2012-05-06,0.736174
2012-05-07,0.739187
2012-05-08,0.733607
2012-05-09,0.736449
2012-05-10,0.720773
2012-05-11,0.727158
2012-05-12,0.726496
2012-05-13,0.728447
2012-05-14,0.741072
2012-05-15,0.744925
2012-05-16,0.754652
2012-05-17,0.758504
2012-05-18,0.766002
2012-05-19,0.765948
2012-05-20,0.770593
2012-05-21,0.776096
2012-05-22,0.777303
2012-05-23,0.783136
2012-05-24,0.786864
2012-05-25,0.789176
2012-05-26,0.789653
2012-05-27,0.794202
2012-05-28,0.794657
2012-05-29,0.796561
2012-05-30,0.795041
2012-05-31,0.815776
2012-06-01,0.828025
2012-06-02,0.82397
2012-06-03,0.819261
2012-06-04,0.827666
2012-06-05,0.852121
2012-06-06,0.854619
2012-06-07,0.874213
2012-06-08,0.877698
2012-06-09,0.866773
2012-06-10,0.8511
2012-06-11,0.869037
2012-06-12,0.888913
2012-06-13,0.913804
2012-06-14,0.921034
2012-06-15,0.996656
2012-06-16,0.981239
2012-06-17,0.942834
2012-06-18,0.95836
2012-06-19,0.984236
2012-06-20,1.015582
2012-06-21,1.009437
2012-06-22,0.990841
2012-06-23,0.972079
2012-06-24,0.960111
2012-06-25,0.955854
2012-06-26,0.970937
2012-06-27,0.995683
2012-06-28,0.990213
2012-06-29,0.998663
2012-06-30,1.000708
2012-07-01,0.991751
2012-07-02,1.00659
2012-07-03,0.964522
2012-07-04,0.973172
2012-07-05,0.99046
2012-07-06,0.993783
2012-07-07,1.017881
2012-07-08,1.014229
2012-07-09,1.046093
2012-07-10,1.100583
2012-07-11,1.098228
2012-07-12,1.147757
2012-07-13,1.1526
2012-07-14,1.17159
2012-07-15,1.176456
2012-07-16,1.289645
2012-07-17,1.304006
2012-07-18,1.341043
2012-07-19,1.298685
2012-07-20,1.247783
2012-07-21,1.289084
2012-07-22,1.234724
2012-07-23,1.236645
2012-07-24,1.239446
2012-07-25,1.262363
2012-07-26,1.268862
2012-07-27,1.26662
2012-07-28,1.255926
2012-07-29,1.238626
2012-07-30,1.280828
2012-07-31,1.301539
2012-08-01,1.325922
2012-08-02,1.430626
2012-08-03,1.462718
2012-08-04,1.451215
2012-08-05,1.4251
2012-08-06,1.424175
2012-08-07,1.42916
2012-08-08,1.434048
2012-08-09,1.430903
2012-08-10,1.465603
2012-08-11,1.47037
2012-08-12,1.471248
2012-08-13,1.505904
2012-08-14,1.517448
2012-08-15,1.616457
2012-08-16,1.625795
2012-08-17,1.456571
2012-08-18,1.369133
2012-08-19,0.979523
2012-08-20,1.218527
2012-08-21,1.210064
2012-08-22,1.193896
2012-08-23,1.230141
2012-08-24,1.280592
2012-08-25,1.273404
2012-08-26,1.26672
2012-08-27,1.290301
2012-08-28,1.288722
2012-08-29,1.279408
2012-08-30,1.263183
2012-08-31,1.182803
2012-09-01,1.175062
2012-09-02,1.1994
2012-09-03,1.228151
2012-09-04,1.209965
2012-09-05,1.276599
2012-09-06,1.287522
2012-09-07,1.276399
2012-09-08,1.269775
2012-09-09,1.267741
2012-09-10,1.2497
2012-09-11,1.261571
2012-09-12,1.262975
2012-09-13,1.26691
2012-09-14,1.299468
2012-09-15,1.292527
2012-09-16,1.304542
2012-09-17,1.3054
2012-09-18,1.339494
2012-09-19,1.353901
2012-09-20,1.327896
2012-09-21,1.319733
2012-09-22,1.304889
2012-09-23,1.297788
2012-09-24,1.291212
2012-09-25,1.29493
2012-09-26,1.304484
2012-09-27,1.299819
2012-09-28,1.302287
2012-09-29,1.300592
2012-09-30,1.296362
2012-10-01,1.293739
2012-10-02,1.327969
2012-10-03,1.336953
2012-10-04,1.322723
2012-10-05,1.310101
2012-10-06,1.284686
2012-10-07,1.222612
2012-10-08,1.210697
2012-10-09,1.222429
2012-10-10,1.249993
2012-10-11,1.245141
2012-10-12,1.240993
2012-10-13,1.230679
2012-10-14,1.205262
2012-10-15,1.230459
2012-10-16,1.223488
2012-10-17,1.229842
2012-10-18,1.229534
2012-10-19,1.212526
2012-10-20,1.206746
2012-10-21,1.199311
2012-10-22,1.207245
2012-10-23,1.203641
2012-10-24,1.195051
2012-10-25,1.111494
2012-10-26,1.055417
2012-10-27,1.092136
2012-10-28,1.118131
2012-10-29,1.110397
2012-10-30,1.134991
2012-10-31,1.161327
2012-11-01,1.110993
2012-11-02,1.105527
2012-11-03,1.117895
2012-11-04,1.131098
2012-11-05,1.125812
2012-11-06,1.138158
2012-11-07,1.14652
2012-11-08,1.13964
2012-11-09,1.132165
2012-11-10,1.136662
2012-11-11,1.134283
2012-11-12,1.151631
2012-11-13,1.14734
2012-11-14,1.143065
2012-11-15,1.163104
2012-11-16,1.211174
2012-11-17,1.213608
2012-11-18,1.202303
2012-11-19,1.208928
2012-11-20,1.202542
2012-11-21,1.203742
2012-11-22,1.2554
2012-11-23,1.249886
2012-11-24,1.26045
2012-11-25,1.268069
2012-11-26,1.231429
2012-11-27,1.22811
2012-11-28,1.242477
2012-11-29,1.255705
2012-11-30,1.260358
2012-12-01,1.258894
2012-12-02,1.247859
2012-12-03,1.25999
2012-12-04,1.318409
2012-12-05,1.304406
2012-12-06,1.314471
2012-12-07,1.309057
2012-12-08,1.307864
2012-12-09,1.289601
2012-12-10,1.300269
2012-12-11,1.307249
2012-12-12,1.306563
2012-12-13,1.308116
2012-12-14,1.290732
2012-12-15,1.282602
2012-12-16,1.262546
2012-12-17,1.260854
2012-12-18,1.254446
2012-12-19,1.274728
2012-12-20,1.274992
2012-12-21,1.259605
2012-12-22,1.258496
2012-12-23,1.247625
2012-12-24,1.256678
2012-12-25,1.249881
2012-12-26,1.256283
2012-12-27,1.249838
2012-12-28,1.252677
2012-12-29,1.244957
2012-12-30,1.249876
2012-12-31,1.256283
2013-01-01,1.236232
2013-01-02,1.231558
2013-01-03,1.23953
2013-01-04,1.24384
2013-01-05,1.242965
2013-01-06,1.245301
2013-01-07,1.247912
2013-01-08,1.263523
2013-01-09,1.265416
2013-01-10,1.286148
2013-01-11,1.290609
2013-01-12,1.28668
2013-01-13,1.279548
2013-01-14,1.290092
2013-01-15,1.285567
2013-01-16,1.313801
2013-01-17,1.375361
2013-01-18,1.376182
2013-01-19,1.3607
2013-01-20,1.367965
2013-01-21,1.440673
2013-01-22,1.458947
2013-01-23,1.462231
2013-01-24,1.405249
2013-01-25,1.437127
2013-01-26,1.439862
2013-01-27,1.448982
2013-01-28,1.503796
2013-01-29,1.523215
2013-01-30,1.51963
2013-01-31,1.54517
2013-02-01,1.505751
2013-02-02,1.447313
2013-02-03,1.5035
2013-02-04,1.486416
2013-02-05,1.491559
2013-02-06,1.516086
2013-02-07,1.562221
2013-02-08,1.583627
2013-02-09,1.630627
2013-02-10,1.630134
2013-02-11,1.651913
2013-02-12,1.661497
2013-02-13,1.61741
2013-02-14,1.746946
2013-02-15,1.710515
2013-02-16,1.698914
2013-02-17,1.656672
2013-02-18,1.642204
2013-02-19,1.75488
2013-02-20,1.753587
2013-02-21,1.735097
2013-02-22,1.745614
2013-02-23,1.694417
2013-02-24,1.669947
2013-02-25,1.661222
2013-02-26,1.682854
2013-02-27,1.677519
2013-02-28,1.735983
2013-03-01,1.766197
2013-03-02,1.729781
2013-03-03,1.733896
2013-03-04,1.79948
2013-03-05,1.929277
2013-03-06,1.945023
2013-03-07,1.842539
2013-03-08,1.896093
2013-03-09,1.972678
2013-03-10,1.914775
2013-03-11,1.970015
2013-03-12,1.795472
2013-03-13,1.864368
2013-03-14,1.836005
2013-03-15,1.811599
2013-03-16,1.804969
2013-03-17,1.797544
2013-03-18,1.905143
2013-03-19,2.093153
2013-03-20,2.15401
2013-03-21,2.247687
2013-03-22,2.144922
2013-03-23,1.962163
2013-03-24,2.120825
2013-03-25,2.103839
2013-03-26,2.16013
2013-03-27,2.317871
2013-03-28,2.19288
2013-03-29,2.195278
2013-03-30,2.161346
2013-03-31,2.164558
2013-04-01,2.246634
2013-04-02,2.377687
2013-04-03,2.400443
2013-04-04,2.336922
2013-04-05,2.313419
2013-04-06,2.263837
2013-04-07,2.469502
2013-04-08,2.587518
2013-04-09,2.7118
2013-04-10,1.837548
2013-04-11,1.032137
2013-04-12,1.402642
2013-04-13,1.239729
2013-04-14,1.140793
2013-04-15,1.056449
2013-04-16,0.912107
2013-04-17,1.219736
2013-04-18,1.398161
2013-04-19,1.504168
2013-04-20,1.595366
2013-04-21,1.461487
2013-04-22,1.540343
2013-04-23,1.694624
2013-04-24,1.752319
2013-04-25,1.578189
2013-04-26,1.526581
2013-04-27,1.416996
2013-04-28,1.47967
2013-04-29,1.557038
2013-04-30,1.497279
2013-05-01,1.262122
2013-05-02,1.164307
2013-05-03,1.062016
2013-05-04,1.236474
2013-05-05,1.275358
2013-05-06,1.226172
2013-05-07,1.219235
2013-05-08,1.235042
2013-05-09,1.221569
2013-05-10,1.285779
2013-05-11,1.257112
2013-05-12,1.24831
2013-05-13,1.272361
2013-05-14,1.172302
2013-05-15,1.182781
2013-05-16,1.223107
2013-05-17,1.266684
2013-05-18,1.268961
2013-05-19,1.255124
2013-05-20,1.260919
2013-05-21,1.253227
2013-05-22,1.26875
2013-05-23,1.314236
2013-05-24,1.362241
2013-05-25,1.346005
2013-05-26,1.35721
2013-05-27,1.315439
2013-05-28,1.307593
2013-05-29,1.338891
2013-05-30,1.304225
2013-05-31,1.314425
2013-06-01,1.321369
2013-06-02,1.256307
2013-06-03,1.257193
2013-06-04,1.227752
2013-06-05,1.232898
2013-06-06,1.208606
2013-06-07,1.121136
2013-06-08,1.111227
2013-06-09,1.01962
2013-06-10,1.065389
2013-06-11,1.095943
2013-06-12,1.084752
2013-06-13,1.035492
2013-06-14,1.015798
2013-06-15,1.022468
2013-06-16,1.014038
2013-06-17,1.024997
2013-06-18,1.066832
2013-06-19,1.067603
2013-06-20,1.066472
2013-06-21,1.037404
2013-06-22,1.023114
2013-06-23,1.025941
2013-06-24,1.012855
2013-06-25,1.001688
2013-06-26,1.009648
2013-06-27,0.991951
2013-06-28,0.919938
2013-06-29,0.914227
2013-06-30,0.922304
2013-07-01,0.857331
2013-07-02,0.907604
2013-07-03,0.808109
2013-07-04,0.824668
2013-07-05,0.711662
2013-07-06,0.706012
2013-07-07,0.766975
2013-07-08,0.786875
2013-07-09,0.79708
2013-07-10,0.899459
2013-07-11,0.924531
2013-07-12,0.948857
2013-07-13,0.962002
2013-07-14,0.943708
2013-07-15,0.983026
2013-07-16,0.962879
2013-07-17,0.956461
2013-07-18,0.896008
2013-07-19,0.910529
2013-07-20,0.897576
2013-07-21,0.905822
2013-07-22,0.906338
2013-07-23,0.919967
2013-07-24,0.931605
2013-07-25,0.951966
2013-07-26,0.949412
2013-07-27,0.929759
2013-07-28,0.976771
2013-07-29,0.983384
2013-07-30,1.017298
2013-07-31,1.029346
2013-08-01,1.013471
2013-08-02,1.006628
2013-08-03,0.997877
2013-08-04,1.005788
2013-08-05,1.016018
2013-08-06,1.017047
2013-08-07,1.010184
2013-08-08,0.981443
2013-08-09,0.96285
2013-08-10,0.971193
2013-08-11,0.98112
2013-08-12,0.993234
2013-08-13,1.016003
2013-08-14,1.028976
2013-08-15,1.017215
2013-08-16,1.01867
2013-08-17,1.030987
2013-08-18,1.025623
2013-08-19,1.060532
2013-08-20,1.076563
2013-08-21,1.137533
2013-08-22,1.122703
2013-08-23,1.101899
2013-08-24,1.112568
2013-08-25,1.152642
2013-08-26,1.140515
2013-08-27,1.193114
2013-08-28,1.194547
2013-08-29,1.19721
2013-08-30,1.252089
2013-08-31,1.281015
2013-09-01,1.296319
2013-09-02,1.28189
2013-09-03,1.269379
2013-09-04,1.204314
2013-09-05,1.200867
2013-09-06,1.156233
2013-09-07,1.173508
2013-09-08,1.15527
2013-09-09,1.183658
2013-09-10,1.190396
2013-09-11,1.233247
2013-09-12,1.223568
2013-09-13,1.227542
2013-09-14,1.194073
2013-09-15,1.199536
2013-09-16,1.207059
2013-09-17,1.21194
2013-09-18,1.210054
2013-09-19,1.177691
2013-09-20,1.164909
2013-09-21,1.169798
2013-09-22,1.163793
2013-09-23,1.160588
2013-09-24,1.167256
2013-09-25,1.164212
2013-09-26,1.172297
2013-09-27,1.188165
2013-09-28,1.188511
2013-09-29,1.189853
2013-09-30,1.17824
2013-10-01,1.189688
2013-10-02,0.980407
2013-10-03,1.102953
2013-10-04,1.141434
2013-10-05,1.135434
2013-10-06,1.143779
2013-10-07,1.148959
2013-10-08,1.154821
2013-10-09,1.163851
2013-10-10,1.169494
2013-10-11,1.172507
2013-10-12,1.175536
2013-10-13,1.214961
2013-10-14,1.237255
2013-10-15,1.286153
2013-10-16,1.251643
2013-10-17,1.293658
2013-10-18,1.367622
2013-10-19,1.469463
2013-10-20,1.468642
2013-10-21,1.558502
2013-10-22,1.614558
2013-10-23,1.694189
2013-10-24,1.595973
2013-10-25,1.479961
2013-10-26,1.431851
2013-10-27,1.540772
2013-10-28,1.547309
2013-10-29,1.586472
2013-10-30,1.52923
2013-10-31,1.561793
2013-11-01,1.550194
2013-11-02,1.558127
2013-11-03,1.590623
2013-11-04,1.681727
2013-11-05,1.750263
2013-11-06,1.859335
2013-11-07,1.963458
2013-11-08,2.168272
2013-11-09,2.101762
2013-11-10,2.049243
2013-11-11,2.102155
2013-11-12,2.121839
2013-11-13,2.279934
2013-11-14,2.326611
2013-11-15,2.228431
2013-11-16,2.33129
2013-11-17,2.515194
2013-11-18,3.093756
2013-11-19,2.489715
2013-11-20,2.583824
2013-11-21,2.975849
2013-11-22,2.941308
2013-11-23,2.886364
2013-11-24,2.733299
2013-11-25,2.658021
2013-11-26,2.620955
2013-11-27,2.615299
2013-11-28,2.580734
2013-11-29,2.700837
2013-11-30,2.603492
2013-12-01,2.220466
2013-12-02,2.345162
2013-12-03,2.328216
2013-12-04,2.429679
2013-12-05,2.162125
2013-12-06,1.741636
2013-12-07,1.483737
2013-12-08,1.641833
2013-12-09,1.864287
2013-12-10,2.009426
2013-12-11,1.780837
2013-12-12,1.77014
2013-12-13,1.765949
2013-12-14,1.720821
2013-12-15,1.735456
2013-12-16,1.369489
2013-12-17,1.380447
2013-12-18,1.07356
2013-12-19,1.394461
2013-12-20,1.224691
2013-12-21,1.223905
2013-12-22,1.283038
2013-12-23,1.368794
2013-12-24,1.326112
2013-12-25,1.382
2013-12-26,1.51964
2013-12-27,1.457934
2013-12-28,1.442912
2013-12-29,1.464205
2013-12-30,1.480742
2013-12-31,1.467495
2014-01-01,1.513909
2014-01-02,1.572447
2014-01-03,1.60819
2014-01-04,1.623396
2014-01-05,1.752377
2014-01-06,1.764106
2014-01-07,1.547522
2014-01-08,1.566944
2014-01-09,1.582804
2014-01-10,1.621272
2014-01-11,1.677728
2014-01-12,1.589114
2014-01-13,1.544137
2014-01-14,1.525358
2014-01-15,1.563727
2014-01-16,1.512321
2014-01-17,1.468223
2014-01-18,1.497992
2014-01-19,1.547581
2014-01-20,1.526719
2014-01-21,1.515105
2014-01-22,1.502232
2014-01-23,1.486053
2014-01-24,1.429298
2014-01-25,1.468833
2014-01-26,1.48501
2014-01-27,1.355656
2014-01-28,1.438965
2014-01-29,1.441792
2014-01-30,1.450626
2014-01-31,1.455931
2014-02-01,1.468229
2014-02-02,1.469028
2014-02-03,1.453607
2014-02-04,1.441212
2014-02-05,1.395054
2014-02-06,1.358815
2014-02-07,1.269739
2014-02-08,1.211068
2014-02-09,1.227976
2014-02-10,1.22478
2014-02-11,1.202225
2014-02-12,1.172213
2014-02-13,1.100312
2014-02-14,1.198795
2014-02-15,1.173019
2014-02-16,1.118152
2014-02-17,1.133147
2014-02-18,1.127046
2014-02-19,1.122468
2014-02-20,1.017308
2014-02-21,1.047092
2014-02-22,1.095397
2014-02-23,1.100813
2014-02-24,0.985858
2014-02-25,0.980988
2014-02-26,1.07834
2014-02-27,1.075704
2014-02-28,1.012708
2014-03-01,1.045274
2014-03-02,1.030165
2014-03-03,1.242941
2014-03-04,1.238955
2014-03-05,1.2297
2014-03-06,1.222506
2014-03-07,1.146466
2014-03-08,1.126973
2014-03-09,1.15473
2014-03-10,1.132215
2014-03-11,1.141137
2014-03-12,1.140927
2014-03-13,1.155316
2014-03-14,1.129007
2014-03-15,1.142497
2014-03-16,1.138218
2014-03-17,1.11765
2014-03-18,1.102034
2014-03-19,1.095514
2014-03-20,1.05453
2014-03-21,1.022211
2014-03-22,1.013451
2014-03-23,1.003324
2014-03-24,1.049498
2014-03-25,1.046378
2014-03-26,1.037971
2014-03-27,0.869021
2014-03-28,0.898721
2014-03-29,0.882801
2014-03-30,0.82946
2014-03-31,0.825236
2014-04-01,0.86851
2014-04-02,0.797674
2014-04-03,0.818288
2014-04-04,0.819333
2014-04-05,0.845544
2014-04-06,0.840439
2014-04-07,0.822473
2014-04-08,0.830461
2014-04-09,0.812868
2014-04-10,0.678364
2014-04-11,0.782348
2014-04-12,0.786554
2014-04-13,0.771791
2014-04-14,0.854274
2014-04-15,0.96484
2014-04-16,0.980109
2014-04-17,0.921158
2014-04-18,0.891078
2014-04-19,0.92973
2014-04-20,0.925143
2014-04-21,0.918477
2014-04-22,0.903263
2014-04-23,0.903826
2014-04-24,0.926481
2014-04-25,0.85953
2014-04-26,0.846226
2014-04-27,0.808568
2014-04-28,0.814821
2014-04-29,0.826633
2014-04-30,0.828687
2014-05-01,0.849326
2014-05-02,0.834476
2014-05-03,0.81002
2014-05-04,0.805829
2014-05-05,0.798333
2014-05-06,0.794906
2014-05-07,0.817358
2014-05-08,0.814043
2014-05-09,0.836335
2014-05-10,0.843556
2014-05-11,0.810917
2014-05-12,0.815003
2014-05-13,0.810901
2014-05-14,0.822562
2014-05-15,0.826475
2014-05-16,0.829963
2014-05-17,0.830585
2014-05-18,0.826158
2014-05-19,0.827104
2014-05-20,0.905112
2014-05-21,0.910923
2014-05-22,0.969651
2014-05-23,0.963064
2014-05-24,0.970136
2014-05-25,1.05116
2014-05-26,1.071053
2014-05-27,1.044459
2014-05-28,1.052619
2014-05-29,1.035795
2014-05-30,1.119016
2014-05-31,1.129574
2014-06-01,1.131705
2014-06-02,1.1869
2014-06-03,1.199616
2014-06-04,1.147521
2014-06-05,1.176431
2014-06-06,1.155743
2014-06-07,1.166227
2014-06-08,1.166425
2014-06-09,1.1475
2014-06-10,1.150814
2014-06-11,1.116964
2014-06-12,1.037177
2014-06-13,1.045245
2014-06-14,1.007861
2014-06-15,1.032068
2014-06-16,1.032992
2014-06-17,1.064632
2014-06-18,1.061475
2014-06-19,1.040578
2014-06-20,1.032785
2014-06-21,1.034435
2014-06-22,1.04573
2014-06-23,1.027555
2014-06-24,1.010957
2014-06-25,0.980286
2014-06-26,1.011269
2014-06-27,1.044787
2014-06-28,1.033317
2014-06-29,1.043566
2014-06-30,1.107129
2014-07-01,1.111982
2014-07-02,1.122664
2014-07-03,1.112354
2014-07-04,1.084459
2014-07-05,1.083362
2014-07-06,1.089678
2014-07-07,1.068595
2014-07-08,1.071407
2014-07-09,1.064807
2014-07-10,1.054803
2014-07-11,1.08439
2014-07-12,1.087744
2014-07-13,1.074967
2014-07-14,1.056276
2014-07-15,1.060195
2014-07-16,1.050166
2014-07-17,1.062782
2014-07-18,1.073037
2014-07-19,1.070538
2014-07-20,1.063246
2014-07-21,1.055484
2014-07-22,1.052427
2014-07-23,1.051636
2014-07-24,1.022906
2014-07-25,1.02038
2014-07-26,1.008389
2014-07-27,1.002773
2014-07-28,0.996169
2014-07-29,0.990823
2014-07-30,0.955798
2014-07-31,0.987347
2014-08-01,1.011121
2014-08-02,0.999253
2014-08-03,0.993956
2014-08-04,0.994571
2014-08-05,0.980899
2014-08-06,0.981415
2014-08-07,0.987405
2014-08-08,0.991932
2014-08-09,0.99126
2014-08-10,0.991403
2014-08-11,0.964671
2014-08-12,0.956087
2014-08-13,0.922948
2014-08-14,0.852437
2014-08-15,0.845074
2014-08-16,0.88089
2014-08-17,0.84043
2014-08-18,0.794783
2014-08-19,0.825262
2014-08-20,0.872692
2014-08-21,0.88066
2014-08-22,0.875439
2014-08-23,0.844578
2014-08-24,0.86348
2014-08-25,0.852367
2014-08-26,0.869553
2014-08-27,0.866761
2014-08-28,0.866073
2014-08-29,0.871884
2014-08-30,0.858933
2014-08-31,0.82015
2014-09-01,0.813472
2014-09-02,0.814117
2014-09-03,0.813503
2014-09-04,0.840089
2014-09-05,0.821568
2014-09-06,0.82531
2014-09-07,0.822151
2014-09-08,0.806248
2014-09-09,0.815584
2014-09-10,0.823582
2014-09-11,0.822941
2014-09-12,0.818027
2014-09-13,0.824661
2014-09-14,0.820443
2014-09-15,0.815913
2014-09-16,0.801581
2014-09-17,0.78837
2014-09-18,0.739689
2014-09-19,0.685197
2014-09-20,0.718031
2014-09-21,0.700038
2014-09-22,0.701299
2014-09-23,0.767067
2014-09-24,0.741612
2014-09-25,0.71735
2014-09-26,0.711374
2014-09-27,0.703397
2014-09-28,0.659952
2014-09-29,0.658239
2014-09-30,0.687555
2014-10-01,0.677306
2014-10-02,0.659785
2014-10-03,0.636668
2014-10-04,0.587127
2014-10-05,0.578381
2014-10-06,0.592249
2014-10-07,0.605363
2014-10-08,0.643196
2014-10-09,0.657558
2014-10-10,0.653621
2014-10-11,0.659412
2014-10-12,0.688997
2014-10-13,0.713447
2014-10-14,0.729243
2014-10-15,0.720272
2014-10-16,0.69785
2014-10-17,0.698627
2014-10-18,0.714812
2014-10-19,0.709864
2014-10-20,0.696325
2014-10-21,0.703609
2014-10-22,0.69609
2014-10-23,0.654395
2014-10-24,0.656034
2014-10-25,0.635113
2014-10-26,0.648455
2014-10-27,0.643602
2014-10-28,0.652288
2014-10-29,0.614837
2014-10-30,0.635631
2014-10-31,0.623533
2014-11-01,0.600466
2014-11-02,0.600495
2014-11-03,0.603214
2014-11-04,0.612267
2014-11-05,0.629541
2014-11-06,0.648577
2014-11-07,0.636105
2014-11-08,0.642843
2014-11-09,0.676878
2014-11-10,0.680282
2014-11-11,0.684812
2014-11-12,0.784834
2014-11-13,0.780814
2014-11-14,0.737797
2014-11-15,0.70029
2014-11-16,0.722562
2014-11-17,0.718319
2014-11-18,0.693622
2014-11-19,0.701468
2014-11-20,0.663073
2014-11-21,0.653525
2014-11-22,0.656687
2014-11-23,0.684928
2014-11-24,0.701829
2014-11-25,0.701588
2014-11-26,0.684928
2014-11-27,0.688602
2014-11-28,0.717613
2014-11-29,0.714261
2014-11-30,0.718998
2014-12-01,0.72004
2014-12-02,0.728656
2014-12-03,0.715344
2014-12-04,0.706061
2014-12-05,0.724194
2014-12-06,0.717767
2014-12-07,0.720735
2014-12-08,0.704695
2014-12-09,0.683128
2014-12-10,0.679134
2014-12-11,0.681059
2014-12-12,0.690244
2014-12-13,0.682572
2014-12-14,0.695805
2014-12-15,0.67886
2014-12-16,0.643342
2014-12-17,0.627808
2014-12-18,0.615589
2014-12-19,0.625607
2014-12-20,0.649227
2014-12-21,0.633662
2014-12-22,0.655289
2014-12-23,0.667925
2014-12-24,0.64424
2014-12-25,0.636275
2014-12-26,0.656586
2014-12-27,0.630326
2014-12-28,0.632806
2014-12-29,0.625637
2014-12-30,0.62661
2014-12-31,0.648786
2015-01-01,0.636775
2015-01-02,0.639237
2015-01-03,0.580052
2015-01-04,0.536406
2015-01-05,0.561815
2015-01-06,0.588555
2015-01-07,0.609232
2015-01-08,0.58472
2015-01-09,0.603302
2015-01-10,0.570598
2015-01-11,0.555801
2015-01-12,0.556531
2015-01-13,0.467551
2015-01-14,0.370765
2015-01-15,0.449021
2015-01-16,0.439815
2015-01-17,0.423811
2015-01-18,0.448004
2015-01-19,0.460382
2015-01-20,0.450317
2015-01-21,0.488447
2015-01-22,0.500682
2015-01-23,0.499712
2015-01-24,0.533574
2015-01-25,0.544994
2015-01-26,0.589965
2015-01-27,0.570461
2015-01-28,0.508715
2015-01-29,0.505614
2015-01-30,0.495404
2015-01-31,0.471529
2015-02-01,0.49274
2015-02-02,0.52118
2015-02-03,0.494869
2015-02-04,0.493463
2015-02-05,0.472988
2015-02-06,0.485524
2015-02-07,0.498512
2015-02-08,0.488526
2015-02-09,0.482028
2015-02-10,0.482489
2015-02-11,0.480151
2015-02-12,0.486947
2015-02-13,0.517502
2015-02-14,0.563326
2015-02-15,0.512996
2015-02-16,0.514561
2015-02-17,0.533767
2015-02-18,0.516554
2015-02-19,0.531339
2015-02-20,0.539894
2015-02-21,0.539885
2015-02-22,0.520496
2015-02-23,0.526212
2015-02-24,0.52823
2015-02-25,0.525802
2015-02-26,0.523257
2015-02-27,0.56285
2015-02-28,0.562881
2015-03-01,0.575905
2015-03-02,0.610101
2015-03-03,0.625908
2015-03-04,0.605758
2015-03-05,0.612986
2015-03-06,0.60665
2015-03-07,0.615097
2015-03-08,0.614224
2015-03-09,0.648692
2015-03-10,0.653337
2015-03-11,0.662581
2015-03-12,0.658631
2015-03-13,0.638153
2015-03-14,0.632853
2015-03-15,0.640894
2015-03-16,0.650517
2015-03-17,0.636652
2015-03-18,0.575665
2015-03-19,0.586969
2015-03-20,0.589093
2015-03-21,0.585231
2015-03-22,0.602431
2015-03-23,0.59788
2015-03-24,0.553945
2015-03-25,0.554373
2015-03-26,0.561045
2015-03-27,0.55663
2015-03-28,0.569733
2015-03-29,0.546715
2015-03-30,0.559079
2015-03-31,0.551112
2015-04-01,0.558885
2015-04-02,0.573944
2015-04-03,0.576915
2015-04-04,0.574733
2015-04-05,0.590724
2015-04-06,0.579963
2015-04-07,0.576566
2015-04-08,0.556497
2015-04-09,0.55276
2015-04-10,0.537069
2015-04-11,0.540555
2015-04-12,0.540296
2015-04-13,0.51484
2015-04-14,0.502332
2015-04-15,0.513318
2015-04-16,0.525335
2015-04-17,0.512514
2015-04-18,0.513851
2015-04-19,0.51351
2015-04-20,0.517529
2015-04-21,0.540901
2015-04-22,0.538423
2015-04-23,0.546341
2015-04-24,0.536144
2015-04-25,0.524729
2015-04-26,0.511199
2015-04-27,0.527409
2015-04-28,0.523451
2015-04-29,0.523807
2015-04-30,0.548284
2015-05-01,0.540065
2015-05-02,0.546377
2015-05-03,0.557655
2015-05-04,0.554172
2015-05-05,0.547562
2015-05-06,0.53256
2015-05-07,0.550316
2015-05-08,0.566965
2015-05-09,0.56294
2015-05-10,0.558318
2015-05-11,0.562664
2015-05-12,0.562804
2015-05-13,0.549826
2015-05-14,0.55102
2015-05-15,0.552268
2015-05-16,0.54835
2015-05-17,0.550926
2015-05-18,0.541662
2015-05-19,0.539805
2015-05-20,0.544929
2015-05-21,0.548053
2015-05-22,0.559543
2015-05-23,0.556418
2015-05-24,0.560309
2015-05-25,0.552023
2015-05-26,0.55166
2015-05-27,0.552922
2015-05-28,0.552778
2015-05-29,0.552125
2015-05-30,0.546101
2015-05-31,0.538657
2015-06-01,0.525197
2015-06-02,0.530516
2015-06-03,0.530673
2015-06-04,0.526923
2015-06-05,0.529737
2015-06-06,0.530671
2015-06-07,0.52708
2015-06-08,0.539657
2015-06-09,0.541009
2015-06-10,0.53959
2015-06-11,0.542298
2015-06-12,0.543029
2015-06-13,0.550868
2015-06-14,0.5498
2015-06-15,0.55987
2015-06-16,0.593872
2015-06-17,0.586094
2015-06-18,0.588629
2015-06-19,0.579045
2015-06-20,0.58126
2015-06-21,0.578211
2015-06-22,0.584524
2015-06-23,0.57797
2015-06-24,0.569525
2015-06-25,0.574186
2015-06-26,0.575701
2015-06-27,0.595688
2015-06-28,0.589637
2015-06-29,0.607337
2015-06-30,0.623808
2015-07-01,0.610033
2015-07-02,0.602518
2015-07-03,0.607216
2015-07-04,0.617389
2015-07-05,0.642929
2015-07-06,0.638017
2015-07-07,0.63162
2015-07-08,0.641804
2015-07-09,0.640683
2015-07-10,0.677754
2015-07-11,0.697245
2015-07-12,0.737634
2015-07-13,0.693133
2015-07-14,0.681455
2015-07-15,0.677038
2015-07-16,0.659914
2015-07-17,0.663674
2015-07-18,0.657426
2015-07-19,0.65243
2015-07-20,0.662476
2015-07-21,0.65681
2015-07-22,0.659339
2015-07-23,0.656862
2015-07-24,0.685893
2015-07-25,0.686043
2015-07-26,0.694668
2015-07-27,0.697055
2015-07-28,0.699131
2015-07-29,0.686203
2015-07-30,0.682586
2015-07-31,0.673876
2015-08-01,0.666843
2015-08-02,0.66847
2015-08-03,0.667866
2015-08-04,0.675616
2015-08-05,0.668648
2015-08-06,0.660753
2015-08-07,0.661905
2015-08-08,0.619772
2015-08-09,0.638753
2015-08-10,0.635566
2015-08-11,0.651067
2015-08-12,0.643283
2015-08-13,0.635312
2015-08-14,0.639759
2015-08-15,0.629543
2015-08-16,0.623025
2015-08-17,0.621242
2015-08-18,0.526922
2015-08-19,0.550741
2015-08-20,0.571793
2015-08-21,0.565994
2015-08-22,0.561256
2015-08-23,0.55684
2015-08-24,0.519194
2015-08-25,0.550877
2015-08-26,0.561964
2015-08-27,0.559392
2015-08-28,0.577252
2015-08-29,0.571737
2015-08-30,0.569901
2015-08-31,0.574142
2015-09-01,0.567692
2015-09-02,0.57197
2015-09-03,0.566824
2015-09-04,0.577003
2015-09-05,0.58863
2015-09-06,0.600773
2015-09-07,0.600145
2015-09-08,0.608763
2015-09-09,0.595558
2015-09-10,0.596949
2015-09-11,0.60211
2015-09-12,0.590862
2015-09-13,0.576505
2015-09-14,0.577721
2015-09-15,0.576598
2015-09-16,0.573366
2015-09-17,0.583683
2015-09-18,0.583551
2015-09-19,0.581224
2015-09-20,0.579058
2015-09-21,0.568114
2015-09-22,0.577873
2015-09-23,0.577726
2015-09-24,0.588033
2015-09-25,0.591101
2015-09-26,0.588691
2015-09-27,0.585205
2015-09-28,0.602417
2015-09-29,0.59566
2015-09-30,0.594276
2015-10-01,0.598295
2015-10-02,0.597395
2015-10-03,0.601764
2015-10-04,0.601184
2015-10-05,0.604758
2015-10-06,0.619531
2015-10-07,0.612716
2015-10-08,0.611368
2015-10-09,0.614732
2015-10-10,0.618519
2015-10-11,0.624848
2015-10-12,0.620238
2015-10-13,0.63101
2015-10-14,0.63878
2015-10-15,0.642637
2015-10-16,0.662303
2015-10-17,0.684681
2015-10-18,0.663321
2015-10-19,0.665546
2015-10-20,0.681044
2015-10-21,0.674014
2015-10-22,0.692219
2015-10-23,0.699589
2015-10-24,0.711277
2015-10-25,0.716761
2015-10-26,0.71791
2015-10-27,0.738767
2015-10-28,0.761993
2015-10-29,0.785686
2015-10-30,0.816065
2015-10-31,0.780029
2015-11-01,0.817821
2015-11-02,0.897695
2015-11-03,0.978516
2015-11-04,0.981088
2015-11-05,0.926019
2015-11-06,0.898622
2015-11-07,0.92974
2015-11-08,0.896583
2015-11-09,0.914938
2015-11-10,0.817842
2015-11-11,0.751952
2015-11-12,0.820387
2015-11-13,0.82003
2015-11-14,0.809837
2015-11-15,0.778806
2015-11-16,0.805977
2015-11-17,0.815938
2015-11-18,0.815253
2015-11-19,0.792774
2015-11-20,0.782722
2015-11-21,0.792237
2015-11-22,0.786836
2015-11-23,0.785207
2015-11-24,0.777995
2015-11-25,0.799371
2015-11-26,0.863313
2015-11-27,0.869569
2015-11-28,0.862512
2015-11-29,0.897535
2015-11-30,0.908557
2015-12-01,0.873205
2015-12-02,0.86543
2015-12-03,0.870006
2015-12-04,0.874395
2015-12-05,0.93476
2015-12-06,0.942354
2015-12-07,0.944989
2015-12-08,0.985445
2015-12-09,0.990237
2015-12-10,0.984206
2015-12-11,1.068093
2015-12-12,1.024618
2015-12-13,1.020296
2015-12-14,1.037822
2015-12-15,1.083218
2015-12-16,1.057774
2015-12-17,1.060571
2015-12-18,1.073258
2015-12-19,1.068242
2015-12-20,1.023716
2015-12-21,1.013336
2015-12-22,1.007295
2015-12-23,1.022561
2015-12-24,1.050908
2015-12-25,1.048888
2015-12-26,0.964483
2015-12-27,0.974836
2015-12-28,0.971191
2015-12-29,0.994171
2015-12-30,0.981787
2015-12-31,0.98857
2016-01-01,0.995741
2016-01-02,0.9983
2016-01-03,0.987658
2016-01-04,0.991878
2016-01-05,0.993511
2016-01-06,0.988871
2016-01-07,1.05038
2016-01-08,1.038243
2016-01-09,1.032036
2016-01-10,1.025925
2016-01-11,1.022942
2016-01-12,0.996746
2016-01-13,0.98498
2016-01-14,0.924762
2016-01-15,0.843623
2016-01-16,0.89011
2016-01-17,0.882607
2016-01-18,0.878675
2016-01-19,0.869147
2016-01-20,0.932137
2016-01-21,0.92376
2016-01-22,0.884236
2016-01-23,0.890298
2016-01-24,0.917714
2016-01-25,0.919786
2016-01-26,0.909192
2016-01-27,0.905597
2016-01-28,0.883268
2016-01-29,0.884847
2016-01-30,0.883233
2016-01-31,0.856384
2016-02-01,0.871173
2016-02-02,0.868634
2016-02-03,0.865333
2016-02-04,0.914652
2016-02-05,0.893772
2016-02-06,0.880742
2016-02-07,0.875583
2016-02-08,0.875211
2016-02-09,0.879764
2016-02-10,0.886366
2016-02-11,0.891554
2016-02-12,0.900297
2016-02-13,0.91281
2016-02-14,0.935611
2016-02-15,0.938371
2016-02-16,0.954987
2016-02-17,0.971897
2016-02-18,0.984312
2016-02-19,0.979246
2016-02-20,1.024586
2016-02-21,1.020198
2016-02-22,1.016421
2016-02-23,0.976432
2016-02-24,0.984978
2016-02-25,0.985319
2016-02-26,1.001997
2016-02-27,1.00414
2016-02-28,1.003696
2016-02-29,1.012275
2016-03-01,1.001404
2016-03-02,0.979515
2016-03-03,0.971164
2016-03-04,0.946286
2016-03-05,0.923946
2016-03-06,0.939007
2016-03-07,0.960529
2016-03-08,0.956863
2016-03-09,0.960843
2016-03-10,0.96973
2016-03-11,0.976749
2016-03-12,0.955553
2016-03-13,0.959231
2016-03-14,0.966578
2016-03-15,0.967207
2016-03-16,0.970955
2016-03-17,0.974199
2016-03-18,0.952021
2016-03-19,0.952895
2016-03-20,0.959482
2016-03-21,0.958548
2016-03-22,0.969508
2016-03-23,0.970912
2016-03-24,0.96163
2016-03-25,0.967787
2016-03-26,0.968388
2016-03-27,0.987088
2016-03-28,0.980634
2016-03-29,0.964389
2016-03-30,0.957456
2016-03-31,0.96457
2016-04-01,0.967254
2016-04-02,0.972723
2016-04-03,0.973198
2016-04-04,0.97169
2016-04-05,0.977981
2016-04-06,0.975741
2016-04-07,0.973072
2016-04-08,0.966728
2016-04-09,0.966775
2016-04-10,0.973162
2016-04-11,0.975877
2016-04-12,0.984653
2016-04-13,0.978557
2016-04-14,0.980517
2016-04-15,0.990853
2016-04-16,0.993801
2016-04-17,0.987059
2016-04-18,0.987432
2016-04-19,1.004424
2016-04-20,1.015045
2016-04-21,1.034916
2016-04-22,1.024747
2016-04-23,1.036337
2016-04-24,1.056637
2016-04-25,1.058631
2016-04-26,1.066041
2016-04-27,1.01317
2016-04-28,1.024364
2016-04-29,1.036902
2016-04-30,1.020639
2016-05-01,1.030771
2016-05-02,1.008043
2016-05-03,1.022475
2016-05-04,1.014945
2016-05-05,1.016633
2016-05-06,1.042792
2016-05-07,1.041644
2016-05-08,1.041031
2016-05-09,1.045022
2016-05-10,1.017556
2016-05-11,1.023268
2016-05-12,1.026491
2016-05-13,1.029755
2016-05-14,1.031104
2016-05-15,1.036539
2016-05-16,1.024383
2016-05-17,1.019722
2016-05-18,1.021676
2016-05-19,0.985099
2016-05-20,0.995327
2016-05-21,0.998764
2016-05-22,0.990944
2016-05-23,0.998582
2016-05-24,1.001561
2016-05-25,1.011561
2016-05-26,1.019361
2016-05-27,1.054964
2016-05-28,1.177506
2016-05-29,1.165742
2016-05-30,1.173823
2016-05-31,1.164799
2016-06-01,1.175957
2016-06-02,1.17461
2016-06-03,1.237725
2016-06-04,1.243069
2016-06-05,1.242055
2016-06-06,1.26032
2016-06-07,1.242711
2016-06-08,1.248798
2016-06-09,1.234155
2016-06-10,1.237134
2016-06-11,1.287326
2016-06-12,1.410752
2016-06-13,1.45708
2016-06-14,1.412122
2016-06-15,1.421911
2016-06-16,1.538279
2016-06-17,1.495485
2016-06-18,1.504845
2016-06-19,1.516228
2016-06-20,1.428293
2016-06-21,1.324059
2016-06-22,1.186626
2016-06-23,1.249298
2016-06-24,1.317118
2016-06-25,1.32404
2016-06-26,1.250261
2016-06-27,1.290323
2016-06-28,1.279419
2016-06-29,1.262618
2016-06-30,1.327856
2016-07-01,1.331383
2016-07-02,1.376984
2016-07-03,1.298445
2016-07-04,1.329645
2016-07-05,1.305034
2016-07-06,1.321023
2016-07-07,1.24978
2016-07-08,1.296086
2016-07-09,1.269545
2016-07-10,1.264835
2016-07-11,1.264095
2016-07-12,1.299479
2016-07-13,1.275872
2016-07-14,1.279477
2016-07-15,1.289317
2016-07-16,1.285084
2016-07-17,1.311778
2016-07-18,1.299086
2016-07-19,1.295651
2016-07-20,1.281111
2016-07-21,1.279172
2016-07-22,1.248322
2016-07-23,1.26084
2016-07-24,1.264703
2016-07-25,1.25197
2016-07-26,1.24982
2016-07-27,1.251211
2016-07-28,1.250114
2016-07-29,1.251589
2016-07-30,1.246278
2016-07-31,1.189921
2016-08-01,1.157206
2016-08-02,1.016851
2016-08-03,1.099604
2016-08-04,1.123216
2016-08-05,1.11866
2016-08-06,1.136671
2016-08-07,1.143737
2016-08-08,1.137549
2016-08-09,1.130669
2016-08-10,1.135426
2016-08-11,1.134638
2016-08-12,1.129702
2016-08-13,1.125749
2016-08-14,1.09914
2016-08-15,1.09025
2016-08-16,1.112393
2016-08-17,1.103415
2016-08-18,1.102456
2016-08-19,1.103697
2016-08-20,1.117394
2016-08-21,1.11487
2016-08-22,1.122237
2016-08-23,1.117614
2016-08-24,1.110386
2016-08-25,1.103907
2016-08-26,1.108764
2016-08-27,1.09217
2016-08-28,1.101087
2016-08-29,1.0985
2016-08-30,1.102532
2016-08-31,1.095527
2016-09-01,1.095353
2016-09-02,1.103556
2016-09-03,1.146698
2016-09-04,1.164693
2016-09-05,1.1578
2016-09-06,1.166457
2016-09-07,1.1701
2016-09-08,1.196266
2016-09-09,1.180765
2016-09-10,1.183155
2016-09-11,1.151737
2016-09-12,1.150353
2016-09-13,1.151351
2016-09-14,1.152023
2016-09-15,1.146948
2016-09-16,1.147313
2016-09-17,1.14597
2016-09-18,1.152976
2016-09-19,1.147537
2016-09-20,1.144853
2016-09-21,1.123706
2016-09-22,1.12093
2016-09-23,1.13306
2016-09-24,1.134556
2016-09-25,1.129892
2016-09-26,1.140469
2016-09-27,1.136745
2016-09-28,1.135398
2016-09-29,1.13588
2016-09-30,1.142199
2016-10-01,1.153486
2016-10-02,1.146084
2016-10-03,1.146245
2016-10-04,1.140585
2016-10-05,1.143806
2016-10-06,1.142369
2016-10-07,1.152836
2016-10-08,1.154545
2016-10-09,1.14981
2016-10-10,1.150884
2016-10-11,1.193764
2016-10-12,1.179444
2016-10-13,1.176481
2016-10-14,1.18302
2016-10-15,1.178019
2016-10-16,1.187201
2016-10-17,1.178629
2016-10-18,1.170915
2016-10-19,1.159349
2016-10-20,1.157027
2016-10-21,1.16006
2016-10-22,1.201591
2016-10-23,1.195832
2016-10-24,1.191568
2016-10-25,1.200101
2016-10-26,1.231918
2016-10-27,1.248353
2016-10-28,1.253393
2016-10-29,1.29462
2016-10-30,1.264887
2016-10-31,1.261208
2016-11-01,1.313406
2016-11-02,1.32744
2016-11-03,1.237731
2016-11-04,1.263335
2016-11-05,1.264625
2016-11-06,1.279111
2016-11-07,1.260536
2016-11-08,1.267986
2016-11-09,1.281964
2016-11-10,1.26651
2016-11-11,1.269077
2016-11-12,1.247516
2016-11-13,1.246305
2016-11-14,1.248731
2016-11-15,1.258511
2016-11-16,1.305596
2016-11-17,1.291359
2016-11-18,1.31305
2016-11-19,1.314087
2016-11-20,1.277182
2016-11-21,1.285996
2016-11-22,1.304008
2016-11-23,1.286633
2016-11-24,1.27816
2016-11-25,1.280884
2016-11-26,1.271139
2016-11-27,1.258155
2016-11-28,1.260682
2016-11-29,1.262276
2016-11-30,1.278312
2016-12-01,1.294993
2016-12-02,1.322511
2016-12-03,1.30127
2016-12-04,1.30027
2016-12-05,1.27593
2016-12-06,1.285223
2016-12-07,1.29298
2016-12-08,1.294952
2016-12-09,1.300365
2016-12-10,1.303691
2016-12-11,1.294225
2016-12-12,1.305127
2016-12-13,1.304143
2016-12-14,1.298888
2016-12-15,1.294987
2016-12-16,1.303351
2016-12-17,1.313498
2016-12-18,1.313256
2016-12-19,1.311059
2016-12-20,1.323552
2016-12-21,1.364527
2016-12-22,1.406502
2016-12-23,1.485021
2016-12-24,1.443012
2016-12-25,1.447438
2016-12-26,1.454224
2016-12-27,1.483791
2016-12-28,1.557108
2016-12-29,1.537898
2016-12-30,1.512831
2016-12-31,1.521409
2017-01-01,1.558683
2017-01-02,1.579362
2017-01-03,1.591979
2017-01-04,1.720438
2017-01-05,1.504766
2017-01-06,1.349494
2017-01-07,1.365571
2017-01-08,1.377328
2017-01-09,1.362057
2017-01-10,1.364838
2017-01-11,1.19532
2017-01-12,1.224377
2017-01-13,1.253535
2017-01-14,1.243547
2017-01-15,1.249814
2017-01-16,1.258754
2017-01-17,1.366317
2017-01-18,1.327976
2017-01-19,1.356596
2017-01-20,1.344526
2017-01-21,1.385253
2017-01-22,1.379317
2017-01-23,1.37177
2017-01-24,1.323622
2017-01-25,1.332732
2017-01-26,1.360423
2017-01-27,1.364147
2017-01-28,1.36605
2017-01-29,1.352952
2017-01-30,1.357686
2017-01-31,1.423907
2017-02-01,1.446867
2017-02-02,1.470573
2017-02-03,1.475868
2017-02-04,1.498276
2017-02-05,1.467793
2017-02-06,1.476212
2017-02-07,1.513475
2017-02-08,1.506693
2017-02-09,1.406768
2017-02-10,1.421941
2017-02-11,1.441066
2017-02-12,1.431548
2017-02-13,1.419535
2017-02-14,1.433851
2017-02-15,1.434356
2017-02-16,1.462645
2017-02-17,1.486516
2017-02-18,1.485957
2017-02-19,1.480621
2017-02-20,1.517696
2017-02-21,1.565705
2017-02-22,1.557271
2017-02-23,1.626484
2017-02-24,1.609817
2017-02-25,1.561516
2017-02-26,1.598264
2017-02-27,1.608703
2017-02-28,1.596142
2017-03-01,1.639129
2017-03-02,1.672543
2017-03-03,1.694993
2017-03-04,1.662795
2017-03-05,1.666807
2017-03-06,1.665483
2017-03-07,1.600327
2017-03-08,1.4934
2017-03-09,1.543741
2017-03-10,1.424408
2017-03-11,1.521461
2017-03-12,1.586892
2017-03-13,1.58428
2017-03-14,1.58802
2017-03-15,1.594551
2017-03-16,1.490468
2017-03-17,1.361663
2017-03-18,1.228452
2017-03-19,1.300795
2017-03-20,1.323363
2017-03-21,1.41147
2017-03-22,1.317108
2017-03-23,1.306586
2017-03-24,1.197654
2017-03-25,1.240582
2017-03-26,1.233507
2017-03-27,1.331679
2017-03-28,1.332121
2017-03-29,1.324128
2017-03-30,1.320481
2017-03-31,1.369942
2017-04-01,1.377356
2017-04-02,1.39539
2017-04-03,1.43872
2017-04-04,1.431717
2017-04-05,1.42069
2017-04-06,1.487126
2017-04-07,1.478419
2017-04-08,1.467107
2017-04-09,1.498195
2017-04-10,1.49159
2017-04-11,1.508642
2017-04-12,1.488176
2017-04-13,1.43421
2017-04-14,1.434838
2017-04-15,1.434994
2017-04-16,1.431597
2017-04-17,1.448129
2017-04-18,1.45691
2017-04-19,1.462791
2017-04-20,1.488952
2017-04-21,1.499156
2017-04-22,1.492495
2017-04-23,1.497622
2017-04-24,1.501504
2017-04-25,1.522649
2017-04-26,1.536589
2017-04-27,1.585695
2017-04-28,1.579555
2017-04-29,1.586173
2017-04-30,1.607833
2017-05-01,1.65954
2017-05-02,1.678801
2017-05-03,1.728829
2017-05-04,1.732004
2017-05-05,1.707347
2017-05-06,1.744306
2017-05-07,1.68759
2017-05-08,1.836124
2017-05-09,1.852787
2017-05-10,1.900878
2017-05-11,1.932053
2017-05-12,1.786528
2017-05-13,1.853411
2017-05-14,1.861641
2017-05-15,1.793483
2017-05-16,1.804244
2017-05-17,1.837707
2017-05-18,1.909315
2017-05-19,1.960764
2017-05-20,2.020009
2017-05-21,1.999776
2017-05-22,1.996041
2017-05-23,2.11781
2017-05-24,2.21901
2017-05-25,2.091446
2017-05-26,2.031325
2017-05-27,1.822663
2017-05-28,1.969459
2017-05-29,2.006127
2017-05-30,1.895163
2017-05-31,1.986179
2017-06-01,2.045042
2017-06-02,2.092272
2017-06-03,2.128545
2017-06-04,2.092173
2017-06-05,2.193132
2017-06-06,2.305811
2017-06-07,2.159312
2017-06-08,2.208198
2017-06-09,2.186363
2017-06-10,2.244545
2017-06-11,2.263853
2017-06-12,2.011894
2017-06-13,2.024905
2017-06-14,1.825294
2017-06-15,1.797265
2017-06-16,1.835387
2017-06-17,1.954597
2017-06-18,1.835159
2017-06-19,1.877401
2017-06-20,1.961632
2017-06-21,1.88596
2017-06-22,1.904597
2017-06-23,1.893578
2017-06-24,1.805385
2017-06-25,1.758574
2017-06-26,1.707923
2017-06-27,1.772576
2017-06-28,1.786142
2017-06-29,1.762746
2017-06-30,1.694466
2017-07-01,1.665122
2017-07-02,1.732443
2017-07-03,1.746084
2017-07-04,1.771613
2017-07-05,1.767653
2017-07-06,1.758327
2017-07-07,1.679226
2017-07-08,1.71342
2017-07-09,1.680694
2017-07-10,1.559788
2017-07-11,1.558743
2017-07-12,1.594204
2017-07-13,1.571077
2017-07-14,1.486342
2017-07-15,1.3421
2017-07-16,1.293893
2017-07-17,1.490538
2017-07-18,1.543609
2017-07-19,1.50937
2017-07-20,1.855757
2017-07-21,1.745217
2017-07-22,1.839183
2017-07-23,1.783594
2017-07-24,1.776434
2017-07-25,1.642572
2017-07-26,1.614933
2017-07-27,1.689826
2017-07-28,1.730247
2017-07-29,1.658984
2017-07-30,1.647721
2017-07-31,1.67795
2017-08-01,1.582164
2017-08-02,1.547947
2017-08-03,1.586656
2017-08-04,1.596955
2017-08-05,1.773409
2017-08-06,1.734651
2017-08-07,1.777828
2017-08-08,1.764091
2017-08-09,1.704434
2017-08-10,1.732158
2017-08-11,1.823008
2017-08-12,1.899512
2017-08-13,1.965947
2017-08-14,2.042008
2017-08-15,1.95292
2017-08-16,2.02199
2017-08-17,1.966521
2017-08-18,1.862037
2017-08-19,1.863168
2017-08-20,1.808383
2017-08-21,1.75778
2017-08-22,1.778789
2017-08-23,1.79364
2017-08-24,1.857337
2017-08-25,1.856581
2017-08-26,1.841094
2017-08-27,1.83338
2017-08-28,1.834102
2017-08-29,1.899069
2017-08-30,1.879261
2017-08-31,1.915623
2017-09-01,1.961677
2017-09-02,1.82265
2017-09-03,1.825769
2017-09-04,1.718164
2017-09-05,1.740453
2017-09-06,1.786502
2017-09-07,1.775106
2017-09-08,1.663356
2017-09-09,1.656661
2017-09-10,1.621028
2017-09-11,1.600138
2017-09-12,1.579414
2017-09-13,1.478911
2017-09-14,1.248224
2017-09-15,1.416943
2017-09-16,1.418884
2017-09-17,1.418414
2017-09-18,1.552024
2017-09-19,1.490831
2017-09-20,1.477456
2017-09-21,1.373967
2017-09-22,1.373991
2017-09-23,1.430782
2017-09-24,1.393002
2017-09-25,1.473474
2017-09-26,1.46037
2017-09-27,1.570619
2017-09-28,1.556762
2017-09-29,1.54072
2017-09-30,1.598834
2017-10-01,1.611173
2017-10-02,1.604783
2017-10-03,1.571038
2017-10-04,1.535214
2017-10-05,1.564108
2017-10-06,1.575582
2017-10-07,1.59755
2017-10-08,1.648235
2017-10-09,1.69559
2017-10-10,1.67129
2017-10-11,1.690189
2017-10-12,1.872323
2017-10-13,1.919774
2017-10-14,1.963712
2017-10-15,1.920101
2017-10-16,1.926278
2017-10-17,1.858501
2017-10-18,1.846397
2017-10-19,1.871615
2017-10-20,1.952256
2017-10-21,1.950149
2017-10-22,1.920593
2017-10-23,1.851166
2017-10-24,1.726096
2017-10-25,1.78472
2017-10-26,1.825423
2017-10-27,1.778093
2017-10-28,1.770094
2017-10-29,1.884212
2017-10-30,1.85459
2017-10-31,1.932013
2017-11-01,1.996711
2017-11-02,2.055263
2017-11-03,2.074348
2017-11-04,2.120458
2017-11-05,2.087789
2017-11-06,1.967085
2017-11-07,1.987202
2017-11-08,2.060382
2017-11-09,1.949544
2017-11-10,1.803831
2017-11-11,1.722024
2017-11-12,1.567173
2017-11-13,1.730648
2017-11-14,1.739968
2017-11-15,1.888518
2017-11-16,2.002403
2017-11-17,1.94474
2017-11-18,1.945653
2017-11-19,1.982445
2017-11-20,2.019613
2017-11-21,1.951142
2017-11-22,1.973785
2017-11-23,1.917655
2017-11-24,1.932961
2017-11-25,2.026165
2017-11-26,2.121057
2017-11-27,2.172317
2017-11-28,2.165747
2017-11-29,2.096879
2017-11-30,2.111023
2017-12-01,2.244854
2017-12-02,2.239166
2017-12-03,2.273449
2017-12-04,2.306285
2017-12-05,2.304902
2017-12-06,2.652924
2017-12-07,2.966323
2017-12-08,2.731268
2017-12-09,2.491062
2017-12-10,2.518077
2017-12-11,2.671105
2017-12-12,2.659851
2017-12-13,2.469071
2017-12-14,2.44631
2017-12-15,2.558304
2017-12-16,2.777126
2017-12-17,2.667567
2017-12-18,2.590877
2017-12-19,2.38756
2017-12-20,2.19408
2017-12-21,2.074714
2017-12-22,1.89376
2017-12-23,1.963236
2017-12-24,1.84143
2017-12-25,1.844557
2017-12-26,2.038765
2017-12-27,1.971836
2017-12-28,1.826747
2017-12-29,1.853059
2017-12-30,1.641355
2017-12-31,1.759455
2018-01-01,1.701206
2018-01-02,1.848076
2018-01-03,1.870319
2018-01-04,1.86009
2018-01-05,2.061055
2018-01-06,2.05156
2018-01-07,1.929556
2018-01-08,1.777134
2018-01-09,1.707053
2018-01-10,1.734701
2018-01-11,1.558646
2018-01-12,1.625568
2018-01-13,1.672569
2018-01-14,1.606106
2018-01-15,1.594858
2018-01-16,1.34994
2018-01-17,1.321565
2018-01-18,1.334582
2018-01-19,1.358249
2018-01-20,1.511986
2018-01-21,1.356485
2018-01-22,1.278589
2018-01-23,1.295122
2018-01-24,1.339974
2018-01-25,1.329075
2018-01-26,1.315516
2018-01-27,1.348108
2018-01-28,1.377524
2018-01-29,1.321113
2018-01-30,1.189878
2018-01-31,1.202445
2018-02-01,1.087777
2018-02-02,1.066097
2018-02-03,1.109461
2018-02-04,1.006691
2018-02-05,0.84517
2018-02-06,0.958222
2018-02-07,0.948153
2018-02-08,1.024417
2018-02-09,1.079596
2018-02-10,1.063562
2018-02-11,1.010842
2018-02-12,1.110649
2018-02-13,1.064534
2018-02-14,1.179193
2018-02-15,1.253774
2018-02-16,1.261966
2018-02-17,1.36923
2018-02-18,1.289886
2018-02-19,1.369697
2018-02-20,1.378091
2018-02-21,1.281322
2018-02-22,1.198701
2018-02-23,1.230939
2018-02-24,1.174895
2018-02-25,1.164965
2018-02-26,1.24917
2018-02-27,1.288361
2018-02-28,1.245499
2018-03-01,1.31681
2018-03-02,1.325425
2018-03-03,1.373122
2018-03-04,1.374507
2018-03-05,1.3791
2018-03-06,1.277164
2018-03-07,1.186379
2018-03-08,1.119973
2018-03-09,1.120604
2018-03-10,1.063198
2018-03-11,1.149756
2018-03-12,1.106753
2018-03-13,1.109275
2018-03-14,0.998892
2018-03-15,1.005857
2018-03-16,1.020368
2018-03-17,0.961496
2018-03-18,0.999344
2018-03-19,1.041818
2018-03-20,1.085342
2018-03-21,1.083363
2018-03-22,1.063729
2018-03-23,1.071162
2018-03-24,1.05131
2018-03-25,1.031819
2018-03-26,1.001236
2018-03-27,0.961698
2018-03-28,0.974818
2018-03-29,0.877066
2018-03-30,0.845907
2018-03-31,0.857525
2018-04-01,0.844088
2018-04-02,0.873032
2018-04-03,0.921694
2018-04-04,0.84396
2018-04-05,0.847354
2018-04-06,0.825575
2018-04-07,0.860583
2018-04-08,0.876221
2018-04-09,0.843566
2018-04-10,0.854661
2018-04-11,0.871058
2018-04-12,0.990115
2018-04-13,0.991191
2018-04-14,1.001925
2018-04-15,1.043211
2018-04-16,1.006539
2018-04-17,0.987201
2018-04-18,1.021242
2018-04-19,1.033707
2018-04-20,1.10253
2018-04-21,1.104318
2018-04-22,1.095926
2018-04-23,1.11076
2018-04-24,1.196662
2018-04-25,1.098536
2018-04-26,1.146706
2018-04-27,1.112025
2018-04-28,1.155383
2018-04-29,1.16156
2018-04-30,1.139932
2018-05-01,1.120088
2018-05-02,1.134513
2018-05-03,1.199825
2018-05-04,1.191616
2018-05-05,1.202796
2018-05-06,1.177793
2018-05-07,1.146273
2018-05-08,1.130672
2018-05-09,1.139319
2018-05-10,1.108264
2018-05-11,1.034046
2018-05-12,1.042064
2018-05-13,1.067579
2018-05-14,1.060172
2018-05-15,1.03794
2018-05-16,1.019611
2018-05-17,0.984152
2018-05-18,1.007026
2018-05-19,1.006185
2018-05-20,1.040144
2018-05-21,1.025969
2018-05-22,0.979101
2018-05-23,0.92104
2018-05-24,0.927861
2018-05-25,0.910311
2018-05-26,0.89844
2018-05-27,0.900169
2018-05-28,0.873747
2018-05-29,0.916084
2018-05-30,0.906798
2018-05-31,0.919941
2018-06-01,0.925336
2018-06-02,0.939563
2018-06-03,0.947192
2018-06-04,0.921302
2018-06-05,0.937069
2018-06-06,0.94202
2018-06-07,0.943953
2018-06-08,0.939113
2018-06-09,0.931181
2018-06-10,0.833495
2018-06-11,0.847922
2018-06-12,0.809409
2018-06-13,0.785145
2018-06-14,0.825782
2018-06-15,0.798097
2018-06-16,0.810072
2018-06-17,0.804829
2018-06-18,0.836656
2018-06-19,0.840498
2018-06-20,0.843405
2018-06-21,0.839387
2018-06-22,0.758733
2018-06-23,0.77347
2018-06-24,0.770761
2018-06-25,0.78339
2018-06-26,0.765583
2018-06-27,0.778321
2018-06-28,0.744273
2018-06-29,0.790321
2018-06-30,0.809911
2018-07-01,0.810272
2018-07-02,0.841411
2018-07-03,0.827943
2018-07-04,0.838077
2018-07-05,0.832616
2018-07-06,0.841379
2018-07-07,0.858976
2018-07-08,0.855664
2018-07-09,0.850552
2018-07-10,0.806154
2018-07-11,0.815563
2018-07-12,0.788565
2018-07-13,0.795838
2018-07-14,0.801836
2018-07-15,0.813517
2018-07-16,0.859746
2018-07-17,0.936223
2018-07-18,0.942906
2018-07-19,0.95381
2018-07-20,0.935726
2018-07-21,0.945925
2018-07-22,0.944195
2018-07-23,0.983508
2018-07-24,1.067924
2018-07-25,1.042084
2018-07-26,1.005493
2018-07-27,1.037343
2018-07-28,1.038719
2018-07-29,1.042683
2018-07-30,1.034839
2018-07-31,0.97846
2018-08-01,0.96234
2018-08-02,0.95582
2018-08-03,0.939789
2018-08-04,0.888925
2018-08-05,0.892738
2018-08-06,0.88072
2018-08-07,0.855136
2018-08-08,0.798687
2018-08-09,0.836728
2018-08-10,0.783935
2018-08-11,0.807151
2018-08-12,0.807393
2018-08-13,0.801806
2018-08-14,0.792871
2018-08-15,0.80484
2018-08-16,0.807881
2018-08-17,0.842786
2018-08-18,0.821856
2018-08-19,0.833449
2018-08-20,0.806023
2018-08-21,0.831914
2018-08-22,0.818546
2018-08-23,0.838219
2018-08-24,0.861164
2018-08-25,0.867213
2018-08-26,0.859905
2018-08-27,0.87897
2018-08-28,0.910848
2018-08-29,0.902658
2018-08-30,0.894472
2018-08-31,0.901827
2018-09-01,0.922719
2018-09-02,0.934312
2018-09-03,0.930345
2018-09-04,0.94275
2018-09-05,0.871113
2018-09-06,0.833401
2018-09-07,0.823816
2018-09-08,0.795814
2018-09-09,0.804036
2018-09-10,0.810433
2018-09-11,0.809201
2018-09-12,0.816012
2018-09-13,0.838921
2018-09-14,0.839331
2018-09-15,0.84304
2018-09-16,0.839483
2018-09-17,0.809041
2018-09-18,0.819688
2018-09-19,0.825413
2018-09-20,0.84044
2018-09-21,0.873051
2018-09-22,0.868419
2018-09-23,0.867937
2018-09-24,0.851672
2018-09-25,0.832324
2018-09-26,0.838403
2018-09-27,0.865871
2018-09-28,0.858902
2018-09-29,0.854033
2018-09-30,0.856665
2018-10-01,0.851779
2018-10-02,0.845388
2018-10-03,0.84005
2018-10-04,0.850601
2018-10-05,0.855636
2018-10-06,0.851165
2018-10-07,0.852844
2018-10-08,0.85795
2018-10-09,0.85622
2018-10-10,0.84841
2018-10-11,0.80478
2018-10-12,0.809297
2018-10-13,0.810235
2018-10-14,0.80852
2018-10-15,0.842659
2018-10-16,0.845864
2018-10-17,0.843734
2018-10-18,0.838023
2018-10-19,0.836188
2018-10-20,0.844562
2018-10-21,0.845408
2018-10-22,0.844757
2018-10-23,0.843463
2018-10-24,0.845856
2018-10-25,0.844613
2018-10-26,0.845912
2018-10-27,0.84651
2018-10-28,0.846074
2018-10-29,0.827449
2018-10-30,0.828802
2018-10-31,0.833779
2018-11-01,0.839105
2018-11-02,0.839858
2018-11-03,0.837688
2018-11-04,0.849157
2018-11-05,0.846889
2018-11-06,0.851883
2018-11-07,0.859616
2018-11-08,0.847127
2018-11-09,0.837221
2018-11-10,0.840009
2018-11-11,0.837544
2018-11-12,0.835703
2018-11-13,0.829198
2018-11-14,0.739538
2018-11-15,0.741985
2018-11-16,0.737554
2018-11-17,0.738508
2018-11-18,0.745854
2018-11-19,0.646566
2018-11-20,0.588303
2018-11-21,0.620966
2018-11-22,0.58886
2018-11-23,0.588101
2018-11-24,0.523242
2018-11-25,0.544151
2018-11-26,0.512105
2018-11-27,0.524553
2018-11-28,0.585207
2018-11-29,0.589938
2018-11-30,0.556776
2018-12-01,0.582023
2018-12-02,0.57541
2018-12-03,0.541095
2018-12-04,0.553722
2018-12-05,0.536339
2018-12-06,0.512957
2018-12-07,0.494446
2018-12-08,0.499959
2018-12-09,0.519492
2018-12-10,0.501984
2018-12-11,0.495804
2018-12-12,0.506919
2018-12-13,0.483665
2018-12-14,0.475756
2018-12-15,0.474148
2018-12-16,0.476102
2018-12-17,0.521612
2018-12-18,0.547196
2018-12-19,0.553743
2018-12-20,0.608905
2018-12-21,0.575741
2018-12-22,0.594526
2018-12-23,0.59153
2018-12-24,0.606438
2018-12-25,0.565172
2018-12-26,0.572279
2018-12-27,0.539678
2018-12-28,0.585928
2018-12-29,0.577698
2018-12-30,0.578497
2018-12-31,0.558344
2019-01-01,0.576792
2019-01-02,0.59041
2019-01-03,0.573791
2019-01-04,0.580486
2019-01-05,0.576131
2019-01-06,0.613753
2019-01-07,0.607481
2019-01-08,0.606537
2019-01-09,0.608275
2019-01-10,0.557248
2019-01-11,0.558454
2019-01-12,0.557525
2019-01-13,0.541136
2019-01-14,0.56625
2019-01-15,0.555922
2019-01-16,0.560554
2019-01-17,0.56603
2019-01-18,0.561465
2019-01-19,0.573731
2019-01-20,0.550735
2019-01-21,0.550708
2019-01-22,0.558505
2019-01-23,0.55479
2019-01-24,0.557353
2019-01-25,0.556694
2019-01-26,0.55623
2019-01-27,0.553354
2019-01-28,0.538185
2019-01-29,0.532546
2019-01-30,0.540062
2019-01-31,0.536057
2019-02-01,0.541875
2019-02-02,0.544595
2019-02-03,0.536997
2019-02-04,0.537285
2019-02-05,0.539893
2019-02-06,0.531336
2019-02-07,0.53043
2019-02-08,0.570504
2019-02-09,0.571864
2019-02-10,0.575058
2019-02-11,0.567189
2019-02-12,0.56711
2019-02-13,0.566833
2019-02-14,0.564701
2019-02-15,0.565388
2019-02-16,0.568991
2019-02-17,0.57512
2019-02-18,0.613753
2019-02-19,0.618756
2019-02-20,0.624271
2019-02-21,0.618589
2019-02-22,0.62746
2019-02-23,0.653468
2019-02-24,0.597324
2019-02-25,0.608583
2019-02-26,0.604603
2019-02-27,0.605227
2019-02-28,0.605697
2019-03-01,0.60861
2019-03-02,0.608745
2019-03-03,0.604331
2019-03-04,0.591599
2019-03-05,0.614211
2019-03-06,0.616148
2019-03-07,0.616789
2019-03-08,0.614413
2019-03-09,0.625664
2019-03-10,0.62475
2019-03-11,0.616645
2019-03-12,0.618193
2019-03-13,0.617134
2019-03-14,0.617586
2019-03-15,0.625382
2019-03-16,0.639885
2019-03-17,0.636137
2019-03-18,0.636638
2019-03-19,0.640832
2019-03-20,0.646343
2019-03-21,0.637991
2019-03-22,0.639311
2019-03-23,0.638946
2019-03-24,0.637128
2019-03-25,0.627377
2019-03-26,0.629233
2019-03-27,0.646594
2019-03-28,0.643946
2019-03-29,0.656384
2019-03-30,0.656625
2019-03-31,0.657674
2019-04-01,0.664618
2019-04-02,0.784276
2019-04-03,0.792422
2019-04-04,0.783844
2019-04-05,0.80329
2019-04-06,0.804692
2019-04-07,0.82729
2019-04-08,0.841527
2019-04-09,0.826922
2019-04-10,0.844616
2019-04-11,0.803278
2019-04-12,0.807978
2019-04-13,0.806413
2019-04-14,0.820743
2019-04-15,0.802747
2019-04-16,0.82805
2019-04-17,0.830766
2019-04-18,0.838658
2019-04-19,0.838221
2019-04-20,0.841716
2019-04-21,0.838779
2019-04-22,0.852453
2019-04-23,0.876787
2019-04-24,0.860592
2019-04-25,0.812988
2019-04-26,0.817838
2019-04-27,0.822903
2019-04-28,0.817482
2019-04-29,0.818077
2019-04-30,0.836111
2019-05-01,0.847456
2019-05-02,0.85971
2019-05-03,0.900885
2019-05-04,0.918634
2019-05-05,0.91048
2019-05-06,0.903261
2019-05-07,0.923639
2019-05-08,0.939157
2019-05-09,0.972568
2019-05-10,1.004388
2019-05-11,1.149268
2019-05-12,1.087574
2019-05-13,1.213321
2019-05-14,1.230428
2019-05-15,1.261243
2019-05-16,1.198781
2019-05-17,1.117463
2019-05-18,1.109559
2019-05-19,1.249632
2019-05-20,1.21174
2019-05-21,1.210158
2019-05-22,1.162291
2019-05-23,1.194813
2019-05-24,1.205811
2019-05-25,1.215404
2019-05-26,1.312614
2019-05-27,1.321411
2019-05-28,1.303016
2019-05-29,1.273874
2019-05-30,1.216422
2019-05-31,1.255442
2019-06-01,1.253577
2019-06-02,1.279546
2019-06-03,1.19465
2019-06-04,1.127187
2019-06-05,1.148878
2019-06-06,1.145631
2019-06-07,1.180393
2019-06-08,1.167484
2019-06-09,1.122344
2019-06-10,1.172656
2019-06-11,1.161488
2019-06-12,1.192466
2019-06-13,1.20357
2019-06-14,1.268169
2019-06-15,1.288464
2019-06-16,1.308919
2019-06-17,1.351664
2019-06-18,1.307481
2019-06-19,1.338028
2019-06-20,1.37172
2019-06-21,1.442861
2019-06-22,1.520125
2019-06-23,1.531441
2019-06-24,1.553956
2019-06-25,1.645109
2019-06-26,1.775609
2019-06-27,1.529953
2019-06-28,1.68575
2019-06-29,1.62443
2019-06-30,1.471519
2019-07-01,1.433761
2019-07-02,1.457471
2019-07-03,1.609881
2019-07-04,1.501541
2019-07-05,1.477081
2019-07-06,1.503574
2019-07-07,1.534642
2019-07-08,1.64195
2019-07-09,1.669021
2019-07-10,1.595118
2019-07-11,1.487743
2019-07-12,1.550381
2019-07-13,1.488404
2019-07-14,1.350618
2019-07-15,1.432851
2019-07-16,1.244585
2019-07-17,1.269577
2019-07-18,1.395316
2019-07-19,1.37412
2019-07-20,1.415578
2019-07-21,1.378264
2019-07-22,1.342986
2019-07-23,1.285128
2019-07-24,1.272506
2019-07-25,1.285803
2019-07-26,1.277228
2019-07-27,1.22684
2019-07-28,1.237336
2019-07-29,1.220688
2019-07-30,1.230808
2019-07-31,1.289779
2019-08-01,1.331628
2019-08-02,1.346333
2019-08-03,1.38054
2019-08-04,1.401572
2019-08-05,1.49597
2019-08-06,1.44434
2019-08-07,1.507714
2019-08-08,1.498862
2019-08-09,1.486512
2019-08-10,1.416571
2019-08-11,1.443159
2019-08-12,1.423322
2019-08-13,1.357216
2019-08-14,1.251613
2019-08-15,1.286826
2019-08-16,1.293988
2019-08-17,1.273141
2019-08-18,1.287958
2019-08-19,1.355625
2019-08-20,1.339538
2019-08-21,1.256132
2019-08-22,1.25899
2019-08-23,1.289964
2019-08-24,1.256609
2019-08-25,1.250432
2019-08-26,1.281626
2019-08-27,1.256907
2019-08-28,1.2025
2019-08-29,1.173443
2019-08-30,1.185176
2019-08-31,1.18851
2019-09-01,1.207235
2019-09-02,1.281226
2019-09-03,1.308906
2019-09-04,1.302636
2019-09-05,1.301741
2019-09-06,1.263637
2019-09-07,1.282566
2019-09-08,1.271156
2019-09-09,1.261762
2019-09-10,1.231702
2019-09-11,1.23499
2019-09-12,1.265777
2019-09-13,1.257833
2019-09-14,1.259414
2019-09-15,1.252012
2019-09-16,1.245875
2019-09-17,1.237854
2019-09-18,1.232468
2019-09-19,1.244894
2019-09-20,1.232652
2019-09-21,1.21032
2019-09-22,1.217322
2019-09-23,1.174921
2019-09-24,1.048156
2019-09-25,1.027866
2019-09-26,0.991542
2019-09-27,1.003232
2019-09-28,1.005772
2019-09-29,0.989182
2019-09-30,1.016178
2019-10-01,1.021031
2019-10-02,1.027015
2019-10-03,1.014173
2019-10-04,1.003606
2019-10-05,1.000567
2019-10-06,0.96565
2019-10-07,1.011307
2019-10-08,1.007068
2019-10-09,1.056745
2019-10-10,1.0542
2019-10-11,1.019309
2019-10-12,1.023199
2019-10-13,1.019172
2019-10-14,1.023255
2019-10-15,1.001864
2019-10-16,0.983245
2019-10-17,0.992086
2019-10-18,0.978756
2019-10-19,0.977278
2019-10-20,1.009559
2019-10-21,1.010824
2019-10-22,0.988756
2019-10-23,0.920558
2019-10-24,0.922269
2019-10-25,1.068754
2019-10-26,1.138284
2019-10-27,1.174716
2019-10-28,1.143544
2019-10-29,1.155504
2019-10-30,1.124766
2019-10-31,1.121261
2019-11-01,1.132202
2019-11-02,1.137641
2019-11-03,1.126494
2019-11-04,1.151121
2019-11-05,1.145092
2019-11-06,1.14839
2019-11-07,1.130485
2019-11-08,1.080042
2019-11-09,1.082445
2019-11-10,1.110413
2019-11-11,1.069958
2019-11-12,1.078726
2019-11-13,1.074895
2019-11-14,1.060052
2019-11-15,1.038257
2019-11-16,1.039463
2019-11-17,1.042478
2019-11-18,1.004027
2019-11-19,0.996206
2019-11-20,0.991822
2019-11-21,0.936592
2019-11-22,0.898704
2019-11-23,0.906082
2019-11-24,0.859679
2019-11-25,0.885136
2019-11-26,0.889687
2019-11-27,0.935181
2019-11-28,0.924149
2019-11-29,0.962724
2019-11-30,0.939661
2019-12-01,0.922614
2019-12-02,0.911067
2019-12-03,0.910477
2019-12-04,0.90005
2019-12-05,0.92395
2019-12-06,0.940591
2019-12-07,0.93772
2019-12-08,0.939697
2019-12-09,0.916544
2019-12-10,0.903505
2019-12-11,0.900131
2019-12-12,0.899612
2019-12-13,0.906192
2019-12-14,0.884671
2019-12-15,0.889612
2019-12-16,0.861738
2019-12-17,0.828811
2019-12-18,0.914628
2019-12-19,0.89739
2019-12-20,0.902611
2019-12-21,0.897077
2019-12-22,0.939345
2019-12-23,0.919693
2019-12-24,0.908819
2019-12-25,0.90524
2019-12-26,0.906222
2019-12-27,0.911811
2019-12-28,0.920475
2019-12-29,0.932294
2019-12-30,0.91196
2019-12-31,0.904432
2020-01-01,0.904728
2020-01-02,0.876735
2020-01-03,0.922795
2020-01-04,0.926446
2020-01-05,0.926606
2020-01-06,0.978754
2020-01-07,1.024496
2020-01-08,1.014305
2020-01-09,0.983316
2020-01-10,1.021781
2020-01-11,1.009232
2020-01-12,1.025411
2020-01-13,1.019625
2020-01-14,1.105185
2020-01-15,1.100998
2020-01-16,1.08851
2020-01-17,1.111333
2020-01-18,1.112649
2020-01-19,1.082676
2020-01-20,1.076285
2020-01-21,1.0876
2020-01-22,1.077097
2020-01-23,1.042302
2020-01-24,1.049153
2020-01-25,1.039118
2020-01-26,1.067135
2020-01-27,1.106882
2020-01-28,1.154241
2020-01-29,1.154042
2020-01-30,1.175948
2020-01-31,1.15506
2020-02-01,1.157453
2020-02-02,1.152457
2020-02-03,1.146402
2020-02-04,1.13146
2020-02-05,1.187588
2020-02-06,1.198189
2020-02-07,1.202352
2020-02-08,1.214142
2020-02-09,1.241961
2020-02-10,1.205187
2020-02-11,1.251151
2020-02-12,1.259945
2020-02-13,1.243392
2020-02-14,1.257092
2020-02-15,1.202595
2020-02-16,1.206746
2020-02-17,1.174165
2020-02-18,1.232468
2020-02-19,1.165089
2020-02-20,1.162974
2020-02-21,1.173109
2020-02-22,1.169419
2020-02-23,1.204369
2020-02-24,1.164781
2020-02-25,1.127303
2020-02-26,1.062704
2020-02-27,1.061008
2020-02-28,1.057849
2020-02-29,1.037805
2020-03-01,1.033265
2020-03-02,1.076982
2020-03-03,1.060532
2020-03-04,1.062153
2020-03-05,1.099052
2020-03-06,1.108738
2020-03-07,1.078581
2020-03-08,0.983765
2020-03-09,0.960237
2020-03-10,0.963168
2020-03-11,0.970675
2020-03-12,0.622374
2020-03-13,0.712409
2020-03-14,0.654048
2020-03-15,0.682044
2020-03-16,0.641391
2020-03-17,0.694585
2020-03-18,0.691965
2020-03-19,0.795266
2020-03-20,0.793086
2020-03-21,0.793272
2020-03-22,0.749038
2020-03-23,0.832978
2020-03-24,0.868205
2020-03-25,0.857694
2020-03-26,0.865753
2020-03-27,0.832629
2020-03-28,0.799827
2020-03-29,0.758697
2020-03-30,0.827252
2020-03-31,0.827071
2020-04-01,0.857092
2020-04-02,0.876299
2020-04-03,0.871019
2020-04-04,0.884761
2020-04-05,0.875669
2020-04-06,0.939231
2020-04-07,0.925526
2020-04-08,0.94854
2020-04-09,0.939018
2020-04-10,0.886811
2020-04-11,0.889778
2020-04-12,0.901908
2020-04-13,0.887232
2020-04-14,0.888779
2020-04-15,0.856923
2020-04-16,0.921576
2020-04-17,0.915491
2020-04-18,0.938498
2020-04-19,0.923941
2020-04-20,0.886238
2020-04-21,0.888634
2020-04-22,0.921037
2020-04-23,0.9672
2020-04-24,0.968732
2020-04-25,0.972394
2020-04-26,0.990827
2020-04-27,1.000504
2020-04-28,0.999131
2020-04-29,1.11696
2020-04-30,1.100001
2020-05-01,1.123521
2020-05-02,1.137651
2020-05-03,1.126571
2020-05-04,1.12351
2020-05-05,1.135516
2020-05-06,1.168112
2020-05-07,1.250152
2020-05-08,1.23068
2020-05-09,1.195494
2020-05-10,1.088638
2020-05-11,1.07482
2020-05-12,1.102853
2020-05-13,1.163548
2020-05-14,1.220683
2020-05-15,1.161167
2020-05-16,1.169138
2020-05-17,1.203708
2020-05-18,1.20641
2020-05-19,1.207571
2020-05-20,1.177622
2020-05-21,1.123023
2020-05-22,1.134343
2020-05-23,1.136458
2020-05-24,1.08986
2020-05-25,1.103194
2020-05-26,1.094025
2020-05-27,1.134304
2020-05-28,1.182656
2020-05-29,1.165164
2020-05-30,1.196306
2020-05-31,1.164396
2020-06-01,1.254321
2020-06-02,1.170345
2020-06-03,1.185231
2020-06-04,1.204697
2020-06-05,1.183324
2020-06-06,1.186052
2020-06-07,1.195148
2020-06-08,1.195623
2020-06-09,1.195855
2020-06-10,1.208188
2020-06-11,1.13426
2020-06-12,1.155505
2020-06-13,1.155683
2020-06-14,1.140896
2020-06-15,1.152285
2020-06-16,1.161061
2020-06-17,1.152019
2020-06-18,1.141675
2020-06-19,1.129009
2020-06-20,1.13719
2020-06-21,1.127948
2020-06-22,1.175178
2020-06-23,1.165674
2020-06-24,1.128044
2020-06-25,1.12256
2020-06-26,1.108789
2020-06-27,1.089744
2020-06-28,1.102446
2020-06-29,1.11123
2020-06-30,1.105901
2020-07-01,1.117231
2020-07-02,1.099408
2020-07-03,1.095841
2020-07-04,1.102641
2020-07-05,1.096727
2020-07-06,1.127251
2020-07-07,1.11656
2020-07-08,1.136859
2020-07-09,1.112006
2020-07-10,1.118115
2020-07-11,1.111996
2020-07-12,1.117855
2020-07-13,1.111366
2020-07-14,1.113721
2020-07-15,1.105819
2020-07-16,1.097881
2020-07-17,1.100599
2020-07-18,1.102607
2020-07-19,1.107234
2020-07-20,1.100791
2020-07-21,1.126737
2020-07-22,1.142869
2020-07-23,1.15119
2020-07-24,1.143234
2020-07-25,1.160809
2020-07-26,1.187347
2020-07-27,1.31359
2020-07-28,1.297576
2020-07-29,1.314978
2020-07-30,1.314631
2020-07-31,1.335791
2020-08-01,1.387141
2020-08-02,1.303561
2020-08-03,1.315631
2020-08-04,1.310304
2020-08-05,1.366421
2020-08-06,1.365951
2020-08-07,1.341832
2020-08-08,1.355101
2020-08-09,1.345894
2020-08-10,1.365389
2020-08-11,1.308652
2020-08-12,1.328092
2020-08-13,1.348219
2020-08-14,1.346097
2020-08-15,1.35512
2020-08-16,1.357451
2020-08-17,1.399403
2020-08-18,1.361245
2020-08-19,1.331331
2020-08-20,1.34444
2020-08-21,1.304796
2020-08-22,1.32171
2020-08-23,1.319108
2020-08-24,1.329274
2020-08-25,1.282177
2020-08-26,1.294122
2020-08-27,1.275748
2020-08-28,1.298204
2020-08-29,1.293698
2020-08-30,1.315658
2020-08-31,1.311503
2020-09-01,1.341327
2020-09-02,1.278716
2020-09-03,1.151976
2020-09-04,1.175543
2020-09-05,1.137753
2020-09-06,1.151696
2020-09-07,1.164662
2020-09-08,1.135959
2020-09-09,1.148968
2020-09-10,1.161319
2020-09-11,1.167262
2020-09-12,1.172823
2020-09-13,1.159753
2020-09-14,1.197207
2020-09-15,1.209177
2020-09-16,1.22878
2020-09-17,1.224353
2020-09-18,1.221541
2020-09-19,1.2375
2020-09-20,1.21998
2020-09-21,1.168637
2020-09-22,1.174621
2020-09-23,1.143257
2020-09-24,1.199034
2020-09-25,1.192154
2020-09-26,1.198045
2020-09-27,1.199553
2020-09-28,1.195574
2020-09-29,1.206231
2020-09-30,1.198382
2020-10-01,1.179908
2020-10-02,1.175674
2020-10-03,1.173769
2020-10-04,1.185475
2020-10-05,1.19652
2020-10-06,1.176751
2020-10-07,1.183946
2020-10-08,1.208849
2020-10-09,1.226357
2020-10-10,1.250548
2020-10-11,1.25774
2020-10-12,1.275126
2020-10-13,1.261351
2020-10-14,1.258048
2020-10-15,1.266025
2020-10-16,1.247465
2020-10-17,1.249441
2020-10-18,1.262555
2020-10-19,1.287129
2020-10-20,1.304343
2020-10-21,1.398252
2020-10-22,1.40206
2020-10-23,1.395587
2020-10-24,1.409605
2020-10-25,1.400011
2020-10-26,1.402312
2020-10-27,1.460039
2020-10-28,1.41596
2020-10-29,1.431608
2020-10-30,1.442722
2020-10-31,1.461157
2020-11-01,1.450933
2020-11-02,1.43195
2020-11-03,1.456011
2020-11-04,1.464708
2020-11-05,1.601786
2020-11-06,1.595451
2020-11-07,1.517769
2020-11-08,1.574317
2020-11-09,1.551655
2020-11-10,1.547579
2020-11-11,1.584159
2020-11-12,1.632653
2020-11-13,1.630978
2020-11-14,1.605314
2020-11-15,1.591842
2020-11-16,1.661128
2020-11-17,1.741371
2020-11-18,1.734883
2020-11-19,1.730412
2020-11-20,1.792193
2020-11-21,1.78738
2020-11-22,1.762044
2020-11-23,1.743144
2020-11-24,1.804453
2020-11-25,1.761157
2020-11-26,1.604805
2020-11-27,1.599962
2020-11-28,1.657162
2020-11-29,1.694953
2020-11-30,1.816955
2020-12-01,1.731083
2020-12-02,1.757185
2020-12-03,1.772616
2020-12-04,1.70192
2020-12-05,1.733747
2020-12-06,1.752749
2020-12-07,1.73206
2020-12-08,1.653657
2020-12-09,1.665828
2020-12-10,1.63844
2020-12-11,1.615763
2020-12-12,1.677794
2020-12-13,1.695089
2020-12-14,1.701726
2020-12-15,1.708023
2020-12-16,1.857471
2020-12-17,1.94702
2020-12-18,1.932288
2020-12-19,1.989439
2020-12-20,1.950609
2020-12-21,1.892585
2020-12-22,1.935745
2020-12-23,1.880112
2020-12-24,1.892907
2020-12-25,1.963296
2020-12-26,2.091422
2020-12-27,2.067209
2020-12-28,2.064096
2020-12-29,2.043012
2020-12-30,2.136672
2020-12-31,2.130173
2021-01-01,2.131822
2021-01-02,2.276124
2021-01-03,2.322037
2021-01-04,2.190664
2021-01-05,2.301279
2021-01-06,2.42776
2021-01-07,2.517112
2021-01-08,2.543084
2021-01-09,2.472959
2021-01-10,2.330098
2021-01-11,2.129492
2021-01-12,2.026899
2021-01-13,2.222895
2021-01-14,2.302031
2021-01-15,2.15263
2021-01-16,2.114152
2021-01-17,2.101754
2021-01-18,2.118138
2021-01-19,2.091129
2021-01-20,2.043094
2021-01-21,1.786463
2021-01-22,1.895818
2021-01-23,1.838822
2021-01-24,1.847238
2021-01-25,1.856131
2021-01-26,1.86554
2021-01-27,1.727772
2021-01-28,1.894953
2021-01-29,1.918323
2021-01-30,1.922568
2021-01-31,1.850541
2021-02-01,1.869067
2021-02-02,1.971049
2021-02-03,2.069878
2021-02-04,2.032325
2021-02-05,2.063503
2021-02-06,2.122812
2021-02-07,2.09439
2021-02-08,2.435855
2021-02-09,2.406886
2021-02-10,2.304405
2021-02-11,2.421628
2021-02-12,2.376087
2021-02-13,2.354523
2021-02-14,2.425027
2021-02-15,2.361405
2021-02-16,2.394404
2021-02-17,2.513045
2021-02-18,2.455612
2021-02-19,2.583848
2021-02-20,2.562073
2021-02-21,2.613857
2021-02-22,2.433964
2021-02-23,2.171651
2021-02-24,2.198701
2021-02-25,2.097386
2021-02-26,2.023683
2021-02-27,2.010446
2021-02-28,1.986719
2021-03-01,2.15796
2021-03-02,2.092548
2021-03-03,2.186265
2021-03-04,2.0861
2021-03-05,2.092159
2021-03-06,2.095093
2021-03-07,2.180077
2021-03-08,2.209484
2021-03-09,2.306521
2021-03-10,2.348023
2021-03-11,2.393547
2021-03-12,2.352579
2021-03-13,2.495814
2021-03-14,2.426893
2021-03-15,2.263518
2021-03-16,2.266602
2021-03-17,2.339484
2021-03-18,2.294792
2021-03-19,2.305507
2021-03-20,2.3015
2021-03-21,2.263552
2021-03-22,2.139076
2021-03-23,2.129297
2021-03-24,2.046428
2021-03-25,1.998026
2021-03-26,2.110965
2021-03-27,2.150471
2021-03-28,2.134363
2021-03-29,2.195017
2021-03-30,2.224233
2021-03-31,2.219065
2021-04-01,2.206616
2021-04-02,2.205724
2021-04-03,2.138228
2021-04-04,2.168453
2021-04-05,2.182554
2021-04-06,2.122108
2021-04-07,2.051691
2021-04-08,2.106328
2021-04-09,2.104841
2021-04-10,2.151732
2021-04-11,2.157166
2021-04-12,2.146809
2021-04-13,2.255819
2021-04-14,2.218071
2021-04-15,2.217065
2021-04-16,2.152522
2021-04-17,2.101618
2021-04-18,1.944024
2021-04-19,1.92132
2021-04-20,1.940881
2021-04-21,1.856261
2021-04-22,1.779574
2021-04-23,1.746872
2021-04-24,1.721106
2021-04-25,1.675956
2021-04-26,1.839773
2021-04-27,1.868471
2021-04-28,1.857057
2021-04-29,1.809527
2021-04-30,1.939693
2021-05-01,1.940351
2021-05-02,1.894363
2021-05-03,1.911948
2021-05-04,1.792245
2021-05-05,1.906302
2021-05-06,1.86974
2021-05-07,1.885412
2021-05-08,1.927822
2021-05-09,1.908634
2021-05-10,1.828173
2021-05-11,1.848361
2021-05-12,1.662186
2021-05-13,1.610409
2021-05-14,1.630504
2021-05-15,1.534833
2021-05-16,1.502102
2021-05-17,1.423807
2021-05-18,1.402733
2021-05-19,1.244379
2021-05-20,1.352475
2021-05-21,1.235862
2021-05-22,1.253819
2021-05-23,1.15999
2021-05-24,1.285607
2021-05-25,1.275648
2021-05-26,1.305721
2021-05-27,1.284218
2021-05-28,1.189545
2021-05-29,1.159999
2021-05-30,1.191756
2021-05-31,1.246762
2021-06-01,1.224536
2021-06-02,1.257722
2021-06-03,1.306804
2021-06-04,1.232664
2021-06-05,1.184308
2021-06-06,1.195192
2021-06-07,1.130759
2021-06-08,1.125573
2021-06-09,1.253044
2021-06-10,1.235695
2021-06-11,1.247273
2021-06-12,1.196864
2021-06-13,1.304695
2021-06-14,1.353023
2021-06-15,1.345072
2021-06-16,1.278904
2021-06-17,1.272012
2021-06-18,1.196053
2021-06-19,1.190945
2021-06-20,1.192344
2021-06-21,1.065925
2021-06-22,1.089683
2021-06-23,1.130857
2021-06-24,1.165793
2021-06-25,1.077395
2021-06-26,1.085251
2021-06-27,1.172952
2021-06-28,1.168527
2021-06-29,1.22106
2021-06-30,1.191802
2021-07-01,1.140172
2021-07-02,1.152816
2021-07-03,1.179853
2021-07-04,1.205445
2021-07-05,1.156477
2021-07-06,1.163799
2021-07-07,1.157128
2021-07-08,1.120268
2021-07-09,1.157136
2021-07-10,1.146703
2021-07-11,1.168412
2021-07-12,1.12986
2021-07-13,1.113741
2021-07-14,1.11972
2021-07-15,1.08397
2021-07-16,1.076429
2021-07-17,1.077089
2021-07-18,1.082802
2021-07-19,1.055355
2021-07-20,1.017693
2021-07-21,1.097538
2021-07-22,1.103202
2021-07-23,1.144183
2021-07-24,1.168516
2021-07-25,1.20058
2021-07-26,1.274355
2021-07-27,1.321458
2021-07-28,1.343148
2021-07-29,1.336448
2021-07-30,1.390308
2021-07-31,1.389424
2021-08-01,1.328775
2021-08-02,1.30616
2021-08-03,1.272923
2021-08-04,1.320856
2021-08-05,1.358034
2021-08-06,1.416426
2021-08-07,1.470439
2021-08-08,1.452405
2021-08-09,1.523322
2021-08-10,1.495105
2021-08-11,1.499326
2021-08-12,1.456322
2021-08-13,1.561112
2021-08-14,1.538173
2021-08-15,1.535399
2021-08-16,1.498335
2021-08-17,1.4563
2021-08-18,1.462114
2021-08-19,1.514292
2021-08-20,1.594011
2021-08-21,1.586433
2021-08-22,1.593938
2021-08-23,1.597183
2021-08-24,1.542828
2021-08-25,1.570388
2021-08-26,1.510215
2021-08-27,1.567586
2021-08-28,1.559951
2021-08-29,1.561894
2021-08-30,1.502877
2021-08-31,1.504192
2021-09-01,1.547619
2021-09-02,1.566229
2021-09-03,1.579425
2021-09-04,1.579408
2021-09-05,1.635257
2021-09-06,1.660267
2021-09-07,1.480136
2021-09-08,1.458828
2021-09-09,1.464476
2021-09-10,1.412176
2021-09-11,1.422107
2021-09-12,1.455083
2021-09-13,1.417855
2021-09-14,1.479358
2021-09-15,1.51118
2021-09-16,1.498217
2021-09-17,1.478917
2021-09-18,1.50864
2021-09-19,1.477204
2021-09-20,1.34416
2021-09-21,1.273461
2021-09-22,1.367269
2021-09-23,1.40617
2021-09-24,1.34268
2021-09-25,1.340285
2021-09-26,1.345094
2021-09-27,1.325296
2021-09-28,1.286589
2021-09-29,1.29375
2021-09-30,1.364362
2021-10-01,1.492968
2021-10-02,1.481532
2021-10-03,1.492943
2021-10-04,1.523279
2021-10-05,1.588155
2021-10-06,1.693335
2021-10-07,1.638462
2021-10-08,1.639486
2021-10-09,1.66962
2021-10-10,1.657733
2021-10-11,1.730654
2021-10-12,1.693258
2021-10-13,1.722944
2021-10-14,1.718499
2021-10-15,1.829496
2021-10-16,1.810513
2021-10-17,1.823323
2021-10-18,1.824739
2021-10-19,1.884442
2021-10-20,1.923289
2021-10-21,1.810393
2021-10-22,1.762379
2021-10-23,1.774962
2021-10-24,1.75976
2021-10-25,1.81398
2021-10-26,1.736117
2021-10-27,1.683781
2021-10-28,1.736485
2021-10-29,1.778706
2021-10-30,1.762868
2021-10-31,1.746151
2021-11-01,1.733499
2021-11-02,1.776821
2021-11-03,1.76832
2021-11-04,1.723394
2021-11-05,1.708685
2021-11-06,1.718797
2021-11-07,1.761035
2021-11-08,1.873726
2021-11-09,1.854273
2021-11-10,1.78636
2021-11-11,1.787687
2021-11-12,1.739409
2021-11-13,1.74643
2021-11-14,1.761861
2021-11-15,1.723149
2021-11-16,1.628601
2021-11-17,1.621971
2021-11-18,1.534888
2021-11-19,1.566697
2021-11-20,1.611705
2021-11-21,1.591762
2021-11-22,1.522551
2021-11-23,1.555215
2021-11-24,1.540776
2021-11-25,1.579419
2021-11-26,1.444261
2021-11-27,1.466606
2021-11-28,1.534698
2021-11-29,1.549468
2021-11-30,1.526583
2021-12-01,1.526433
2021-12-02,1.51063
2021-12-03,1.435189
2021-12-04,1.320137
2021-12-05,1.325165
2021-12-06,1.358681
2021-12-07,1.356854
2021-12-08,1.355127
2021-12-09,1.289054
2021-12-10,1.276516
2021-12-11,1.326066
2021-12-12,1.34743
2021-12-13,1.259237
2021-12-14,1.298734
2021-12-15,1.312528
2021-12-16,1.281588
2021-12-17,1.247318
2021-12-18,1.262317
2021-12-19,1.261306
2021-12-20,1.263901
2021-12-21,1.319652
2021-12-22,1.308947
2021-12-23,1.361004
2021-12-24,1.361757
2021-12-25,1.356718
2021-12-26,1.361528
2021-12-27,1.360873
2021-12-28,1.278848
2021-12-29,1.247849
2021-12-30,1.264601
2021-12-31,1.245134
2022-01-01,1.276993
2022-01-02,1.271223
2022-01-03,1.24757
2022-01-04,1.234088
2022-01-05,1.172044
2022-01-06,1.162923
2022-01-07,1.121322
2022-01-08,1.129367
2022-01-09,1.131747
2022-01-10,1.130317
2022-01-11,1.156163
2022-01-12,1.187375
2022-01-13,1.152117
2022-01-14,1.164919
2022-01-15,1.167414
2022-01-16,1.166114
2022-01-17,1.141374
2022-01-18,1.147634
2022-01-19,1.132114
2022-01-20,1.105716
2022-01-21,0.996604
2022-01-22,0.957518
2022-01-23,0.992557
2022-01-24,1.004523
2022-01-25,1.012901
2022-01-26,1.01007
2022-01-27,1.01615
2022-01-28,1.037758
2022-01-29,1.048348
2022-01-30,1.046351
2022-01-31,1.059547
2022-02-01,1.067784
2022-02-02,1.017908
2022-02-03,1.02158
2022-02-04,1.129873
2022-02-05,1.140978
2022-02-06,1.163783
2022-02-07,1.20375
2022-02-08,1.210175
2022-02-09,1.215688
2022-02-10,1.193692
2022-02-11,1.159038
2022-02-12,1.153391
2022-02-13,1.153736
2022-02-14,1.165775
2022-02-15,1.214866
2022-02-16,1.202179
2022-02-17,1.109927
2022-02-18,1.095114
2022-02-19,1.096427
2022-02-20,1.054854
2022-02-21,1.016634
2022-02-22,1.046846
2022-02-23,1.022763
2022-02-24,1.049371
2022-02-25,1.077842
2022-02-26,1.070778
2022-02-27,1.033247
2022-02-28,1.180255
2022-03-01,1.210017
2022-03-02,1.199994
2022-03-03,1.15884
2022-03-04,1.068927
2022-03-05,1.076328
2022-03-06,1.049542
2022-03-07,1.043455
2022-03-08,1.060144
2022-03-09,1.147197
2022-03-10,1.077684
2022-03-11,1.061947
2022-03-12,1.06529
2022-03-13,1.034154
2022-03-14,1.083871
2022-03-15,1.076203
2022-03-16,1.122527
2022-03-17,1.120199
2022-03-18,1.142745
2022-03-19,1.152231
2022-03-20,1.12763
2022-03-21,1.121126
2022-03-22,1.155814
2022-03-23,1.164468
2022-03-24,1.196802
2022-03-25,1.201987
2022-03-26,1.206243
2022-03-27,1.265077
2022-03-28,1.273539
2022-03-29,1.278135
2022-03-30,1.267746
2022-03-31,1.226647
2022-04-01,1.243682
2022-04-02,1.235249
2022-04-03,1.247852
2022-04-04,1.25294
2022-04-05,1.226906
2022-04-06,1.16465
2022-04-07,1.171767
2022-04-08,1.136647
2022-04-09,1.148638
2022-04-10,1.1375
2022-04-11,1.06622
2022-04-12,1.080026
2022-04-13,1.108
2022-04-14,1.074806
2022-04-15,1.090857
2022-04-16,1.088404
2022-04-17,1.068634
2022-04-18,1.098239
2022-04-19,1.115713
2022-04-20,1.112927
2022-04-21,1.086648
2022-04-22,1.06839
2022-04-23,1.06415
2022-04-24,1.062175
2022-04-25,1.087951
2022-04-26,1.025238
2022-04-27,1.05586
2022-04-28,1.069973
2022-04-29,1.04038
2022-04-30,1.016956
2022-05-01,1.036749
2022-05-02,1.041441
2022-05-03,1.019862
2022-05-04,1.071311
2022-05-05,0.988489
2022-05-06,0.977176
2022-05-07,0.963014
2022-05-08,0.924794
2022-05-09,0.833134
2022-05-10,0.849763
2022-05-11,0.795401
2022-05-12,0.804219
2022-05-13,0.813456
2022-05-14,0.834079
2022-05-15,0.865051
2022-05-16,0.83019
2022-05-17,0.846122
2022-05-18,0.801132
2022-05-19,0.84346
2022-05-20,0.815977
2022-05-21,0.821514
2022-05-22,0.846625
2022-05-23,0.813178
2022-05-24,0.828749
2022-05-25,0.827273
2022-05-26,0.821197
2022-05-27,0.802621
2022-05-28,0.814621
2022-05-29,0.825188
2022-05-30,0.889093
2022-05-31,0.89095
2022-06-01,0.836607
2022-06-02,0.85785
2022-06-03,0.835208
2022-06-04,0.839706
2022-06-05,0.84324
2022-06-06,0.883428
2022-06-07,0.880173
2022-06-08,0.854051
2022-06-09,0.850659
2022-06-10,0.823448
2022-06-11,0.804296
2022-06-12,0.762002
2022-06-13,0.641739
2022-06-14,0.640018
2022-06-15,0.656475
2022-06-16,0.59498
2022-06-17,0.603164
2022-06-18,0.562849
2022-06-19,0.606595
2022-06-20,0.609469
2022-06-21,0.614146
2022-06-22,0.595109
2022-06-23,0.627733
2022-06-24,0.634409
2022-06-25,0.639389
2022-06-26,0.627478
2022-06-27,0.618953
2022-06-28,0.605099
2022-06-29,0.600435
2022-06-30,0.580452
2022-07-01,0.581724
2022-07-02,0.578651
2022-07-03,0.580395
2022-07-04,0.608822
2022-07-05,0.608048
2022-07-06,0.620376
2022-07-07,0.653198
2022-07-08,0.658362
2022-07-09,0.652467
2022-07-10,0.629807
2022-07-11,0.606245
2022-07-12,0.587588
2022-07-13,0.612317
2022-07-14,0.624948
2022-07-15,0.636102
2022-07-16,0.647078
2022-07-17,0.635841
2022-07-18,0.680729
2022-07-19,0.714711
2022-07-20,0.711677
2022-07-21,0.709625
2022-07-22,0.697419
2022-07-23,0.691047
2022-07-24,0.696272
2022-07-25,0.66207
2022-07-26,0.652488
2022-07-27,0.704812
2022-07-28,0.733185
2022-07-29,0.736552
2022-07-30,0.726388
2022-07-31,0.718338
2022-08-01,0.717391
2022-08-02,0.708459
2022-08-03,0.701771
2022-08-04,0.696849
2022-08-05,0.715773
2022-08-06,0.707925
2022-08-07,0.712673
2022-08-08,0.732449
2022-08-09,0.714519
2022-08-10,0.736756
2022-08-11,0.737182
2022-08-12,0.751042
2022-08-13,0.751836
2022-08-14,0.748329
2022-08-15,0.74143
2022-08-16,0.734754
2022-08-17,0.718786
2022-08-18,0.715321
2022-08-19,0.64553
2022-08-20,0.652987
2022-08-21,0.665445
2022-08-22,0.658015
2022-08-23,0.66539
2022-08-24,0.662199
2022-08-25,0.667429
2022-08-26,0.626531
2022-08-27,0.620599
2022-08-28,0.609335
2022-08-29,0.627956
2022-08-30,0.615073
2022-08-31,0.621463
2022-09-01,0.624311
2022-09-02,0.619967
2022-09-03,0.615473
2022-09-04,0.620432
2022-09-05,0.615446
2022-09-06,0.586853
2022-09-07,0.601
2022-09-08,0.6021
2022-09-09,0.665211
2022-09-10,0.676013
2022-09-11,0.67658
2022-09-12,0.69604
2022-09-13,0.629969
2022-09-14,0.633197
2022-09-15,0.616925
2022-09-16,0.618435
2022-09-17,0.630283
2022-09-18,0.608697
2022-09-19,0.613303
2022-09-20,0.592311
2022-09-21,0.581337
2022-09-22,0.609763
2022-09-23,0.607099
2022-09-24,0.594477
2022-09-25,0.59042
2022-09-26,0.60326
2022-09-27,0.600815
2022-09-28,0.612144
2022-09-29,0.615047
2022-09-30,0.612198
2022-10-01,0.608313
2022-10-02,0.599019
2022-10-03,0.618445
2022-10-04,0.640657
2022-10-05,0.635021
2022-10-06,0.628747
2022-10-07,0.616095
2022-10-08,0.612445
2022-10-09,0.612773
2022-10-10,0.604368
2022-10-11,0.600952
2022-10-12,0.605373
2022-10-13,0.612743
2022-10-14,0.606266
2022-10-15,0.602827
2022-10-16,0.608879
2022-10-17,0.619043
2022-10-18,0.612562
2022-10-19,0.606293
2022-10-20,0.603288
2022-10-21,0.60785
2022-10-22,0.609416
2022-10-23,0.620657
2022-10-24,0.613562
2022-10-25,0.6373
2022-10-26,0.659362
2022-10-27,0.643124
2022-10-28,0.653353
2022-10-29,0.659568
2022-10-30,0.653711
2022-10-31,0.649837
2022-11-01,0.649779
2022-11-02,0.639522
2022-11-03,0.641181
2022-11-04,0.67103
2022-11-05,0.675147
2022-11-06,0.664626
2022-11-07,0.654754
2022-11-08,0.591012
2022-11-09,0.506527
2022-11-10,0.564416
2022-11-11,0.545851
2022-11-12,0.542975
2022-11-13,0.528734
2022-11-14,0.539721
2022-11-15,0.548201
2022-11-16,0.543589
2022-11-17,0.546798
2022-11-18,0.554064
2022-11-19,0.555438
2022-11-20,0.540982
2022-11-21,0.526528
2022-11-22,0.540552
2022-11-23,0.554731
2022-11-24,0.555375
2022-11-25,0.553771
2022-11-26,0.551495
2022-11-27,0.547939
2022-11-28,0.54446
2022-11-29,0.552477
2022-11-30,0.577337
2022-12-01,0.570458
2022-12-02,0.574677
2022-12-03,0.568849
2022-12-04,0.576594
2022-12-05,0.573563
2022-12-06,0.57742
2022-12-07,0.569985
2022-12-08,0.583161
2022-12-09,0.580561
2022-12-10,0.580102
2022-12-11,0.579234
2022-12-12,0.582813
2022-12-13,0.602672
2022-12-14,0.604503
2022-12-15,0.588866
2022-12-16,0.564253
2022-12-17,0.570098
2022-12-18,0.570173
2022-12-19,0.559253
2022-12-20,0.575544
2022-12-21,0.572546
2022-12-22,0.573199
2022-12-23,0.572335
2022-12-24,0.574298
2022-12-25,0.574153
2022-12-26,0.576012
2022-12-27,0.570102
2022-12-28,0.565611
2022-12-29,0.569486
2022-12-30,0.568472
2022-12-31,0.567606
2023-01-01,0.570435
2023-01-02,0.573277
2023-01-03,0.572901
2023-01-04,0.579363
2023-01-05,0.579099
2023-01-06,0.584039
2023-01-07,0.585879
2023-01-08,0.587661
2023-01-09,0.591914
2023-01-10,0.600945
2023-01-11,0.61525
2023-01-12,0.650553
2023-01-13,0.68432
2023-01-14,0.723055
2023-01-15,0.718232
2023-01-16,0.728469
2023-01-17,0.727962
2023-01-18,0.712001
2023-01-19,0.724601
2023-01-20,0.778204
2023-01-21,0.778746
2023-01-22,0.779253
2023-01-23,0.777216
2023-01-24,0.77518
2023-01-25,0.791743
2023-01-26,0.789214
2023-01-27,0.791946
2023-01-28,0.789597
2023-01-29,0.815418
2023-01-30,0.781887
2023-01-31,0.792808
2023-02-01,0.81213
2023-02-02,0.804232
2023-02-03,0.801873
2023-02-04,0.798326
2023-02-05,0.784637
2023-02-06,0.777259
2023-02-07,0.794747
2023-02-08,0.783364
2023-02-09,0.745416
2023-02-10,0.738894
2023-02-11,0.747155
2023-02-12,0.743976
2023-02-13,0.744893
2023-02-14,0.75918
2023-02-15,0.829324
2023-02-16,0.809851
2023-02-17,0.838671
2023-02-18,0.839395
2023-02-19,0.830008
2023-02-20,0.84428
2023-02-21,0.830574
2023-02-22,0.822676
2023-02-23,0.813809
2023-02-24,0.789118
2023-02-25,0.795226
2023-02-26,0.801355
2023-02-27,0.795055
2023-02-28,0.788849
2023-03-01,0.805119
2023-03-02,0.800336
2023-03-03,0.762456
2023-03-04,0.761828
2023-03-05,0.765288
2023-03-06,0.765276
2023-03-07,0.7604
2023-03-08,0.744384
2023-03-09,0.698803
2023-03-10,0.728535
2023-03-11,0.758228
2023-03-12,0.787798
2023-03-13,0.817486
2023-03-14,0.847154
2023-03-15,0.876725
2023-03-16,0.906182
2023-03-17,0.93558
2023-03-18,0.919347
2023-03-19,0.959268
2023-03-20,0.946391
2023-03-21,0.956741
2023-03-22,0.928168
2023-03-23,0.961989
2023-03-24,0.930403
2023-03-25,0.926104
2023-03-26,0.921852
2023-03-27,0.917744
2023-03-28,0.921649
2023-03-29,0.957954
2023-03-30,0.964244
2023-03-31,0.980115
2023-04-01,0.978864
2023-04-02,0.967166
2023-04-03,0.956156
2023-04-04,0.964861
2023-04-05,0.962634
2023-04-06,0.960365
2023-04-07,0.958044
2023-04-08,0.958704
2023-04-09,0.98353
2023-04-10,1.008429
2023-04-11,1.033616
2023-04-12,1.03547
2023-04-13,1.037048
2023-04-14,1.038735
2023-04-15,1.0269
2023-04-16,1.015057
2023-04-17,1.003323
2023-04-18,0.991588
2023-04-19,0.980364
2023-04-20,0.954708
2023-04-21,0.929096
2023-04-22,0.947016
2023-04-23,0.939111
2023-04-24,0.950761
2023-04-25,0.962388
2023-04-26,0.964645
2023-04-27,1.000721
2023-04-28,0.995937
2023-04-29,0.991432
2023-04-30,0.995915
2023-05-01,0.953787
2023-05-02,0.972824
2023-05-03,0.983039
2023-05-04,0.991272
2023-05-05,0.999474
2023-05-06,0.976793
2023-05-07,0.954782
2023-05-08,0.932434
2023-05-09,0.929643
2023-05-10,0.929885
2023-05-11,0.907899
2023-05-12,0.900676
2023-05-13,0.902841
2023-05-14,0.905299
2023-05-15,0.915239
2023-05-16,0.908006
2023-05-17,0.904871
2023-05-18,0.901729
2023-05-19,0.903337
2023-05-20,0.910221
2023-05-21,0.899225
2023-05-22,0.900772
2023-05-23,0.912833
2023-05-24,0.883311
2023-05-25,0.887974
2023-05-26,0.895856
2023-05-27,0.900183
2023-05-28,0.941315
2023-05-29,0.929919
2023-05-30,0.927788
2023-05-31,0.911218
2023-06-01,0.89802
2023-06-02,0.912098
2023-06-03,0.910346
2023-06-04,0.908604
2023-06-05,0.863153
2023-06-06,0.910225
2023-06-07,0.881078
2023-06-08,0.887143
2023-06-09,0.885348
2023-06-10,0.865231
2023-06-11,0.866691
2023-06-12,0.866842
2023-06-13,0.866099
2023-06-14,0.840072
2023-06-15,0.855677
2023-06-16,0.881245
2023-06-17,0.887244
2023-06-18,0.88167
2023-06-19,0.896302
2023-06-20,0.947175
2023-06-21,0.973766
2023-06-22,0.999963
2023-06-23,1.021877
2023-06-24,1.018216
2023-06-25,1.015039
2023-06-26,1.007286
2023-06-27,1.003654
2023-06-28,0.999948
2023-06-29,1.011915
2023-06-30,1.011748
2023-07-01,1.013917
2023-07-02,1.013942
2023-07-03,1.03113
2023-07-04,1.019661
2023-07-05,1.009348
2023-07-06,0.993938
2023-07-07,1.00511
2023-07-08,1.002645
2023-07-09,0.999056
2023-07-10,1.006327
2023-07-11,1.013101
2023-07-12,1.005058
2023-07-13,1.039325
2023-07-14,1.002131
2023-07-15,1.001263
2023-07-16,0.999663
2023-07-17,0.996456
2023-07-18,0.985991
2023-07-19,0.985193
2023-07-20,0.984334
2023-07-21,0.988362
2023-07-22,0.984623
2023-07-23,0.980812
2023-07-24,0.977087
2023-07-25,0.973295
2023-07-26,0.969486
2023-07-27,0.9656
2023-07-28,0.974422
2023-07-29,0.975662
2023-07-30,0.973275
2023-07-31,0.970986
2023-08-01,0.980011
2023-08-02,0.968633
2023-08-03,0.970071
2023-08-04,0.965448
2023-08-05,0.965124
2023-08-06,0.964749
2023-08-07,0.968474
2023-08-08,0.988689
2023-08-09,0.981898
2023-08-10,0.976748
2023-08-11,0.97542
2023-08-12,0.975692
2023-08-13,0.971155
2023-08-14,0.975158
2023-08-15,0.967078
2023-08-16,0.953459
2023-08-17,0.884927
2023-08-18,0.865046
2023-08-19,0.866892
2023-08-20,0.867266
2023-08-21,0.867718
2023-08-22,0.868181
2023-08-23,0.868589
2023-08-24,0.868994
2023-08-25,0.866435
2023-08-26,0.865205
2023-08-27,0.867706
2023-08-28,0.868383
2023-08-29,0.920792
2023-08-30,0.908344
2023-08-31,0.864071
2023-09-01,0.859225
2023-09-02,0.86131
2023-09-03,0.864424
2023-09-04,0.85904
2023-09-05,0.858674
2023-09-06,0.857885
2023-09-07,0.872967
2023-09-08,0.862808
2023-09-09,0.862457
2023-09-10,0.860253
2023-09-11,0.83743
2023-09-12,0.861559
2023-09-13,0.873642
2023-09-14,0.884227
2023-09-15,0.887883
2023-09-16,0.883843
2023-09-17,0.881902
2023-09-18,0.890403
2023-09-19,0.90501
2023-09-20,0.902321
2023-09-21,0.883681
2023-09-22,0.883875
2023-09-23,0.883559
2023-09-24,0.873875
2023-09-25,0.873898
2023-09-26,0.870771
2023-09-27,0.875453
2023-09-28,0.898382
2023-09-29,0.894204
2023-09-30,0.896153
2023-10-01,0.928076
2023-10-02,0.91555
2023-10-03,0.911151
2023-10-04,0.922659
2023-10-05,0.910488
2023-10-06,0.927186
2023-10-07,0.927939
2023-10-08,0.926532
2023-10-09,0.914917
2023-10-10,0.909215
2023-10-11,0.889823
2023-10-12,0.887024
2023-10-13,0.890368
2023-10-14,0.890843
2023-10-15,0.899525
2023-10-16,0.944429
2023-10-17,0.941755
2023-10-18,0.938061
2023-10-19,0.950442
2023-10-20,0.983156
2023-10-21,0.989964
2023-10-22,0.991657
2023-10-23,1.086822
2023-10-24,1.114253
2023-10-25,1.132382
2023-10-26,1.12019
2023-10-27,1.110124
2023-10-28,1.115857
2023-10-29,1.130926
2023-10-30,1.127216
2023-10-31,1.130693
2023-11-01,1.154747
2023-11-02,1.135811
2023-11-03,1.128944
2023-11-04,1.140714
2023-11-05,1.140647
2023-11-06,1.136921
2023-11-07,1.148585
2023-11-08,1.159676
2023-11-09,1.184985
2023-11-10,1.205386
2023-11-11,1.192269
2023-11-12,1.19408
2023-11-13,1.176968
2023-11-14,1.146119
2023-11-15,1.216443
2023-11-16,1.162048
2023-11-17,1.174399
2023-11-18,1.174179
2023-11-19,1.201275
2023-11-20,1.202204
2023-11-21,1.153853
2023-11-22,1.19613
2023-11-23,1.192549
2023-11-24,1.204525
2023-11-25,1.206543
2023-11-26,1.195904
2023-11-27,1.187329
2023-11-28,1.205283
2023-11-29,1.204198
2023-11-30,1.200398
2023-12-01,1.22982
2023-12-02,1.252822
2023-12-03,1.268054
2023-12-04,1.324534
2023-12-05,1.388627
2023-12-06,1.37425
2023-12-07,1.357397
2023-12-08,1.383514
2023-12-09,1.367981
2023-12-10,1.366799
2023-12-11,1.287275
2023-12-12,1.292595
2023-12-13,1.33664
2023-12-14,1.338111
2023-12-15,1.303611
2023-12-16,1.309544
2023-12-17,1.285159
2023-12-18,1.320369
2023-12-19,1.307738
2023-12-20,1.346447
2023-12-21,1.353106
2023-12-22,1.355711
2023-12-23,1.347346
2023-12-24,1.325423
2023-12-25,1.340762
2023-12-26,1.304037
2023-12-27,1.329592
2023-12-28,1.30514
2023-12-29,1.283602
2023-12-30,1.289063
2023-12-31,1.288679
2024-01-01,1.343282
2024-01-02,1.367734
2024-01-03,1.300539
2024-01-04,1.334039
2024-01-05,1.328769
2024-01-06,1.321121
2024-01-07,1.318244
2024-01-08,1.409339
2024-01-09,1.379653
2024-01-10,1.399058
2024-01-11,1.38359
2024-01-12,1.278576
2024-01-13,1.279023
2024-01-14,1.25021
2024-01-15,1.268644
2024-01-16,1.283545
2024-01-17,1.269083
2024-01-18,1.224589
2024-01-19,1.234041
2024-01-20,1.235567
2024-01-21,1.231352
2024-01-22,1.174063
2024-01-23,1.1785
2024-01-24,1.187944
2024-01-25,1.18197
2024-01-26,1.238291
2024-01-27,1.245469
2024-01-28,1.2408
2024-01-29,1.276033
2024-01-30,1.265436
2024-01-31,1.252965
2024-02-01,1.264994
2024-02-02,1.268303
2024-02-03,1.262868
2024-02-04,1.250579
2024-02-05,1.251213
2024-02-06,1.263927
2024-02-07,1.296132
2024-02-08,1.325679
2024-02-09,1.376901
2024-02-10,1.393369
2024-02-11,1.403867
2024-02-12,1.451744
2024-02-13,1.438888
2024-02-14,1.493875
2024-02-16,1.497949
2024-02-17,1.482845
2024-02-18,1.494699
2024-02-19,1.48079
2024-02-20,1.493153
2024-02-21,1.474834
2024-02-22,1.459501
2024-02-23,1.442523
2024-02-24,1.463635
2024-02-25,1.467398
2024-02-26,1.541735
2024-02-27,1.603052
2024-02-28,1.725457
2024-02-29,1.688475
2024-03-01,1.708372
2024-03-02,1.693615
2024-03-03,1.71628
2024-03-04,1.839927
2024-03-05,1.715901
2024-03-06,1.745984
2024-03-07,1.757782
2024-03-08,1.779412
2024-03-09,1.779605
2024-03-10,1.785614
2024-03-11,1.853001
2024-03-12,1.823615
2024-03-13,1.830041
2024-03-14,1.783633
2024-03-15,1.727956
2024-03-16,1.628112
2024-03-17,1.694344
2024-03-18,1.678923
2024-03-19,1.537965
2024-03-20,1.678282
2024-03-21,1.61706
2024-03-22,1.565851
2024-03-23,1.57464
2024-03-24,1.644123
2024-03-25,1.69301
2024-03-26,1.692069
2024-03-27,1.670219
2024-03-28,1.700754
2024-03-29,1.676873
2024-03-30,1.669487
2024-03-31,1.705111
2024-04-01,1.662561
2024-04-02,1.556964
2024-04-03,1.568699
2024-04-04,1.621014
2024-04-05,1.607153
2024-04-06,1.634048
2024-04-07,1.638896
2024-04-08,1.689539
2024-04-09,1.626193
2024-04-10,1.659266
2024-04-11,1.645064
2024-04-12,1.575404
2024-04-13,1.515913
2024-04-14,1.5406
2024-04-15,1.487775
2024-04-16,1.495463
2024-04-17,1.438414
2024-04-18,1.487817
2024-04-19,1.491672
2024-04-20,1.51772
2024-04-21,1.518328
2024-04-22,1.562262
2024-04-23,1.548118
2024-04-24,1.48966
2024-04-25,1.496321
2024-04-26,1.478836
2024-04-27,1.469986
2024-04-28,1.458286
2024-04-29,1.478571
2024-04-30,1.40285
2024-05-01,1.346666
2024-05-02,1.370511
2024-05-03,1.457032
2024-05-04,1.47682
2024-05-05,1.480515
2024-05-06,1.460066
2024-05-07,1.440531
2024-05-08,1.409207
2024-05-09,1.452133
2024-05-10,1.403794
2024-05-11,1.401897
2024-05-12,1.414663
2024-05-13,1.446808
2024-05-14,1.415409
2024-05-15,1.518755
2024-05-17,1.530523
2024-05-18,1.53013
2024-05-19,1.512817
2024-05-20,1.621078
2024-05-21,1.595043
2024-05-22,1.567329
2024-05-23,1.53588
2024-05-24,1.553374
2024-05-25,1.567617
2024-05-26,1.547495
2024-05-27,1.565571
2024-05-28,1.530632
2024-05-29,1.512724
2024-05-30,1.529339
2024-05-31,1.506207
2024-06-01,1.512945
2024-06-02,1.514105
2024-06-03,1.534109
2024-06-04,1.569548
2024-06-05,1.578718
2024-06-07,1.533497
2024-06-08,1.531952
2024-06-09,1.538462
2024-06-10,1.533311
2024-06-11,1.484699
2024-06-12,1.50186
2024-06-13,1.469884
2024-06-15,1.456193
2024-06-16,1.464756
2024-06-17,1.460867
2024-06-18,1.430669
2024-06-19,1.424657
2024-06-20,1.424605
2024-06-21,1.405756
2024-06-22,1.406481
2024-06-23,1.3863
2024-06-24,1.320377
2024-06-25,1.352491
2024-06-26,1.331908
2024-06-27,1.346976
2024-06-28,1.319313
2024-06-29,1.331705
2024-06-30,1.371867
2024-07-01,1.37233
2024-07-02,1.354728
2024-07-03,1.314368
2024-07-04,1.254604
2024-07-05,1.238625
2024-07-06,1.271642
2024-07-07,1.224783
2024-07-08,1.23836
2024-07-09,1.265777
2024-07-10,1.259727
2024-07-11,1.250676
2024-07-12,1.262216
2024-07-13,1.293408
2024-07-14,1.329411
2024-07-15,1.407101
2024-07-16,1.412175
2024-07-17,1.391813
2024-07-18,1.385835
2024-07-19,1.442049
2024-07-20,1.450367
2024-07-21,1.467967
2024-07-22,1.455217
2024-07-23,1.417433
2024-07-24,1.404927
2024-07-25,1.41174
2024-07-26,1.456394
2024-07-27,1.458588
2024-07-28,1.459857
2024-07-29,1.430838
2024-07-30,1.416645
2024-07-31,1.384702
2024-08-01,1.393635
2024-08-02,1.316185
2024-08-03,1.298477
2024-08-04,1.247804
2024-08-05,1.16679
2024-08-06,1.204105
2024-08-07,1.184725
2024-08-08,1.327657
2024-08-09,1.301194
2024-08-10,1.302686
2024-08-11,1.259272
2024-08-12,1.270875
2024-08-13,1.295185
2024-08-14,1.25956
2024-08-15,1.234187
2024-08-16,1.261445
2024-08-17,1.271587
2024-08-18,1.258032
2024-08-19,1.270888
2024-08-20,1.264908
2024-08-21,1.306989
2024-08-22,1.290697
2024-08-23,1.367521
2024-08-24,1.364672
2024-08-25,1.374182
2024-08-26,1.341411
2024-08-27,1.270733
2024-08-28,1.25967
2024-08-29,1.265552
2024-08-30,1.261126
2024-08-31,1.256838
2024-09-01,1.222595
2024-09-02,1.260803
2024-09-05,1.197191
2024-09-06,1.14955
2024-09-07,1.15434
2024-09-08,1.171128
2024-09-09,1.218467
2024-09-10,1.229743
2024-09-11,1.224255
2024-09-12,1.238975
2024-09-13,1.288046
2024-09-14,1.27635
2024-09-15,1.257495
2024-09-16,1.238072
2024-09-17,1.279765
2024-09-18,1.301093
2024-09-19,1.335033
2024-09-20,1.336155
2024-09-21,1.339941
2024-09-22,1.343653
2024-09-23,1.336886
2024-09-24,1.356815
2024-09-25,1.328294
2024-09-26,1.368565
2024-09-27,1.381939
2024-09-28,1.380739
2024-09-29,1.376925
2024-09-30,1.32749
2024-10-01,1.277607
2024-10-02,1.274058
2024-10-03,1.275538
2024-10-04,1.301544
2024-10-05,1.300628
2024-10-06,1.315906
2024-10-07,1.307567
2024-10-08,1.291114
2024-10-09,1.259932
2024-10-10,1.252252
2024-10-11,1.294039
2024-10-12,1.308686
2024-10-13,1.298879
2024-10-14,1.365617
2024-10-15,1.379536
2024-10-16,1.392465
2024-10-17,1.384291
2024-10-18,1.404226
2024-10-19,1.402524
2024-10-20,1.412488
2024-10-21,1.376857
2024-10-22,1.375294
2024-10-23,1.358642
2024-10-24,1.387461
2024-10-25,1.348825
2024-10-26,1.363691
2024-10-27,1.382798
2024-10-28,1.418381
2024-10-29,1.470669
2024-10-30,1.463911
2024-10-31,1.420949
2024-11-01,1.401798
2024-11-02,1.396134
2024-11-03,1.385616
2024-11-04,1.364979
2024-11-05,1.399139
2024-11-06,1.514696
2024-11-07,1.516218
2024-11-08,1.523075
2024-11-09,1.527507
2024-11-10,1.594526
2024-11-11,1.746234
2024-11-12,1.719052
2024-11-13,1.751661
2024-11-14,1.680857
2024-11-15,1.747844
2024-11-16,1.734062
2024-11-17,1.716357
2024-11-18,1.727263
2024-11-19,1.746593
2024-11-20,1.772091
2024-11-21,1.824967
2024-11-22,1.817611
2024-11-23,1.787681
2024-11-24,1.788515
2024-11-25,1.699954
2024-11-26,1.66943
2024-11-27,1.738068
2024-11-28,1.729476
2024-11-29,1.753945
2024-11-30,1.735413
2024-12-01,1.751216
2024-12-02,1.714793
2024-12-03,1.714617
2024-12-04,1.758188
2024-12-05,1.708478
2024-12-06,1.746571
2024-12-07,1.744411
2024-12-08,1.756617
2024-12-09,1.683831
2024-12-10,1.667335
2024-12-11,1.736373
2024-12-12,1.712508
2024-12-13,1.728362
2024-12-14,1.727662
2024-12-15,1.777945
2024-12-16,1.790364
2024-12-17,1.78489
2024-12-18,1.686356
2024-12-19,1.630488
2024-12-20,1.623946
2024-12-21,1.614372
2024-12-22,1.576327
2024-12-23,1.562127
2024-12-24,1.619927
2024-12-25,1.628514
2024-12-26,1.567656
2024-12-27,1.542441
2024-12-28,1.556201
2024-12-29,1.527655
2024-12-30,1.508488
2024-12-31,1.519906
2025-01-01,1.534951
2025-01-02,1.571352
2025-01-03,1.590032
2025-01-04,1.590527
2025-01-05,1.592614
2025-01-06,1.649643
2025-01-07,1.563326
2025-01-08,1.531254
2025-01-09,1.488007
2025-01-10,1.525368
2025-01-11,1.522013
2025-01-12,1.517266
2025-01-13,1.516658
2025-01-14,1.549744
2025-01-15,1.604004
2025-01-16,1.596629
2025-01-17,1.660906
2025-01-18,1.660016
2025-01-20,1.626421
2025-01-21,1.675352
2025-01-22,1.63571
2025-01-23,1.635531
2025-01-24,1.641815
2025-01-25,1.642816
2025-01-26,1.610213
2025-01-27,1.593514
2025-01-28,1.579818
2025-01-29,1.621552
2025-01-30,1.635551
2025-01-31,1.592058
2025-02-01,1.565767
2025-02-02,1.515963
2025-02-03,1.577813
2025-02-04,1.517565
2025-02-05,1.495356
2025-02-06,1.493474
2025-02-07,1.490345
2025-02-08,1.492988
2025-02-09,1.48672
2025-02-10,1.502231
2025-02-11,1.477131
2025-02-12,1.506042
2025-02-13,1.486728
2025-02-14,1.499276
2025-02-15,1.500949
2025-02-16,1.479094
2025-02-17,1.47267
2025-02-18,1.4667
2025-02-19,1.484305
2025-02-20,1.509851
2025-02-21,1.473404
2025-02-22,1.480802
2025-02-23,1.472367
2025-02-24,1.407678
2025-02-25,1.360699
2025-02-26,1.289466
2025-02-27,1.298951
2025-02-28,1.293554
2025-03-01,1.317967
2025-03-02,1.445881
2025-03-03,1.324168
2025-03-04,1.339381
2025-03-05,1.388133
2025-03-06,1.380974
2025-03-07,1.325161
2025-03-08,1.319035
2025-03-09,1.234827
2025-03-10,1.210624
2025-03-11,1.267074
2025-03-12,1.279755
2025-03-13,1.241476
2025-03-14,1.286547
2025-03-15,1.289954
2025-03-16,1.261355
2025-03-17,1.284489
2025-03-18,1.263963
2025-03-19,1.325239
2025-03-20,1.284513
2025-03-21,1.283237
2025-03-22,1.279368
2025-03-23,1.308464
2025-03-24,1.331245
2025-03-25,1.332365
2025-03-26,1.322873
2025-03-27,1.328211
2025-03-28,1.282398
2025-03-29,1.254847
2025-03-30,1.250606
2025-03-31,1.254521
2025-04-01,1.296282
2025-04-02,1.255344
2025-04-03,1.259783
2025-04-04,1.272077
2025-04-05,1.264639
2025-04-06,1.183735
2025-04-07,1.205915
2025-04-08,1.160153
2025-04-09,1.255436
2025-04-10,1.207528
2025-04-11,1.264795
2025-04-12,1.293044
2025-04-13,1.266763
2025-04-14,1.281458
2025-04-15,1.269012
2025-04-16,1.275772
2025-04-17,1.291446
2025-04-18,1.283381
2025-04-19,1.293599
2025-04-20,1.29287
2025-04-21,1.3261
2025-04-22,1.416006
2025-04-23,1.414273
2025-04-24,1.41446
2025-04-25,1.423602
2025-04-26,1.421606
2025-04-27,1.407758
2025-04-28,1.424641
2025-04-29,1.408279
2025-04-30,1.409108
2025-05-01,1.439688
2025-05-02,1.444114
2025-05-03,1.429806
2025-05-04,1.40618
2025-05-05,1.411159
2025-05-06,1.436081
2025-05-07,1.441253
2025-05-08,1.525655
2025-05-09,1.520598
2025-05-10,1.543563
2025-05-11,1.533498
2025-05-12,1.5157
2025-05-13,1.529645
2025-05-14,1.519346
2025-05-15,1.518095
2025-05-16,1.513719
2025-05-17,1.507541
2025-05-18,1.547357
2025-05-19,1.5379
2025-05-20,1.553626
2025-05-21,1.589961
2025-05-22,1.61105
2025-05-23,1.548543
2025-05-24,1.556483
2025-05-25,1.56973
2025-05-26,1.572685
2025-05-27,1.563947
2025-05-28,1.544687
2025-05-29,1.511652
2025-05-30,1.485371
2025-05-31,1.495256
2025-06-01,1.509352
2025-06-02,1.506615
2025-06-03,1.496976
2025-06-04,1.484979
2025-06-05,1.440822
2025-06-06,1.478572
2025-06-07,1.495348
2025-06-08,1.494978
2025-06-09,1.555733
2025-06-10,1.551461
2025-06-11,1.529689
2025-06-12,1.491274
2025-06-13,1.489742
2025-06-14,1.481352
2025-06-15,1.481215
2025-06-16,1.502099
2025-06-17,1.46506
2025-06-18,1.466744
2025-06-19,1.464262
2025-06-20,1.443415
2025-06-21,1.418595
2025-06-22,1.409187
2025-06-23,1.47126
2025-06-24,1.475784
2025-06-25,1.492168
2025-06-26,1.48525
2025-06-27,1.483294
2025-06-28,1.486324
2025-06-29,1.49912
2025-06-30,1.479206
2025-07-01,1.456653
2025-07-02,1.501046
2025-07-03,1.508213
2025-07-04,1.483585
2025-07-05,1.485194
2025-07-06,1.497201
2025-07-07,1.482265
2025-07-08,1.489695
2025-07-09,1.519479
2025-07-10,1.577126
2025-07-11,1.595791
2025-07-12,1.589998
2025-07-13,1.608773
2025-07-14,1.615866
2025-07-15,1.583528
2025-07-16,1.586659
2025-07-17,1.590971
2025-07-18,1.567679
2025-07-19,1.565101
2025-07-20,1.556198
2025-07-21,1.55512
2025-07-22,1.585668
2025-07-23,1.563965
2025-07-24,1.558651
2025-07-25,1.544493
2025-07-26,1.549599
2025-07-27,1.567494
2025-07-28,1.547256
2025-07-29,1.542698
2025-07-30,1.53892
2025-07-31,1.513287
2025-08-01,1.479353
2025-08-02,1.469258
2025-08-03,1.490474
2025-08-04,1.501458
2025-08-05,1.486378
2025-08-06,1.497653
2025-08-07,1.526778
2025-08-08,1.515962
2025-08-09,1.512295
2025-08-10,1.545918
2025-08-11,1.538376
2025-08-12,1.554566
2025-08-13,1.594015
2025-08-14,1.529019
2025-08-15,1.512386
2025-08-16,1.510409
2025-08-17,1.51159
2025-08-18,1.494319
2025-08-19,1.449305
2025-08-20,1.466262
2025-08-21,1.441199
2025-08-22,1.495384
2025-08-23,1.475377
2025-08-24,1.45251
2025-08-25,1.408543
2025-08-26,1.430796
2025-08-27,1.42204
2025-08-28,1.436046
2025-08-29,1.381013
2025-08-30,1.383974
2025-08-31,1.378292
2025-09-01,1.386107
2025-09-02,1.412614
2025-09-03,1.420098
2025-09-04,1.40779
2025-09-05,1.40285
2025-09-06,1.396413
2025-09-07,1.40919
2025-09-08,1.418317
2025-09-09,1.409888
2025-09-10,1.439337
2025-09-11,1.456697
2025-09-12,1.464443
2025-09-13,1.461135
2025-09-14,1.453368
2025-09-15,1.452339
2025-09-16,1.467894
2025-09-17,1.463399
2025-09-18,1.467823
2025-09-19,1.448217
2025-09-20,1.449156
2025-09-21,1.443038
2025-09-22,1.410761
2025-09-23,1.401145
2025-09-24,1.415293
2025-09-25,1.362864
2025-09-26,1.368409
2025-09-27,1.367703
2025-09-28,1.398436
2025-09-29,1.424016
2025-09-30,1.417523
2025-10-01,1.466757
2025-10-02,1.490642
2025-10-03,1.508898
2025-10-04,1.507746
2025-10-05,1.520462
2025-10-06,1.534077
2025-10-07,1.489435
2025-10-08,1.50918
2025-10-09,1.485331
2025-10-10,1.3901
2025-10-11,1.35585
2025-10-12,1.406494
2025-10-13,1.407899
2025-10-14,1.381347
2025-10-15,1.347943
2025-10-16,1.315795
2025-10-17,1.296827
2025-10-18,1.302717
2025-10-19,1.388622
2025-10-20,1.385718
2025-10-21,1.362867
2025-10-22,1.356457
2025-10-23,1.374777
2025-10-24,1.39283
2025-10-25,1.398393
2025-10-26,1.433353
2025-10-27,1.412739
2025-10-28,1.411332
2025-10-29,1.365557
2025-10-30,1.341774
2025-10-31,1.34799
2025-11-01,1.351701
2025-11-02,1.358996
2025-11-03,1.307736
2025-11-04,1.243327
2025-11-05,1.274162
2025-11-06,1.242403
2025-11-07,1.265289
2025-11-08,1.253098
2025-11-09,1.27901
2025-11-10,1.29903
2025-11-11,1.257429
2025-11-12,1.238924
2025-11-13,1.226993
2025-11-14,1.154251
2025-11-15,1.168131
2025-11-16,1.153306
2025-11-17,1.127552
2025-11-18,1.135322
2025-11-19,1.120447
2025-11-20,1.059815
2025-11-21,1.045667
2025-11-22,1.043337
2025-11-23,1.068568
2025-11-24,1.083734
2025-11-25,1.074648
2025-11-26,1.108726
2025-11-27,1.121208
2025-11-28,1.116109
2025-11-29,1.115461
2025-11-30,1.109979
2025-12-01,1.0603
2025-12-02,1.122088
2025-12-03,1.150951
2025-12-04,1.131852
2025-12-05,1.097983
2025-12-06,1.093972
2025-12-07,1.117084
2025-12-08,1.125831
2025-12-09,1.152622
2025-12-10,1.136386
2025-12-11,1.135324
2025-12-12,1.108799
2025-12-13,1.107818
2025-12-14,1.083447
2025-12-15,1.061458
2025-12-16,1.078332
2025-12-17,1.058723
2025-12-18,1.050676
2025-12-19,1.084598
2025-12-20,1.090684
2025-12-21,1.089956
2025-12-22,1.092024
2025-12-23,1.075499
2025-12-24,1.078652
2025-12-25,1.0737
2025-12-26,1.074986
2025-12-27,1.081456
2025-12-28,1.081989
2025-12-29,1.073214
2025-12-30,1.089788
2025-12-31,1.079561
2026-01-01,1.098324
2026-01-02,1.11042
2026-01-03,1.117165
2026-01-04,1.125625
2026-01-05,1.156603
2026-01-06,1.15128
2026-01-07,1.123772
2026-01-08,1.128105
2026-01-09,1.115396
2026-01-10,1.113664
2026-01-11,1.119052
2026-01-12,1.123456
2026-01-13,1.174039
2026-01-14,1.191192
2026-01-15,1.175705
2026-01-16,1.171109
2026-01-17,1.166674
2026-01-18,1.162591
2026-01-19,1.134671
2026-01-20,1.083183
2026-01-21,1.096958
2026-01-22,1.099712
2026-01-23,1.104247
2026-01-24,1.101929
2026-01-25,1.067437
2026-01-26,1.091506
2026-01-27,1.103143
2026-01-28,1.100791
2026-01-29,1.044881
2026-01-30,1.04021
2026-01-31,0.973026
2026-02-01,0.956757
2026-02-02,0.976141
2026-02-03,0.93892
2026-02-04,0.909512
2026-02-05,0.802463
2026-02-06,0.884202
2026-02-07,0.867671
2026-02-08,0.880976
2026-02-09,0.881072
2026-02-10,0.863483
2026-02-11,0.842675
2026-02-12,0.833681
2026-02-13,0.868619
2026-02-14,0.878602
2026-02-15,0.863333
2026-02-16,0.871141
2026-02-17,0.851205
2026-02-18,0.840257
2026-02-19,0.844513
2026-02-20,0.858303
2026-02-21,0.85966
2026-02-22,0.853804
2026-02-23,0.81616
2026-02-24,0.809813
2026-02-25,0.860213
2026-02-26,0.853592
2026-02-27,0.834114
2026-02-28,0.84621
2026-03-01,0.832211
2026-03-02,0.871472
2026-03-03,0.866442
2026-03-04,0.916042
2026-03-05,0.898536
2026-03-06,0.864077
2026-03-07,0.852298
2026-03-08,0.837099
2026-03-09,0.866714
2026-03-10,0.885418
2026-03-11,0.890619
2026-03-12,0.895152
2026-03-13,0.899925
2026-03-14,0.902843
2026-03-15,0.923452
2026-03-16,0.946682
2026-03-17,0.936604
2026-03-18,0.904647
2026-03-19,0.887574
2026-03-20,0.894585
2026-03-21,0.890602
2026-03-22,0.862866
2026-03-23,0.899647
2026-03-24,0.896687
2026-03-25,0.904601
2026-03-26,0.874129
2026-03-27,0.841982
2026-03-28,0.845396
2026-03-29,0.838603
2026-03-30,0.84924
2026-03-31,0.868418
2026-04-01,0.867201
2026-04-02,0.851768
2026-04-03,0.85294
2026-04-04,0.85721
2026-04-05,0.878546
2026-04-06,0.876864
2026-04-07,0.915677
2026-04-08,0.904813
2026-04-09,0.913117
2026-04-10,0.929419
2026-04-11,0.929919
2026-04-12,0.899416
2026-04-13,0.94777
2026-04-14,0.942297
2026-04-15,0.949147
2026-04-16,0.954272
2026-04-17,0.978995
2026-04-18,0.961328
2026-04-19,0.939958
2026-04-20,0.963188
2026-04-21,0.969332
2026-04-22,0.992913
2026-04-23,0.994136
2026-04-24,0.985896
2026-04-25,0.987632
2026-04-26,0.997765
2026-04-27,0.982866
2026-04-28,0.971047
2026-04-29,0.965011
2026-04-30,0.971414
2026-05-01,0.992965
2026-05-02,1.001298
2026-05-03,0.998074
2026-05-04,1.012671
2026-05-05,1.026419
2026-05-06,1.031164
2026-05-07,1.01606
2026-05-08,1.016345
2026-05-09,1.023227
2026-05-10,1.043111
2026-05-11,1.034519
2026-05-12,1.019068
2026-05-13,1.004024
2026-05-14,1.026171
2026-05-15,1.001478
2026-05-16,0.990123
2026-05-17,0.984908
2026-05-18,0.974884
2026-05-19,0.973106
2026-05-20,0.980921
2026-05-21,0.984205
2026-05-22,0.957262
2026-05-23,0.971798
2026-05-24,0.97658
2026-05-25,0.979592
2026-05-26,0.961997
2026-05-27,0.942451
2026-05-28,0.933077
2026-05-29,0.932818
2026-05-30,0.937939
2026-05-31,0.935769
