date,value
2012-01-01,2744602.17
2012-01-02,1299819.83
2012-01-03,776926.37
2012-01-04,701379.49
2012-01-05,1578864.17
2012-01-06,1008612.4
2012-01-07,812679.65
2012-01-08,1018499.02
2012-01-09,1126917.57
2012-01-10,1633134.3
2012-01-11,542831.41
2012-01-12,3908731.91
2012-01-13,985353.7
2012-01-14,736174.22
2012-01-15,878993.17
2012-01-16,757380.98
2012-01-17,1351364.92
2012-01-18,875687.41
2012-01-19,1152399.04
2012-01-20,613448.64
2012-01-21,425024.96
2012-01-22,371813.24
2012-01-23,433097.39
2012-01-24,633984.52
2012-01-25,777940.05
2012-01-26,1309593.43
2012-01-27,661375.63
2012-01-28,794629.59
2012-01-29,636227.79
2012-01-30,490384.37
2012-01-31,704677.04
2012-02-01,841776.81
2012-02-02,646337.31
2012-02-03,518683.15
2012-02-04,766264.73
2012-02-05,441329.22
2012-02-06,728300.42
2012-02-07,659499.53
2012-02-08,477105.9
2012-02-09,307929.86
2012-02-10,885648.59
2012-02-11,5320220.3
2012-02-12,560819.71
2012-02-13,4955665.79
2012-02-14,7349963.23
2012-02-15,692541.34
2012-02-16,1016852.43
2012-02-17,464571.59
2012-02-18,1044162.51
2012-02-19,382119.33
2012-02-20,518466.06
2012-02-21,489298.58
2012-02-22,703321.62
2012-02-23,682819.59
2012-02-24,1254388.08
2012-02-25,590764.2
2012-02-26,428273.64
2012-02-27,542947.3
2012-02-28,640771.47
2012-02-29,2511664.27
2012-03-01,922748.28
2012-03-02,951395.26
2012-03-03,1191016.79
2012-03-04,818007.3
2012-03-05,573929.35
2012-03-06,523136.67
2012-03-07,532672.67
2012-03-08,754205.8
2012-03-09,557932.23
2012-03-10,760017.3
2012-03-11,575855.72
2012-03-12,491528.37
2012-03-13,846092.91
2012-03-14,1091891.66
2012-03-15,562019.84
2012-03-16,1781095.08
2012-03-17,613966.71
2012-03-18,1721685.2
2012-03-19,767346.59
2012-03-20,846687.72
2012-03-21,1249115.61
2012-03-22,640158.01
2012-03-23,1783657.66
2012-03-24,739488.23
2012-03-25,601557.15
2012-03-26,591686.95
2012-03-27,742821.42
2012-03-28,650103.16
2012-03-29,702285.45
2012-03-30,6503410.18
2012-03-31,469966.02
2012-04-01,445211.4
2012-04-02,613161.12
2012-04-03,2020275.51
2012-04-04,1391645.47
2012-04-05,908502.79
2012-04-06,1459244.36
2012-04-07,688362.15
2012-04-08,361522.03
2012-04-09,2194193.87
2012-04-10,644347.32
2012-04-11,2396840.35
2012-04-12,2278585.79
2012-04-13,1027803.91
2012-04-14,628897.91
2012-04-15,1213442.96
2012-04-16,1362349.6
2012-04-17,742777.77
2012-04-18,1036775.75
2012-04-19,849571.3
2012-04-20,1170688.4
2012-04-21,683025.43
2012-04-22,1196712.46
2012-04-23,863614.85
2012-04-24,1022254.09
2012-04-25,8649136.88
2012-04-26,1079065.85
2012-04-27,495864.46
2012-04-28,532914.99
2012-04-29,411584.65
2012-04-30,1877553.14
2012-05-01,1072603.06
2012-05-02,657518.98
2012-05-03,742547.21
2012-05-04,1104872.13
2012-05-05,512013.18
2012-05-06,3009748.13
2012-05-07,701481.39
2012-05-08,942535.96
2012-05-09,1062673.03
2012-05-10,1157443.39
2012-05-11,1072874.45
2012-05-12,6762782.99
2012-05-13,1310550.48
2012-05-14,2959603.09
2012-05-15,1331702.52
2012-05-16,1338569.74
2012-05-17,2322083.15
2012-05-18,1197091.61
2012-05-19,1526979.94
2012-05-20,1731116.32
2012-05-21,1613583.25
2012-05-22,2014816.89
2012-05-23,1149743.17
2012-05-24,1288950.05
2012-05-25,620465.14
2012-05-26,1361337.74
2012-05-27,1003097.26
2012-05-28,912123.38
2012-05-29,890442.92
2012-05-30,705985.43
2012-05-31,6340652.83
2012-06-01,875622.39
2012-06-02,661557.07
2012-06-03,841207.64
2012-06-04,2286744.39
2012-06-05,946477.13
2012-06-06,1344887.56
2012-06-07,809352.47
2012-06-08,858752.43
2012-06-09,555804.72
2012-06-10,421224.91
2012-06-11,976186.73
2012-06-12,1583285.27
2012-06-13,733501.28
2012-06-14,925154.63
2012-06-15,875535.44
2012-06-16,959065.68
2012-06-17,1107587.98
2012-06-18,951792.13
2012-06-19,1212174.46
2012-06-20,2990336.88
2012-06-21,657609.94
2012-06-22,1269791.53
2012-06-23,709557.57
2012-06-24,2944441.97
2012-06-25,1047177.46
2012-06-26,1407432.45
2012-06-27,874073.48
2012-06-28,786997.92
2012-06-29,671171.8
2012-06-30,816550.95
2012-07-01,535518.22
2012-07-02,981254.19
2012-07-03,984298.74
2012-07-04,1460948.31
2012-07-05,635351.44
2012-07-06,1228413.55
2012-07-07,2348011.86
2012-07-08,1237146.11
2012-07-09,1368936.6
2012-07-10,9293607.48
2012-07-11,2050668.31
2012-07-12,605723.92
2012-07-13,1992259.6
2012-07-14,7076886.47
2012-07-15,764083.7
2012-07-16,1989075.54
2012-07-17,7229746.24
2012-07-18,1927440.55
2012-07-19,1695984.99
2012-07-20,1490804.54
2012-07-21,1382026.81
2012-07-22,861099.9
2012-07-23,1411533.56
2012-07-24,922256.89
2012-07-25,1169390.68
2012-07-26,1264735.35
2012-07-27,1123714.4
2012-07-28,1209427.53
2012-07-29,1318439.65
2012-07-30,994581.31
2012-07-31,1629299.37
2012-08-01,1313147.96
2012-08-02,2117436.9
2012-08-03,1664900.93
2012-08-04,1909669.32
2012-08-05,1348480.55
2012-08-06,1276183.55
2012-08-07,1664212.65
2012-08-08,3232847.48
2012-08-09,1086790.32
2012-08-10,1360966.8
2012-08-11,745091.13
2012-08-12,805249.81
2012-08-13,1235298.65
2012-08-14,1725800.93
2012-08-15,1863277.85
2012-08-16,1642258.6
2012-08-17,6859190.06
2012-08-18,3739479.35
2012-08-19,9538460.5
2012-08-20,2758929.14
2012-08-21,1545292.25
2012-08-22,2417707.25
2012-08-23,2100206.24
2012-08-24,618663.4
2012-08-25,779468.88
2012-08-26,857911.51
2012-08-27,6845970.45
2012-08-28,2954772.4
2012-08-29,884035.73
2012-08-30,738754.67
2012-08-31,9941670.24
2012-09-01,628773.71
2012-09-02,1039186.31
2012-09-03,683619.19
2012-09-04,1218866.01
2012-09-05,620890.81
2012-09-06,1528653.96
2012-09-07,831585.36
2012-09-08,767550.63
2012-09-09,1672862.02
2012-09-10,10220834.29
2012-09-11,541894.8
2012-09-12,1183182.08
2012-09-13,780866.64
2012-09-14,737596.01
2012-09-15,1690640.26
2012-09-16,941922.26
2012-09-17,3869730.75
2012-09-18,4829356.15
2012-09-19,1720622.71
2012-09-20,3263664.1
2012-09-21,2806208.98
2012-09-22,2010759.91
2012-09-23,924417.33
2012-09-24,3011477.23
2012-09-25,2289708.04
2012-09-26,1426041.89
2012-09-27,1470439.63
2012-09-28,5253529.05
2012-09-29,1432143.57
2012-09-30,1006980.06
2012-10-01,1277542.03
2012-10-02,1475875.65
2012-10-03,3820855.3
2012-10-04,2008806.12
2012-10-05,994118.56
2012-10-06,673245.82
2012-10-07,759827.58
2012-10-08,5376550.73
2012-10-09,1068954.83
2012-10-10,1765908.83
2012-10-11,1170332.09
2012-10-12,1505331.91
2012-10-13,568783.81
2012-10-14,3665756.92
2012-10-15,1446290.44
2012-10-16,1568632.39
2012-10-17,5479768.98
2012-10-18,1759380.16
2012-10-19,1461485.14
2012-10-20,966523.73
2012-10-21,2888543.64
2012-10-22,782763.97
2012-10-23,1296717.96
2012-10-24,1343816.58
2012-10-25,4041035.84
2012-10-26,3509907.16
2012-10-27,872388.06
2012-10-28,551130.67
2012-10-29,1039189.99
2012-10-30,2363014.72
2012-10-31,1323470.39
2012-11-01,2109357.87
2012-11-02,1042556.74
2012-11-03,664577.91
2012-11-04,1761928.87
2012-11-05,1408359.01
2012-11-06,914566.29
2012-11-07,2504236.13
2012-11-08,872793.1
2012-11-09,1388443.75
2012-11-10,734595.85
2012-11-11,1690424.09
2012-11-12,2067057.6
2012-11-13,1764733.34
2012-11-14,1500361.49
2012-11-15,1335845.01
2012-11-16,3165628.96
2012-11-17,1763747.24
2012-11-18,997228.14
2012-11-19,1694212.19
2012-11-20,1154194.76
2012-11-21,1385800.91
2012-11-22,1165616.57
2012-11-23,1674691.03
2012-11-24,832784.91
2012-11-25,1895168.45
2012-11-26,2550441.63
2012-11-27,1802181.1
2012-11-28,1391273.76
2012-11-29,1106679.94
2012-11-30,2397172.28
2012-12-01,1265828.43
2012-12-02,773892.42
2012-12-03,1755293.35
2012-12-04,10566207.38
2012-12-05,2013038.13
2012-12-06,1421947.68
2012-12-07,4849858.58
2012-12-08,692824.84
2012-12-09,1785052.4
2012-12-10,2475661.58
2012-12-11,1898805.19
2012-12-12,2901794.75
2012-12-13,4781120.22
2012-12-14,1782079.18
2012-12-15,904058.46
2012-12-16,1358727.33
2012-12-17,985243.69
2012-12-18,1833298.18
2012-12-19,1964390.03
2012-12-20,2957656.41
2012-12-21,1898675.9
2012-12-22,835301.44
2012-12-23,823745.67
2012-12-24,967920.45
2012-12-25,636258.59
2012-12-26,778779.36
2012-12-27,747886.8
2012-12-28,1198116.44
2012-12-29,1115119.12
2012-12-30,1160170.75
2012-12-31,6061694.34
2013-01-01,1082832.31
2013-01-02,1202140.21
2013-01-03,1360499.27
2013-01-04,2547922.29
2013-01-05,1046161.66
2013-01-06,688144.34
2013-01-07,1024901.15
2013-01-08,2758797.86
2013-01-09,2087255.84
2013-01-10,2425626.98
2013-01-11,1662046.07
2013-01-12,915753.11
2013-01-13,2180112.63
2013-01-14,1250187.56
2013-01-15,1533563.06
2013-01-16,1924793.77
2013-01-17,2560301.98
2013-01-18,2248894.27
2013-01-19,1303201.9
2013-01-20,1261674.83
2013-01-21,3242745.48
2013-01-22,6044120.57
2013-01-23,1931743.28
2013-01-24,4300105.83
2013-01-25,2991258.53
2013-01-26,2692425.91
2013-01-27,6361611.71
2013-01-28,2763578.04
2013-01-29,7175646.59
2013-01-30,8272565.13
2013-01-31,4801317.66
2013-02-01,15274956.87
2013-02-02,5493051.89
2013-02-03,1794135.84
2013-02-04,4454017.03
2013-02-05,3806449.79
2013-02-06,2041801.1
2013-02-07,2756153.72
2013-02-08,4366400.89
2013-02-09,5515890.88
2013-02-10,1545247.34
2013-02-11,2773411.57
2013-02-12,2699760.2
2013-02-13,3893520.93
2013-02-14,3540740.62
2013-02-15,11400295.62
2013-02-16,3074025.9
2013-02-17,2573583.65
2013-02-18,3416294.54
2013-02-19,3226329.24
2013-02-20,4846530.89
2013-02-21,1915602.91
2013-02-22,3295044.2
2013-02-23,2522122.64
2013-02-24,2884771.65
2013-02-25,16715894.96
2013-02-26,3774458.73
2013-02-27,1289599.58
2013-02-28,11511317.2
2013-03-01,3275171.05
2013-03-02,1912940.91
2013-03-03,1912338.49
2013-03-04,2209368.27
2013-03-05,6077719.71
2013-03-06,11076032.14
2013-03-07,6677317.58
2013-03-08,1946890.15
2013-03-09,5027902.28
2013-03-10,2028887.81
2013-03-11,3309150.66
2013-03-12,4140212.94
2013-03-13,3828953.25
2013-03-14,3213467.71
2013-03-15,3713829.19
2013-03-16,1798119.86
2013-03-17,2771893.32
2013-03-18,1919394.81
2013-03-19,4736436.91
2013-03-20,3792329.89
2013-03-21,6769218.75
2013-03-22,7422454.57
2013-03-23,4785805.2
2013-03-24,4916347.2
2013-03-25,6511321.73
2013-03-26,4818779.45
2013-03-27,5127613.31
2013-03-28,5352505.27
2013-03-29,4382852.78
2013-03-30,8318352.56
2013-03-31,1656336.19
2013-04-01,13978937.11
2013-04-02,6273236.64
2013-04-03,17934747.41
2013-04-04,5707589.13
2013-04-05,17793877.12
2013-04-06,6004189.14
2013-04-07,6248638.63
2013-04-08,9467751.31
2013-04-09,25731030.15
2013-04-10,18663802.5
2013-04-11,11872199.31
2013-04-12,6683248.95
2013-04-13,5300961.31
2013-04-14,4887006.57
2013-04-15,5303790.84
2013-04-16,12426724.31
2013-04-17,4797322.17
2013-04-18,1694147.73
2013-04-19,2501351.28
2013-04-20,2690542.4
2013-04-21,5103050.2
2013-04-22,3041764.98
2013-04-23,5800989.39
2013-04-24,6547448.71
2013-04-25,4247362.29
2013-04-26,1744105.03
2013-04-27,3316784.26
2013-04-28,1629221.91
2013-04-29,2837454.32
2013-04-30,1927260.62
2013-05-01,4133452.37
2013-05-02,2871788.28
2013-05-03,7920270.78
2013-05-04,1168252.36
2013-05-05,2492894.29
2013-05-06,1485717.7
2013-05-07,2261246.8
2013-05-08,1248261.52
2013-05-09,1960411.29
2013-05-10,2449065.44
2013-05-11,3347667.94
2013-05-12,1107937.68
2013-05-13,1127606.11
2013-05-14,2101126.91
2013-05-15,3578942.84
2013-05-16,1414563.31
2013-05-17,1346926.0
2013-05-18,3448212.44
2013-05-19,817374.94
2013-05-20,1169118.41
2013-05-21,1172792.51
2013-05-22,1326080.51
2013-05-23,1216561.46
2013-05-24,1578255.58
2013-05-25,7775565.44
2013-05-26,456626.83
2013-05-27,1537775.08
2013-05-28,1508846.34
2013-05-29,2684993.3
2013-05-30,2284142.16
2013-05-31,4239515.09
2013-06-01,1289586.72
2013-06-02,1782029.66
2013-06-03,1538084.38
2013-06-04,3097549.19
2013-06-05,5344272.14
2013-06-06,5216632.61
2013-06-07,2935434.14
2013-06-08,1347472.64
2013-06-09,4551851.04
2013-06-10,902231.75
2013-06-11,3400879.79
2013-06-12,843649.89
2013-06-13,1074131.25
2013-06-14,3310857.66
2013-06-15,1365997.27
2013-06-16,1575959.12
2013-06-17,628548.2
2013-06-18,929134.59
2013-06-19,1501265.43
2013-06-20,1053767.82
2013-06-21,830595.68
2013-06-22,981870.09
2013-06-23,1001525.32
2013-06-24,1648465.47
2013-06-25,3099048.83
2013-06-26,1664667.64
2013-06-27,1929010.24
2013-06-28,3123145.48
2013-06-29,3623303.73
2013-06-30,1974004.02
2013-07-01,8264685.49
2013-07-02,3748744.07
2013-07-03,5242385.75
2013-07-04,1971669.18
2013-07-05,3918202.88
2013-07-06,1656126.58
2013-07-07,1349271.67
2013-07-08,1354077.78
2013-07-09,1179525.87
2013-07-10,4460670.21
2013-07-11,1708639.12
2013-07-12,3580561.74
2013-07-13,2842672.01
2013-07-14,781481.03
2013-07-15,1127656.98
2013-07-16,1117618.33
2013-07-17,1103862.36
2013-07-18,1626643.25
2013-07-19,1228259.76
2013-07-20,1541792.68
2013-07-21,1459325.86
2013-07-22,1819960.31
2013-07-23,1501362.96
2013-07-24,1140457.69
2013-07-25,939592.42
2013-07-26,1243449.34
2013-07-27,1237185.02
2013-07-28,1797050.41
2013-07-29,2825640.25
2013-07-30,2952436.35
2013-07-31,2880443.43
2013-08-01,1644859.63
2013-08-02,4785205.03
2013-08-03,14007769.9
2013-08-04,947710.69
2013-08-05,2367930.67
2013-08-06,1239864.31
2013-08-07,1898859.05
2013-08-08,2137876.66
2013-08-09,1304151.1
2013-08-10,1732907.31
2013-08-11,1606927.11
2013-08-12,2282842.59
2013-08-13,13440508.28
2013-08-14,2474763.81
2013-08-15,3584594.99
2013-08-16,2829219.48
2013-08-17,1422917.36
2013-08-18,1884835.04
2013-08-19,1880716.65
2013-08-20,2713650.0
2013-08-21,2322649.23
2013-08-22,1315608.24
2013-08-23,2071010.83
2013-08-24,735884.06
2013-08-25,957112.97
2013-08-26,1575006.0
2013-08-27,1621695.6
2013-08-28,1720233.41
2013-08-29,5522360.0
2013-08-30,2255149.47
2013-08-31,2541942.24
2013-09-01,2029581.48
2013-09-02,1764966.81
2013-09-03,3589832.12
2013-09-04,1640435.57
2013-09-05,1186559.63
2013-09-06,1398256.31
2013-09-07,1576322.37
2013-09-08,639915.25
2013-09-09,5364012.65
2013-09-10,2612315.84
2013-09-11,2362990.9
2013-09-12,3748321.06
2013-09-13,1282595.79
2013-09-14,3294660.01
2013-09-15,1145883.35
2013-09-16,1593245.73
2013-09-17,1323387.49
2013-09-18,3623273.7
2013-09-19,6617052.97
2013-09-20,904823.88
2013-09-21,1980982.93
2013-09-22,2074550.94
2013-09-23,1246987.67
2013-09-24,2081535.59
2013-09-25,2628879.9
2013-09-26,1161908.79
2013-09-27,1164008.63
2013-09-28,918688.28
2013-09-29,1479422.39
2013-09-30,2092522.07
2013-10-01,2072036.49
2013-10-02,5501405.5
2013-10-03,1864449.62
2013-10-04,843218.26
2013-10-05,1823187.27
2013-10-06,1390975.78
2013-10-07,10803875.02
2013-10-08,1156278.53
2013-10-09,4153326.58
2013-10-10,1724501.53
2013-10-11,1394428.35
2013-10-12,997093.5
2013-10-13,1963681.98
2013-10-14,1996440.47
2013-10-15,2219281.83
2013-10-16,7864779.08
2013-10-17,2415542.57
2013-10-18,1575784.7
2013-10-19,3635820.01
2013-10-20,3228770.44
2013-10-21,22657742.34
2013-10-22,10456856.94
2013-10-23,10786744.79
2013-10-24,3653305.89
2013-10-25,31996809.48
2013-10-26,2473975.16
2013-10-27,3052122.78
2013-10-28,1635996.39
2013-10-29,4353183.64
2013-10-30,1650581.65
2013-10-31,3748943.58
2013-11-01,2935873.27
2013-11-02,1723817.8
2013-11-03,2510267.11
2013-11-04,9290200.89
2013-11-05,7281859.63
2013-11-06,4651577.45
2013-11-07,11291697.07
2013-11-08,7877814.16
2013-11-09,6998997.45
2013-11-10,6714200.79
2013-11-11,6777909.35
2013-11-12,7634541.83
2013-11-13,8913801.27
2013-11-14,13844385.81
2013-11-15,8770560.44
2013-11-16,7052775.29
2013-11-17,10455623.57
2013-11-18,12224962.71
2013-11-19,13752123.07
2013-11-20,13592065.29
2013-11-21,5254017.89
2013-11-22,7962549.88
2013-11-23,8708251.47
2013-11-24,5241457.31
2013-11-25,22371509.67
2013-11-26,21065455.34
2013-11-27,12486894.07
2013-11-28,14290896.15
2013-11-29,9888338.88
2013-11-30,4685455.64
2013-12-01,5058629.72
2013-12-02,6279805.62
2013-12-03,4180958.95
2013-12-04,3792012.02
2013-12-05,5068993.85
2013-12-06,4549863.28
2013-12-07,5355750.41
2013-12-08,1873068.22
2013-12-09,1931828.51
2013-12-10,2311290.39
2013-12-11,4326067.65
2013-12-12,1931713.61
2013-12-13,2693477.46
2013-12-14,3341657.63
2013-12-15,3232977.98
2013-12-16,8218735.17
2013-12-17,2991996.35
2013-12-18,8689915.22
2013-12-19,2822208.29
2013-12-20,6968746.96
2013-12-21,75859603.99
2013-12-22,2117412.0
2013-12-23,1739368.82
2013-12-24,3329979.49
2013-12-25,16583487.02
2013-12-26,1342556.43
2013-12-27,5877890.84
2013-12-28,477348.61
2013-12-29,1645278.23
2013-12-30,840558.09
2013-12-31,983517.02
2014-01-01,1196716.78
2014-01-02,2193414.65
2014-01-03,2293332.93
2014-01-04,6875901.81
2014-01-05,4463075.44
2014-01-06,2100690.99
2014-01-07,2453459.85
2014-01-08,3711389.81
2014-01-09,1558846.57
2014-01-10,1179319.14
2014-01-11,8355955.41
2014-01-12,3247973.52
2014-01-13,1587912.78
2014-01-14,4738547.63
2014-01-15,2800625.95
2014-01-16,2578584.38
2014-01-17,1512263.51
2014-01-18,1268735.06
2014-01-19,3270478.47
2014-01-20,1877293.86
2014-01-21,1983023.03
2014-01-22,3117737.46
2014-01-23,1211461.4
2014-01-24,2827242.22
2014-01-25,2114736.22
2014-01-26,972684.5
2014-01-27,2917638.34
2014-01-28,1614831.18
2014-01-29,2476908.54
2014-01-30,2112368.3
2014-01-31,1224372.42
2014-02-01,2619844.93
2014-02-02,1876136.99
2014-02-03,1037331.01
2014-02-04,2405789.17
2014-02-05,46207519.9
2014-02-06,40402024.17
2014-02-07,3184930.4
2014-02-08,1735430.93
2014-02-09,1830853.13
2014-02-10,3328265.17
2014-02-11,2827734.01
2014-02-12,3297007.97
2014-02-13,1682097.76
2014-02-14,2261168.63
2014-02-15,1532944.43
2014-02-16,2294601.78
2014-02-17,1293111.54
2014-02-18,4974096.35
2014-02-19,1426224.74
2014-02-20,3690349.48
2014-02-21,1921361.5
2014-02-22,918428.83
2014-02-23,1960450.78
2014-02-24,3189026.87
2014-02-25,8050926.24
2014-02-26,1575038.44
2014-02-27,1770831.1
2014-02-28,6677807.69
2014-03-01,7239371.05
2014-03-02,2221693.49
2014-03-03,3787359.36
2014-03-04,2127023.53
2014-03-05,3863908.76
2014-03-06,2248907.18
2014-03-07,102852794.69
2014-03-08,2228372.02
2014-03-09,61067838.19
2014-03-10,8914901.37
2014-03-11,3181951.6
2014-03-12,4262355.16
2014-03-13,2153705.49
2014-03-14,1236106.13
2014-03-15,1037275.42
2014-03-16,1235905.31
2014-03-17,1840589.48
2014-03-18,3453417.17
2014-03-19,3820465.74
2014-03-20,3802600.45
2014-03-21,7695127.88
2014-03-22,3015546.52
2014-03-23,1006082.63
2014-03-24,2295685.65
2014-03-25,1969125.17
2014-03-26,1741346.26
2014-03-27,3616608.77
2014-03-28,3705495.87
2014-03-29,1469092.0
2014-03-30,2344680.94
2014-03-31,2177721.1
2014-04-01,1545540.85
2014-04-02,1504002.65
2014-04-03,7953405.25
2014-04-04,841062.13
2014-04-05,6787621.32
2014-04-06,4575555.27
2014-04-07,1182787.7
2014-04-08,809981.17
2014-04-09,5786631.27
2014-04-10,4727584.82
2014-04-11,3021261.52
2014-04-12,619133.61
2014-04-13,916081.18
2014-04-14,1662318.11
2014-04-15,1597211.42
2014-04-16,10764194.02
2014-04-17,3438087.56
2014-04-18,1406550.82
2014-04-19,520186.3
2014-04-20,1691151.98
2014-04-21,1050589.11
2014-04-22,1903772.57
2014-04-23,3290911.41
2014-04-24,1745594.37
2014-04-25,1320370.46
2014-04-26,814777.75
2014-04-27,969152.15
2014-04-28,1577447.04
2014-04-29,2126785.23
2014-04-30,847558.4
2014-05-01,1118633.23
2014-05-02,1102144.98
2014-05-03,590497.3
2014-05-04,633432.67
2014-05-05,1774349.81
2014-05-06,1231225.19
2014-05-07,1616854.52
2014-05-08,1351387.5
2014-05-09,859835.45
2014-05-10,796244.72
2014-05-11,949593.14
2014-05-12,866529.93
2014-05-13,811129.03
2014-05-14,4177580.67
2014-05-15,1321819.21
2014-05-16,892843.51
2014-05-17,630807.97
2014-05-18,1161404.59
2014-05-19,1435147.54
2014-05-20,1896552.01
2014-05-21,1663448.47
2014-05-22,1919875.93
2014-05-23,1558514.03
2014-05-24,6985607.83
2014-05-25,4077630.27
2014-05-26,2035763.7
2014-05-27,17831611.14
2014-05-28,1801529.73
2014-05-29,1302845.57
2014-05-30,3097923.47
2014-05-31,3468376.84
2014-06-01,2594637.18
2014-06-02,2797217.38
2014-06-03,2380901.85
2014-06-04,2246416.87
2014-06-05,1634292.32
2014-06-06,1970771.75
2014-06-07,1048055.77
2014-06-08,1458520.46
2014-06-09,3439218.98
2014-06-10,6532476.67
2014-06-11,7736022.8
2014-06-12,31145624.83
2014-06-13,2345345.83
2014-06-14,958105.44
2014-06-15,674010.95
2014-06-16,2138495.63
2014-06-17,1162824.17
2014-06-18,1525910.75
2014-06-19,1482781.33
2014-06-20,1197720.32
2014-06-21,1064399.36
2014-06-22,1282205.58
2014-06-23,2574194.16
2014-06-24,4814828.89
2014-06-25,1018556.91
2014-06-26,2591775.95
2014-06-27,1251304.03
2014-06-28,622521.0
2014-06-29,6920459.74
2014-06-30,3263241.26
2014-07-01,2675584.88
2014-07-02,3783656.85
2014-07-03,3390945.21
2014-07-04,1130640.13
2014-07-05,1304138.7
2014-07-06,937284.79
2014-07-07,1445910.1
2014-07-08,682712.99
2014-07-09,3939226.39
2014-07-10,1784883.36
2014-07-11,782206.73
2014-07-12,1165743.34
2014-07-13,662027.87
2014-07-14,1073466.11
2014-07-15,1340384.3
2014-07-16,1076833.98
2014-07-17,1837611.44
2014-07-18,1850102.01
2014-07-19,2378330.39
2014-07-20,1412807.83
2014-07-21,3408887.76
2014-07-22,1579452.73
2014-07-23,4559950.99
2014-07-24,2476098.79
2014-07-25,1486073.15
2014-07-26,1152054.65
2014-07-27,1655087.7
2014-07-28,2581948.8
2014-07-29,2287623.21
2014-07-30,1394269.79
2014-07-31,2069299.06
2014-08-01,6326495.58
2014-08-02,1598611.34
2014-08-03,1256341.62
2014-08-04,4396726.72
2014-08-05,15649184.11
2014-08-06,2470217.93
2014-08-07,2393496.15
2014-08-08,1219941.62
2014-08-09,1653331.61
2014-08-10,1287838.25
2014-08-11,1375329.85
2014-08-12,2010246.7
2014-08-13,2822622.41
2014-08-14,2182751.41
2014-08-15,2655100.12
2014-08-16,1641830.41
2014-08-17,1991717.05
2014-08-18,3459767.91
2014-08-19,2035125.37
2014-08-20,1383357.73
2014-08-21,5074138.84
2014-08-22,2802073.26
2014-08-23,4206395.49
2014-08-24,1137536.76
2014-08-25,3599660.3
2014-08-26,2117597.86
2014-08-27,1551984.27
2014-08-28,6963196.88
2014-08-29,6109520.28
2014-08-30,1357862.87
2014-08-31,2038779.48
2014-09-01,3288911.23
2014-09-02,2622597.81
2014-09-03,2114563.44
2014-09-04,3021726.53
2014-09-05,3666345.92
2014-09-06,5703779.06
2014-09-07,1849966.65
2014-09-08,1254836.38
2014-09-09,6453963.56
2014-09-10,2746008.23
2014-09-11,2105485.89
2014-09-12,2465814.03
2014-09-13,952018.13
2014-09-14,1184037.2
2014-09-15,3373191.66
2014-09-16,1451912.24
2014-09-17,2511058.18
2014-09-18,4069126.0
2014-09-19,3304829.21
2014-09-20,8432758.76
2014-09-21,2789784.55
2014-09-22,1207964.27
2014-09-23,2681883.42
2014-09-24,1498038.91
2014-09-25,1583576.52
2014-09-26,3200897.68
2014-09-27,1000937.85
2014-09-28,2177771.02
2014-09-29,4973452.03
2014-09-30,3009723.8
2014-10-01,2379103.79
2014-10-02,2384158.98
2014-10-03,3504584.68
2014-10-04,4149271.51
2014-10-05,16197581.31
2014-10-06,7805992.43
2014-10-07,2947520.56
2014-10-08,2498608.15
2014-10-09,2304808.82
2014-10-10,5429201.19
2014-10-11,848917.91
2014-10-12,2716508.64
2014-10-13,3306354.56
2014-10-14,2579767.32
2014-10-15,5051541.78
2014-10-16,2005701.28
2014-10-17,2952654.41
2014-10-18,843432.1
2014-10-19,1373218.95
2014-10-20,1357127.47
2014-10-21,1015564.51
2014-10-22,3494148.74
2014-10-23,3102587.43
2014-10-24,4095638.21
2014-10-25,1227085.05
2014-10-26,764077.18
2014-10-27,2174639.0
2014-10-28,1761261.26
2014-10-29,2153055.5
2014-10-30,1965829.56
2014-10-31,2553288.17
2014-11-01,2732912.9
2014-11-02,1297402.39
2014-11-03,1749130.56
2014-11-04,2499329.46
2014-11-05,2458621.28
2014-11-06,3297535.57
2014-11-07,8968655.71
2014-11-08,3488748.8
2014-11-09,3699415.58
2014-11-10,2110172.36
2014-11-11,2359231.39
2014-11-12,3685113.59
2014-11-13,4938880.89
2014-11-14,2831614.41
2014-11-15,1218577.71
2014-11-16,1230796.8
2014-11-17,2386341.07
2014-11-18,2031782.52
2014-11-19,3267953.99
2014-11-20,3678396.77
2014-11-21,1833412.9
2014-11-22,806636.16
2014-11-23,816078.3
2014-11-24,1667981.74
2014-11-25,2096336.06
2014-11-26,2746444.83
2014-11-27,1221034.31
2014-11-28,42804480.04
2014-11-29,1931141.34
2014-11-30,1671482.9
2014-12-01,3284182.23
2014-12-02,4213398.39
2014-12-03,2176028.07
2014-12-04,11633983.09
2014-12-05,1655441.07
2014-12-06,1160914.08
2014-12-07,2635290.05
2014-12-08,19076337.04
2014-12-09,15368873.37
2014-12-10,2117540.19
2014-12-11,2439036.86
2014-12-12,1675989.65
2014-12-13,1288796.29
2014-12-14,1204095.59
2014-12-15,1927895.75
2014-12-16,2017188.09
2014-12-17,2063259.35
2014-12-18,3012820.86
2014-12-19,2665661.3
2014-12-20,1936408.63
2014-12-21,2985053.94
2014-12-22,2282269.93
2014-12-23,2262823.27
2014-12-24,17528100.4
2014-12-25,924031.35
2014-12-26,1090206.45
2014-12-27,791752.73
2014-12-28,553372.08
2014-12-29,3099652.45
2014-12-30,18732121.99
2014-12-31,5470995.19
2015-01-01,654763.47
2015-01-02,1404743.7
2015-01-03,3676246.76
2015-01-04,4532155.96
2015-01-05,3635007.49
2015-01-06,12023615.57
2015-01-07,3725673.12
2015-01-08,10139480.78
2015-01-09,2751258.4
2015-01-10,2248935.52
2015-01-11,4292128.86
2015-01-12,2579157.36
2015-01-13,8634593.32
2015-01-14,9241273.57
2015-01-15,7924141.05
2015-01-16,3257946.01
2015-01-17,1341757.56
2015-01-18,2467143.21
2015-01-19,1220987.31
2015-01-20,1794031.02
2015-01-21,11417837.82
2015-01-22,1524954.18
2015-01-23,1410403.9
2015-01-24,2754467.37
2015-01-25,1101960.3
2015-01-26,11216770.57
2015-01-27,1955716.32
2015-01-28,1748387.4
2015-01-29,2161106.48
2015-01-30,1512716.2
2015-01-31,2519392.73
2015-02-01,1214363.19
2015-02-02,2737767.42
2015-02-03,2631344.59
2015-02-04,4526224.0
2015-02-05,1660808.37
2015-02-06,1593563.55
2015-02-07,1286327.35
2015-02-08,951032.56
2015-02-09,3057969.18
2015-02-10,1443241.71
2015-02-11,2253995.61
2015-02-12,1558502.55
2015-02-13,2949281.57
2015-02-14,2154592.69
2015-02-15,2125984.15
2015-02-16,1533137.66
2015-02-17,1496295.57
2015-02-18,1320739.99
2015-02-19,5535484.58
2015-02-20,18843170.44
2015-02-21,927030.91
2015-02-22,1020005.6
2015-02-23,2980363.57
2015-02-24,1859911.79
2015-02-25,5102059.14
2015-02-26,1247739.41
2015-02-27,2486438.56
2015-02-28,4477512.12
2015-03-01,12140643.25
2015-03-02,2234456.69
2015-03-03,11464097.63
2015-03-04,5486776.86
2015-03-05,6844433.38
2015-03-06,5561105.14
2015-03-07,7392719.04
2015-03-08,6414975.22
2015-03-09,7579405.21
2015-03-10,15952381.17
2015-03-11,3590504.31
2015-03-12,2703739.8
2015-03-13,4896691.42
2015-03-14,1222534.11
2015-03-15,2023836.37
2015-03-16,3798214.72
2015-03-17,1992058.41
2015-03-18,4049601.02
2015-03-19,3551648.06
2015-03-20,1632293.63
2015-03-21,2442648.71
2015-03-22,950309.95
2015-03-23,1950693.42
2015-03-24,1822201.97
2015-03-25,2897891.22
2015-03-26,1867297.98
2015-03-27,2533615.12
2015-03-28,1158804.97
2015-03-29,774686.12
2015-03-30,1796636.51
2015-03-31,1445723.5
2015-04-01,5592049.03
2015-04-02,9067260.73
2015-04-03,2076966.74
2015-04-04,1247420.15
2015-04-05,1082097.06
2015-04-06,1340893.84
2015-04-07,1622010.21
2015-04-08,2449283.95
2015-04-09,2964321.12
2015-04-10,7437993.75
2015-04-11,875782.74
2015-04-12,1921232.35
2015-04-13,2930094.13
2015-04-14,2297030.54
2015-04-15,10584398.52
2015-04-16,1490955.48
2015-04-17,1514312.51
2015-04-18,679220.24
2015-04-19,648059.12
2015-04-20,1825290.43
2015-04-21,3029989.27
2015-04-22,1668043.06
2015-04-23,1299142.65
2015-04-24,1722621.08
2015-04-25,2136723.6
2015-04-26,1273525.77
2015-04-27,3410326.19
2015-04-28,1987256.91
2015-04-29,2105319.89
2015-04-30,1334434.18
2015-05-01,1558976.09
2015-05-02,670561.54
2015-05-03,2531220.8
2015-05-04,2393043.16
2015-05-05,2092193.59
2015-05-06,1757792.62
2015-05-07,1321889.06
2015-05-08,1841720.14
2015-05-09,1459035.66
2015-05-10,1088694.13
2015-05-11,4416378.18
2015-05-12,2203429.78
2015-05-13,1531396.29
2015-05-14,2318422.73
2015-05-15,1665362.28
2015-05-16,1026921.84
2015-05-17,893067.86
2015-05-18,1742203.44
2015-05-19,2984261.5
2015-05-20,1704420.36
2015-05-21,1171917.69
2015-05-22,3697410.94
2015-05-23,1360672.36
2015-05-24,913144.57
2015-05-25,2343792.12
2015-05-26,1740786.35
2015-05-27,2525204.6
2015-05-28,3450350.82
2015-05-29,2395721.95
2015-05-30,9058709.29
2015-05-31,2352786.04
2015-06-01,4270787.96
2015-06-02,2477069.86
2015-06-03,2315292.79
2015-06-04,2228338.64
2015-06-05,1443428.8
2015-06-06,791769.73
2015-06-07,2456222.82
2015-06-08,1698547.17
2015-06-09,1536483.11
2015-06-10,3469108.46
2015-06-11,2526466.85
2015-06-12,5637762.14
2015-06-13,2532494.72
2015-06-14,2153518.38
2015-06-15,2300178.69
2015-06-16,5045942.69
2015-06-17,5396543.44
2015-06-18,1822700.83
2015-06-19,8223781.37
2015-06-20,7446683.03
2015-06-21,3773315.67
2015-06-22,1936683.03
2015-06-23,2748021.09
2015-06-24,2732575.52
2015-06-25,2100700.51
2015-06-26,1910773.4
2015-06-27,2056781.4
2015-06-28,1200280.84
2015-06-29,2740756.83
2015-06-30,3568016.24
2015-07-01,2291044.23
2015-07-02,3296953.39
2015-07-03,5096956.84
2015-07-04,913881.42
2015-07-05,3562661.11
2015-07-06,6247611.38
2015-07-07,5967962.38
2015-07-08,8886747.78
2015-07-09,4919810.92
2015-07-10,4838514.68
2015-07-11,3947438.26
2015-07-12,5855403.28
2015-07-13,2346992.29
2015-07-14,1969875.9
2015-07-15,2150250.94
2015-07-16,2373691.32
2015-07-17,5594864.39
2015-07-18,1226918.84
2015-07-19,1290228.45
2015-07-20,4824171.25
2015-07-21,2454386.04
2015-07-22,1503564.08
2015-07-23,2113484.71
2015-07-24,1840649.64
2015-07-25,3245030.05
2015-07-26,1887074.68
2015-07-27,2352228.77
2015-07-28,2440112.82
2015-07-29,2384063.4
2015-07-30,2440124.44
2015-07-31,3133520.61
2015-08-01,1152476.76
2015-08-02,1433486.09
2015-08-03,1845628.74
2015-08-04,3081142.96
2015-08-05,2061269.31
2015-08-06,1964250.91
2015-08-07,1617551.26
2015-08-08,3078251.19
2015-08-09,31692577.24
2015-08-10,1721178.37
2015-08-11,2692887.1
2015-08-12,2307388.73
2015-08-13,2759520.51
2015-08-14,5597840.63
2015-08-15,2386493.95
2015-08-16,3420221.61
2015-08-17,3292400.32
2015-08-18,2745814.04
2015-08-19,5461335.12
2015-08-20,4982228.43
2015-08-21,2767925.09
2015-08-22,3543699.14
2015-08-23,6984111.45
2015-08-24,15180413.59
2015-08-25,19189185.56
2015-08-26,5827622.65
2015-08-27,4867674.08
2015-08-28,2343140.12
2015-08-29,2604256.19
2015-08-30,3411435.16
2015-08-31,2494700.5
2015-09-01,3081783.25
2015-09-02,3924627.09
2015-09-03,4868857.08
2015-09-04,1800172.34
2015-09-05,1616346.19
2015-09-06,2637698.56
2015-09-07,1375341.46
2015-09-08,2593803.83
2015-09-09,5156185.04
2015-09-10,9653646.29
2015-09-11,1514811.25
2015-09-12,960858.82
2015-09-13,1105878.46
2015-09-14,1397669.7
2015-09-15,2155410.17
2015-09-16,2241706.89
2015-09-17,1730712.48
2015-09-18,1476974.79
2015-09-19,1639356.88
2015-09-20,1597867.47
2015-09-21,8105984.4
2015-09-22,2762278.26
2015-09-23,5612751.13
2015-09-24,1520471.97
2015-09-25,2096374.06
2015-09-26,1690605.39
2015-09-27,955107.54
2015-09-28,3959059.54
2015-09-29,1601102.69
2015-09-30,3180669.32
2015-10-01,3461429.15
2015-10-02,1660708.5
2015-10-03,2193024.08
2015-10-04,1450672.14
2015-10-05,2474563.93
2015-10-06,2427306.82
2015-10-07,9503979.15
2015-10-08,3429183.92
2015-10-09,1642898.47
2015-10-10,2476285.66
2015-10-11,1562874.38
2015-10-12,7681418.26
2015-10-13,3462835.73
2015-10-14,7178685.27
2015-10-15,3478254.46
2015-10-16,2727975.75
2015-10-17,2944031.55
2015-10-18,1674291.31
2015-10-19,3510150.23
2015-10-20,4160960.35
2015-10-21,3572834.58
2015-10-22,4025787.62
2015-10-23,2439828.62
2015-10-24,1335409.91
2015-10-25,3148927.97
2015-10-26,2672638.78
2015-10-27,3872310.06
2015-10-28,6943269.91
2015-10-29,5755543.96
2015-10-30,9951780.7
2015-10-31,10449954.97
2015-11-01,10003541.61
2015-11-02,4013736.69
2015-11-03,16730374.21
2015-11-04,17357353.97
2015-11-05,18562278.5
2015-11-06,3635415.29
2015-11-07,5008668.36
2015-11-08,3948595.53
2015-11-09,13641408.26
2015-11-10,8898298.56
2015-11-11,6652055.67
2015-11-12,3280690.85
2015-11-13,11481847.7
2015-11-14,3789827.12
2015-11-15,2412179.26
2015-11-16,2691299.33
2015-11-17,6677394.28
2015-11-18,1924291.2
2015-11-19,3899697.89
2015-11-20,2775867.7
2015-11-21,2162784.21
2015-11-22,4460108.76
2015-11-23,1843345.83
2015-11-24,2645889.14
2015-11-25,2026553.17
2015-11-26,3085849.09
2015-11-27,24081480.72
2015-11-28,2021811.43
2015-11-29,1441644.28
2015-11-30,3767743.87
2015-12-01,3182084.45
2015-12-02,5823594.28
2015-12-03,3560920.61
2015-12-04,4081918.62
2015-12-05,4887228.62
2015-12-06,7710552.9
2015-12-07,3750588.59
2015-12-08,2542983.17
2015-12-09,13285014.35
2015-12-10,3487238.53
2015-12-11,6498254.62
2015-12-12,3956635.46
2015-12-13,4146464.61
2015-12-14,16353467.98
2015-12-15,3964645.12
2015-12-16,2908053.59
2015-12-17,2811976.0
2015-12-18,2595797.69
2015-12-19,7221078.48
2015-12-20,2213982.06
2015-12-21,4266464.51
2015-12-22,3818348.43
2015-12-23,4153300.98
2015-12-24,4901327.13
2015-12-25,1229562.25
2015-12-26,2699607.12
2015-12-27,2023779.89
2015-12-28,2509597.11
2015-12-29,1795407.13
2015-12-30,2075794.75
2015-12-31,2691072.91
2016-01-01,1276463.41
2016-01-02,1320272.07
2016-01-03,2711852.01
2016-01-04,2373021.98
2016-01-05,3443185.93
2016-01-06,3166657.47
2016-01-07,31162639.09
2016-01-08,9158521.01
2016-01-09,1549651.03
2016-01-10,7419101.63
2016-01-11,4566164.42
2016-01-12,2826197.65
2016-01-13,8284931.8
2016-01-14,1633714.94
2016-01-15,11697703.9
2016-01-16,5608577.35
2016-01-17,2436896.05
2016-01-18,3175611.04
2016-01-19,5491589.17
2016-01-20,4005213.27
2016-01-21,5140967.01
2016-01-22,29332944.54
2016-01-23,17874411.57
2016-01-24,4213036.99
2016-01-25,9960788.79
2016-01-26,7482261.99
2016-01-27,4340557.35
2016-01-28,6814353.86
2016-01-29,4385111.98
2016-01-30,6981637.86
2016-01-31,3490850.09
2016-02-01,7637038.52
2016-02-02,3003987.97
2016-02-03,2656821.98
2016-02-04,5346326.43
2016-02-05,4334459.0
2016-02-06,3659547.04
2016-02-07,3173209.38
2016-02-08,2382717.96
2016-02-09,4394926.09
2016-02-10,5174981.14
2016-02-11,7525938.55
2016-02-12,4005992.91
2016-02-13,3423411.12
2016-02-14,3048812.32
2016-02-15,9821182.13
2016-02-16,7694118.87
2016-02-17,6330922.55
2016-02-18,2598133.44
2016-02-19,6347149.63
2016-02-20,4031050.0
2016-02-21,3240450.53
2016-02-22,4395246.03
2016-02-23,3619859.84
2016-02-24,4469987.09
2016-02-25,4081761.98
2016-02-26,4045691.93
2016-02-27,3214346.97
2016-02-28,8109539.05
2016-02-29,8321477.16
2016-03-01,25302387.54
2016-03-02,7589091.17
2016-03-03,11084074.04
2016-03-04,7094475.62
2016-03-05,20839110.23
2016-03-06,6488006.87
2016-03-07,9678310.12
2016-03-08,7421939.42
2016-03-09,5643552.23
2016-03-10,9620108.33
2016-03-11,4880646.97
2016-03-12,4417761.64
2016-03-13,6245489.58
2016-03-14,4015159.86
2016-03-15,6979755.42
2016-03-16,6892022.48
2016-03-17,5480850.14
2016-03-18,5215942.64
2016-03-19,3665949.4
2016-03-20,2516462.06
2016-03-21,9679044.21
2016-03-22,6780322.29
2016-03-23,2493578.25
2016-03-24,3978320.51
2016-03-25,6743274.65
2016-03-26,5125973.8
2016-03-27,2848415.06
2016-03-28,5348727.09
2016-03-29,4104810.72
2016-03-30,5109482.74
2016-03-31,6851950.32
2016-04-01,8529547.29
2016-04-02,3264772.56
2016-04-03,4059699.4
2016-04-04,3275689.61
2016-04-05,4340683.52
2016-04-06,6484586.01
2016-04-07,16400611.11
2016-04-08,3416604.44
2016-04-09,1674894.83
2016-04-10,9223017.53
2016-04-11,4431229.62
2016-04-12,5829817.1
2016-04-13,2927905.83
2016-04-14,2787439.94
2016-04-15,3449966.1
2016-04-16,3672517.38
2016-04-17,2121869.03
2016-04-18,2880852.62
2016-04-19,2923959.76
2016-04-20,4645377.83
2016-04-21,3098316.2
2016-04-22,4980091.49
2016-04-23,2772770.77
2016-04-24,4098236.65
2016-04-25,9432544.22
2016-04-26,4759415.27
2016-04-27,4135133.53
2016-04-28,6153609.08
2016-04-29,4311287.35
2016-04-30,2260334.21
2016-05-01,5180189.2
2016-05-02,2487342.5
2016-05-03,1998819.86
2016-05-04,4335850.39
2016-05-05,2348548.03
2016-05-06,4166245.41
2016-05-07,6739857.43
2016-05-08,2436652.17
2016-05-09,4065222.87
2016-05-10,6046845.3
2016-05-11,4782421.23
2016-05-12,4026496.14
2016-05-13,3228865.6
2016-05-14,6524028.92
2016-05-15,1734353.83
2016-05-16,5648402.99
2016-05-17,12551196.53
2016-05-18,6196006.03
2016-05-19,8471152.08
2016-05-20,8885996.62
2016-05-21,3076280.85
2016-05-22,3526361.32
2016-05-23,4458485.6
2016-05-24,3369998.22
2016-05-25,6074203.86
2016-05-26,4466768.68
2016-05-27,25725879.75
2016-05-28,6735301.52
2016-05-29,9246423.49
2016-05-30,6111108.28
2016-05-31,6137726.94
2016-06-01,6947448.55
2016-06-02,13609577.23
2016-06-03,3476168.61
2016-06-04,3052492.88
2016-06-05,4249113.09
2016-06-06,8089042.86
2016-06-07,8440472.2
2016-06-08,3836326.03
2016-06-09,4350242.03
2016-06-10,5207945.64
2016-06-11,4657142.54
2016-06-12,19269710.31
2016-06-13,11851008.45
2016-06-14,12242946.32
2016-06-15,13171239.61
2016-06-16,14276161.46
2016-06-17,6947299.86
2016-06-18,4907082.87
2016-06-19,3860696.46
2016-06-20,8797956.43
2016-06-21,9768140.26
2016-06-22,5736795.82
2016-06-23,3891422.04
2016-06-24,4318376.17
2016-06-25,12594310.96
2016-06-26,2599322.12
2016-06-27,4644764.62
2016-06-28,2657650.92
2016-06-29,2483441.84
2016-06-30,5915561.42
2016-07-01,4994213.7
2016-07-02,3839924.65
2016-07-03,2189310.48
2016-07-04,4860239.81
2016-07-05,6277334.52
2016-07-06,3799408.73
2016-07-07,6697076.99
2016-07-08,6789945.5
2016-07-09,7310517.28
2016-07-10,9184162.06
2016-07-11,10338038.68
2016-07-12,4715733.12
2016-07-13,2592779.45
2016-07-14,2438936.56
2016-07-15,2351869.55
2016-07-16,1582448.21
2016-07-17,4238663.24
2016-07-18,2531633.71
2016-07-19,7403980.14
2016-07-20,3168725.3
2016-07-21,2553862.77
2016-07-22,3511049.3
2016-07-23,2147688.9
2016-07-24,5000625.66
2016-07-25,4103642.75
2016-07-26,2656510.63
2016-07-27,4114682.32
2016-07-28,3906603.4
2016-07-29,4091777.36
2016-07-30,3847708.28
2016-07-31,3102698.88
2016-08-01,3093300.59
2016-08-02,10181441.3
2016-08-03,5450039.52
2016-08-04,4615106.62
2016-08-05,2918462.24
2016-08-06,2843613.45
2016-08-07,5331458.02
2016-08-08,2846950.28
2016-08-09,2401768.91
2016-08-10,3072400.58
2016-08-11,2069821.36
2016-08-12,2092015.56
2016-08-13,1944784.48
2016-08-14,3041112.27
2016-08-15,1734440.84
2016-08-16,5634261.73
2016-08-17,3097808.45
2016-08-18,3329549.89
2016-08-19,5894906.52
2016-08-20,17571724.14
2016-08-21,2093527.91
2016-08-22,2545167.28
2016-08-23,3005151.0
2016-08-24,3307790.94
2016-08-25,5602777.45
2016-08-26,3892292.83
2016-08-27,1411267.55
2016-08-28,2097531.81
2016-08-29,4684548.99
2016-08-30,11164588.7
2016-08-31,9916107.77
2016-09-01,3498603.54
2016-09-02,2346395.63
2016-09-03,2716442.66
2016-09-04,3565960.69
2016-09-05,2473661.49
2016-09-06,3608141.78
2016-09-07,2718679.47
2016-09-08,4839741.38
2016-09-09,3587633.0
2016-09-10,2898977.17
2016-09-11,4360516.95
2016-09-12,2840005.26
2016-09-13,11522129.74
2016-09-14,3890962.69
2016-09-15,2964474.89
2016-09-16,4788709.9
2016-09-17,2584033.25
2016-09-18,2607180.47
2016-09-19,3004465.95
2016-09-20,9468582.24
2016-09-21,3409740.43
2016-09-22,2471431.87
2016-09-23,2598907.74
2016-09-24,9759495.18
2016-09-25,8011197.1
2016-09-26,3335785.59
2016-09-27,4854585.29
2016-09-28,3073369.88
2016-09-29,2769571.94
2016-09-30,2508002.68
2016-10-01,1790660.94
2016-10-02,1575536.12
2016-10-03,5753238.07
2016-10-04,9845551.78
2016-10-05,3516556.76
2016-10-06,3264367.59
2016-10-07,2791275.4
2016-10-08,2327884.48
2016-10-09,1879449.3
2016-10-10,3399728.24
2016-10-11,6516530.43
2016-10-12,8832698.33
2016-10-13,4432488.57
2016-10-14,3249523.74
2016-10-15,2309925.43
2016-10-16,2555745.79
2016-10-17,13471395.11
2016-10-18,9315044.09
2016-10-19,4266008.31
2016-10-20,4480242.53
2016-10-21,10321608.34
2016-10-22,3548212.69
2016-10-23,3053667.32
2016-10-24,5214388.64
2016-10-25,4949635.47
2016-10-26,7802730.65
2016-10-27,6566570.97
2016-10-28,3168526.31
2016-10-29,4880041.77
2016-10-30,2740150.41
2016-10-31,5003460.59
2016-11-01,4650195.78
2016-11-02,3852838.62
2016-11-03,4981751.34
2016-11-04,4279906.59
2016-11-05,2383780.51
2016-11-06,2669897.83
2016-11-07,3513336.8
2016-11-08,9544951.66
2016-11-09,5772681.59
2016-11-10,7823669.86
2016-11-11,6245233.09
2016-11-12,2546441.15
2016-11-13,2289851.14
2016-11-14,6923887.3
2016-11-15,5380120.47
2016-11-16,10441624.35
2016-11-17,14667863.29
2016-11-18,5140719.14
2016-11-19,3501058.28
2016-11-20,3094406.54
2016-11-21,5695867.73
2016-11-22,13924579.73
2016-11-23,5052964.74
2016-11-24,27802952.93
2016-11-25,3756078.56
2016-11-26,5926679.01
2016-11-27,3667722.96
2016-11-28,5643555.38
2016-11-29,4796015.82
2016-11-30,5767320.79
2016-12-01,6691132.19
2016-12-02,8271142.95
2016-12-03,6315720.13
2016-12-04,2217414.6
2016-12-05,7014880.18
2016-12-06,3606501.2
2016-12-07,4814926.71
2016-12-08,8708022.58
2016-12-09,3469425.49
2016-12-10,6847473.6
2016-12-11,3336043.02
2016-12-12,4290575.49
2016-12-13,8613746.49
2016-12-14,5700666.94
2016-12-15,5944103.74
2016-12-16,7283231.92
2016-12-17,5593556.86
2016-12-18,8927149.63
2016-12-19,3724312.12
2016-12-20,7817210.21
2016-12-21,22695693.28
2016-12-22,17740890.57
2016-12-23,14022485.96
2016-12-24,7660428.38
2016-12-25,5660516.7
2016-12-26,4814881.36
2016-12-27,7867830.03
2016-12-28,18185704.18
2016-12-29,15448427.74
2016-12-30,9272304.31
2016-12-31,3702115.58
2017-01-01,5731376.17
2017-01-02,11818491.87
2017-01-03,8316041.92
2017-01-04,15392975.87
2017-01-05,26599214.78
2017-01-06,20535583.96
2017-01-07,6365499.11
2017-01-08,5837609.61
2017-01-09,6993135.8
2017-01-10,5887649.0
2017-01-11,10719745.0
2017-01-12,6273635.48
2017-01-13,7076629.01
2017-01-14,2333742.77
2017-01-15,4167295.56
2017-01-16,4184842.91
2017-01-17,6080731.82
2017-01-18,4128522.51
2017-01-19,2881811.82
2017-01-20,3256390.68
2017-01-21,3815698.15
2017-01-22,4784609.8
2017-01-23,4217261.03
2017-01-24,7674203.85
2017-01-25,7253836.88
2017-01-26,4877165.6
2017-01-27,4480548.36
2017-01-28,2315939.97
2017-01-29,23926800.23
2017-01-30,2889894.09
2017-01-31,5597104.31
2017-02-01,4012314.2
2017-02-02,5561137.42
2017-02-03,14534948.2
2017-02-04,4172679.14
2017-02-05,5374153.41
2017-02-06,9151063.8
2017-02-07,6663319.47
2017-02-08,4278185.3
2017-02-09,8708950.09
2017-02-10,9405671.0
2017-02-11,2059851.28
2017-02-12,4055375.86
2017-02-13,8387703.66
2017-02-14,5024306.34
2017-02-15,2562203.52
2017-02-16,3461389.91
2017-02-17,9328336.46
2017-02-18,4379082.92
2017-02-19,5089877.96
2017-02-20,3722244.44
2017-02-21,14300456.04
2017-02-22,10647365.89
2017-02-23,7326768.48
2017-02-24,29660319.92
2017-02-25,5339736.7
2017-02-26,2818944.05
2017-02-27,5442513.01
2017-02-28,4538443.69
2017-03-01,6364550.43
2017-03-02,8565250.32
2017-03-03,22118920.03
2017-03-04,4834926.16
2017-03-05,4763401.44
2017-03-06,8468133.53
2017-03-07,9013911.61
2017-03-08,9891517.32
2017-03-09,8404335.63
2017-03-10,12404955.17
2017-03-11,5874527.76
2017-03-12,3564063.22
2017-03-13,7851260.64
2017-03-14,5430255.09
2017-03-15,8860999.22
2017-03-16,13920907.24
2017-03-17,16902201.94
2017-03-18,23952770.33
2017-03-19,14035380.54
2017-03-20,9054154.44
2017-03-21,12057310.49
2017-03-22,16834289.29
2017-03-23,5509682.26
2017-03-24,71867466.54
2017-03-25,23913206.68
2017-03-26,17324038.69
2017-03-27,9696598.96
2017-03-28,10016065.79
2017-03-29,7318005.54
2017-03-30,7751794.32
2017-03-31,10946813.82
2017-04-01,8418360.15
2017-04-02,8093877.81
2017-04-03,7349039.73
2017-04-04,4389244.7
2017-04-05,7665468.52
2017-04-06,5801333.71
2017-04-07,15835283.56
2017-04-08,5222508.2
2017-04-09,3836377.8
2017-04-10,6313081.03
2017-04-11,4942399.52
2017-04-12,12177840.82
2017-04-13,3456761.2
2017-04-14,12410365.43
2017-04-15,3570380.23
2017-04-16,2375612.84
2017-04-17,8304964.34
2017-04-18,6916159.73
2017-04-19,6030241.11
2017-04-20,4606900.24
2017-04-21,4047501.32
2017-04-22,2719091.74
2017-04-23,3799776.17
2017-04-24,8350481.0
2017-04-25,5832019.4
2017-04-26,5827396.07
2017-04-27,5502659.87
2017-04-28,15499843.65
2017-04-29,6399440.14
2017-04-30,4211498.62
2017-05-01,24789792.38
2017-05-02,15071030.29
2017-05-03,9659714.58
2017-05-04,14043113.27
2017-05-05,22400529.34
2017-05-06,5648680.46
2017-05-07,6240886.28
2017-05-08,13271880.42
2017-05-09,17912035.78
2017-05-10,7936533.81
2017-05-11,28597982.14
2017-05-12,11824853.03
2017-05-13,11844397.69
2017-05-14,3451923.43
2017-05-15,9585301.13
2017-05-16,8039716.42
2017-05-17,16706799.8
2017-05-18,6462069.54
2017-05-19,14739827.21
2017-05-20,9780289.56
2017-05-21,8715312.07
2017-05-22,22183627.4
2017-05-23,19565268.15
2017-05-24,29091403.14
2017-05-25,44764231.25
2017-05-26,20675122.28
2017-05-27,11215537.13
2017-05-28,8161286.14
2017-05-29,7763264.31
2017-05-30,11626165.07
2017-05-31,24063192.87
2017-06-01,11656321.38
2017-06-02,6951723.88
2017-06-03,6163684.05
2017-06-04,8381792.31
2017-06-05,9348784.72
2017-06-06,11090024.04
2017-06-07,7802514.27
2017-06-08,9330686.92
2017-06-09,13019640.8
2017-06-10,28570216.59
2017-06-11,8762139.48
2017-06-12,54314498.56
2017-06-13,60415746.43
2017-06-14,15153703.67
2017-06-15,13609379.76
2017-06-16,21425007.7
2017-06-17,5050282.32
2017-06-18,17449818.51
2017-06-19,11853279.57
2017-06-20,12031637.72
2017-06-21,8054496.75
2017-06-22,11349488.15
2017-06-23,5769092.79
2017-06-24,7591275.76
2017-06-25,5070967.61
2017-06-26,6803854.47
2017-06-27,7818829.02
2017-06-28,10003143.15
2017-06-29,9196187.63
2017-06-30,13886016.12
2017-07-01,6142127.15
2017-07-02,8093004.68
2017-07-03,13270503.52
2017-07-04,8405060.29
2017-07-05,16044862.48
2017-07-06,7014986.55
2017-07-07,10348706.96
2017-07-08,6480914.71
2017-07-09,7454584.72
2017-07-10,5654757.13
2017-07-11,9326656.09
2017-07-12,6050709.84
2017-07-13,8453065.29
2017-07-14,9419892.37
2017-07-15,6914172.0
2017-07-16,6050857.19
2017-07-17,23290756.55
2017-07-18,7831089.43
2017-07-19,7837178.82
2017-07-20,9114308.22
2017-07-21,8376082.75
2017-07-22,5778861.92
2017-07-23,4585046.92
2017-07-24,10822860.95
2017-07-25,70956298.75
2017-07-26,9601485.24
2017-07-27,18898627.09
2017-07-28,49330878.39
2017-07-29,93502856.64
2017-07-30,44251066.11
2017-07-31,158436467.55
2017-08-01,27425497.24
2017-08-02,31853715.49
2017-08-03,45770820.56
2017-08-04,78670000.02
2017-08-05,45957038.52
2017-08-06,50353002.9
2017-08-07,25086846.95
2017-08-08,30998058.1
2017-08-09,22811901.58
2017-08-10,12642254.09
2017-08-11,12089663.98
2017-08-12,18552804.31
2017-08-13,17521973.23
2017-08-14,13911613.48
2017-08-15,12879142.23
2017-08-16,10184379.59
2017-08-17,14933894.59
2017-08-18,21245589.39
2017-08-19,24002600.59
2017-08-20,22241892.72
2017-08-21,10890868.24
2017-08-22,21062934.91
2017-08-23,24175740.04
2017-08-24,10711291.32
2017-08-25,11168779.98
2017-08-26,7723217.66
2017-08-27,13419787.82
2017-08-28,10044021.97
2017-08-29,22468200.1
2017-08-30,16953517.1
2017-08-31,16112004.01
2017-09-01,13685698.89
2017-09-02,10023095.68
2017-09-03,11722657.07
2017-09-04,15531611.96
2017-09-05,9581855.63
2017-09-06,9443994.37
2017-09-07,11117043.69
2017-09-08,5453639.39
2017-09-09,5828660.29
2017-09-10,9873211.34
2017-09-11,8991074.35
2017-09-12,6003675.72
2017-09-13,9754374.05
2017-09-14,11811882.71
2017-09-15,19748163.15
2017-09-16,9165885.59
2017-09-17,6005630.89
2017-09-18,5626089.45
2017-09-19,7721968.69
2017-09-20,7291799.87
2017-09-21,9098175.41
2017-09-22,15355521.04
2017-09-23,4204313.07
2017-09-24,2996408.54
2017-09-25,71553637.33
2017-09-26,17414797.92
2017-09-27,6139637.64
2017-09-28,12566190.0
2017-09-29,6401364.97
2017-09-30,12455177.92
2017-10-01,7372462.48
2017-10-02,14595213.3
2017-10-03,8691688.4
2017-10-04,6551024.05
2017-10-05,36797152.84
2017-10-06,9378353.5
2017-10-07,8146206.55
2017-10-08,16932599.64
2017-10-09,22286308.03
2017-10-10,11592165.19
2017-10-11,6364079.58
2017-10-12,10403978.01
2017-10-13,20301027.22
2017-10-14,8097082.03
2017-10-15,18586827.66
2017-10-16,28147239.22
2017-10-17,14142851.72
2017-10-18,7054376.74
2017-10-19,30632872.95
2017-10-20,7878629.45
2017-10-21,6250071.79
2017-10-22,19978536.15
2017-10-23,21628153.73
2017-10-24,17544188.78
2017-10-25,18548839.64
2017-10-26,7093826.61
2017-10-27,6595970.66
2017-10-28,4373128.87
2017-10-29,8035493.71
2017-10-30,10487132.31
2017-10-31,10061870.2
2017-11-01,28987150.32
2017-11-02,15121852.85
2017-11-03,15039395.2
2017-11-04,7776634.4
2017-11-05,30525133.11
2017-11-06,7244013.49
2017-11-07,14164897.96
2017-11-08,13528671.5
2017-11-09,12614608.03
2017-11-10,19463203.1
2017-11-11,32171252.95
2017-11-12,149113126.6
2017-11-13,26814341.78
2017-11-14,15963579.56
2017-11-15,15413745.84
2017-11-16,29466670.97
2017-11-17,20786341.57
2017-11-18,11601788.09
2017-11-19,9458498.1
2017-11-20,23955560.24
2017-11-21,15239579.39
2017-11-22,7794227.83
2017-11-23,9782221.49
2017-11-24,20944284.35
2017-11-25,14484838.11
2017-11-26,20240745.52
2017-11-27,15320477.36
2017-11-28,19507476.08
2017-11-29,17675113.04
2017-11-30,12935487.73
2017-12-01,14258136.42
2017-12-02,12061105.02
2017-12-03,10002579.68
2017-12-04,12393445.78
2017-12-05,12609586.05
2017-12-06,17751794.89
2017-12-07,58147587.81
2017-12-08,28478464.42
2017-12-09,12207249.48
2017-12-10,15705837.82
2017-12-11,12924897.97
2017-12-12,33834608.71
2017-12-13,20161505.52
2017-12-14,13552423.21
2017-12-15,15785655.53
2017-12-16,8843398.77
2017-12-17,33789827.77
2017-12-18,12394733.8
2017-12-19,11335727.88
2017-12-20,37995764.42
2017-12-21,11199850.93
2017-12-22,22227922.16
2017-12-23,12701288.62
2017-12-24,10349903.02
2017-12-25,8594043.93
2017-12-26,12901623.34
2017-12-27,14709414.53
2017-12-28,8308422.97
2017-12-29,12647003.83
2017-12-30,21998440.32
2017-12-31,20389620.05
2018-01-01,8383703.84
2018-01-02,19323048.29
2018-01-03,9562113.29
2018-01-04,11564456.61
2018-01-05,19895346.11
2018-01-06,12037172.45
2018-01-07,72079344.3
2018-01-08,6806854.14
2018-01-09,9822853.24
2018-01-10,8815744.7
2018-01-11,13711370.55
2018-01-12,16522525.68
2018-01-13,7278313.88
2018-01-14,8327277.44
2018-01-15,5991337.59
2018-01-16,13803441.59
2018-01-17,21897692.08
2018-01-18,10318501.46
2018-01-19,9005723.57
2018-01-20,7316471.11
2018-01-21,5934629.62
2018-01-22,13166275.83
2018-01-23,8643279.73
2018-01-24,6281842.94
2018-01-25,7606674.9
2018-01-26,13185957.5
2018-01-27,3949824.01
2018-01-28,14338362.29
2018-01-29,6213602.34
2018-01-30,7068788.22
2018-01-31,12024417.95
2018-02-01,18557432.9
2018-02-02,12750515.98
2018-02-03,6732850.85
2018-02-04,76252990.49
2018-02-05,31661973.08
2018-02-06,27497208.21
2018-02-07,7075677.56
2018-02-08,23904937.23
2018-02-09,7279395.98
2018-02-10,4614500.45
2018-02-11,7325294.43
2018-02-12,6789561.25
2018-02-13,3750577.76
2018-02-14,5969339.07
2018-02-15,8577765.76
2018-02-16,6210828.25
2018-02-17,2693468.27
2018-02-18,5439517.94
2018-02-19,3603846.44
2018-02-20,8416955.07
2018-02-21,5271027.7
2018-02-22,61104719.07
2018-02-23,5804274.53
2018-02-24,4788059.32
2018-02-25,3698700.76
2018-02-26,3376960.06
2018-02-27,4818100.57
2018-02-28,13859885.03
2018-03-01,6828905.9
2018-03-02,4160900.27
2018-03-03,4171901.01
2018-03-04,3829089.56
2018-03-05,7008722.85
2018-03-06,4568943.87
2018-03-07,4476078.47
2018-03-08,3025535.43
2018-03-09,8282746.71
2018-03-10,3921607.81
2018-03-11,6019961.76
2018-03-12,3842662.62
2018-03-13,5131232.5
2018-03-14,3935739.96
2018-03-15,5365897.41
2018-03-16,6223724.73
2018-03-17,4140572.72
2018-03-18,4574001.49
2018-03-19,4246194.04
2018-03-20,2924942.59
2018-03-21,4455076.27
2018-03-22,4333493.98
2018-03-23,2582956.36
2018-03-24,3914401.01
2018-03-25,4035764.6
2018-03-26,4559750.11
2018-03-27,3131916.32
2018-03-28,3510673.88
2018-03-29,6885512.52
2018-03-30,5163395.79
2018-03-31,2955115.6
2018-04-01,4353517.69
2018-04-02,2815912.18
2018-04-03,4652113.17
2018-04-04,3019358.41
2018-04-05,4303327.32
2018-04-06,3084627.75
2018-04-07,4065522.47
2018-04-08,4750334.92
2018-04-09,3244457.57
2018-04-10,4376594.66
2018-04-11,10389713.82
2018-04-12,8238033.26
2018-04-13,7489034.3
2018-04-14,3600791.61
2018-04-15,3445667.74
2018-04-16,3787963.8
2018-04-17,5619086.46
2018-04-18,8157493.59
2018-04-19,42063115.57
2018-04-20,11899132.55
2018-04-21,9207484.78
2018-04-22,4990034.8
2018-04-23,8614731.08
2018-04-24,7455469.93
2018-04-25,7607528.58
2018-04-26,22732753.08
2018-04-27,3529829.26
2018-04-28,2020949.54
2018-04-29,3612803.5
2018-04-30,5622843.02
2018-05-01,2449712.57
2018-05-02,15190533.59
2018-05-03,4235472.8
2018-05-04,5440931.71
2018-05-05,3750338.01
2018-05-06,3810342.04
2018-05-07,3158693.64
2018-05-08,3139721.79
2018-05-09,5221936.46
2018-05-10,12510685.89
2018-05-11,5230039.22
2018-05-12,2606143.6
2018-05-13,2734184.65
2018-05-14,33058558.53
2018-05-15,4911882.67
2018-05-16,4969838.21
2018-05-17,39988411.79
2018-05-18,3742486.78
2018-05-19,3218000.53
2018-05-20,3618627.55
2018-05-21,3646277.46
2018-05-22,3495552.11
2018-05-23,6710107.09
2018-05-24,9070552.82
2018-05-25,2849452.32
2018-05-26,1383764.33
2018-05-27,2028409.86
2018-05-28,3810053.08
2018-05-29,2999294.4
2018-05-30,4989374.54
2018-05-31,2667505.96
2018-06-01,3459440.4
2018-06-02,1734292.38
2018-06-03,2735528.95
2018-06-04,4522095.03
2018-06-05,3427532.91
2018-06-06,4900476.48
2018-06-07,2870253.95
2018-06-08,3722586.96
2018-06-09,2400563.89
2018-06-10,3907361.75
2018-06-11,4172554.81
2018-06-12,2962423.12
2018-06-13,7750109.12
2018-06-14,2965177.17
2018-06-15,2770304.36
2018-06-16,1151337.34
2018-06-17,2509740.43
2018-06-18,3273936.66
2018-06-19,2247390.46
2018-06-20,3089406.58
2018-06-21,11465671.11
2018-06-22,3205799.74
2018-06-23,2500711.59
2018-06-24,5416521.95
2018-06-25,3169472.9
2018-06-26,3811136.42
2018-06-27,11696685.88
2018-06-28,4932717.0
2018-06-29,3208449.1
2018-06-30,2649397.69
2018-07-01,8673995.38
2018-07-02,4549059.75
2018-07-03,4482870.63
2018-07-04,5167919.64
2018-07-05,2303283.65
2018-07-06,4806615.44
2018-07-07,2229651.42
2018-07-08,4780928.87
2018-07-09,3469016.44
2018-07-10,4569260.19
2018-07-11,4302231.79
2018-07-12,3261274.47
2018-07-13,5929029.84
2018-07-14,1622682.55
2018-07-15,1981909.68
2018-07-16,4933381.38
2018-07-17,3579703.12
2018-07-18,4527579.56
2018-07-19,5119573.17
2018-07-20,3664628.45
2018-07-21,5240144.7
2018-07-22,3500147.81
2018-07-23,4925430.54
2018-07-24,4706671.66
2018-07-25,4266317.36
2018-07-26,3225343.5
2018-07-27,2423923.42
2018-07-28,2695027.58
2018-07-29,5690873.14
2018-07-30,3339069.76
2018-07-31,3291533.11
2018-08-01,2593199.57
2018-08-02,4452547.25
2018-08-03,3013162.75
2018-08-04,4119318.0
2018-08-05,2393290.78
2018-08-06,5325106.74
2018-08-07,2632387.76
2018-08-08,4274396.53
2018-08-09,7743089.71
2018-08-10,6075281.17
2018-08-11,3828991.36
2018-08-12,1407096.69
2018-08-13,18480392.97
2018-08-14,6450535.05
2018-08-15,6136055.81
2018-08-16,10526792.72
2018-08-17,13112790.52
2018-08-18,1225477.24
2018-08-19,9367663.6
2018-08-20,8577964.4
2018-08-21,12423136.41
2018-08-22,14308807.6
2018-08-23,14687714.84
2018-08-24,3967934.0
2018-08-25,17943997.84
2018-08-26,10149886.41
2018-08-27,17839353.49
2018-08-28,12665802.74
2018-08-29,17719214.51
2018-08-30,14035424.53
2018-08-31,3675198.62
2018-09-01,2267566.74
2018-09-02,2579284.51
2018-09-03,3086088.52
2018-09-04,3309662.94
2018-09-05,3902707.5
2018-09-06,5334244.32
2018-09-07,3217663.17
2018-09-08,2156807.95
2018-09-09,3111730.28
2018-09-10,5012278.66
2018-09-11,6891606.93
2018-09-12,4670357.01
2018-09-13,16165235.77
2018-09-14,2585466.64
2018-09-15,2215550.59
2018-09-16,2124372.26
2018-09-17,3779269.72
2018-09-18,2604913.68
2018-09-19,3139547.34
2018-09-20,4602081.23
2018-09-21,7323108.6
2018-09-22,2392006.65
2018-09-23,2534534.54
2018-09-24,3147689.58
2018-09-25,9031592.53
2018-09-26,2970841.41
2018-09-27,3365682.42
2018-09-28,6017445.09
2018-09-29,2543631.93
2018-09-30,4613423.71
2018-10-01,5291448.77
2018-10-02,5887528.49
2018-10-03,4086281.15
2018-10-04,3775194.1
2018-10-05,2562176.47
2018-10-06,3376507.98
2018-10-07,1683642.91
2018-10-08,5576034.4
2018-10-09,5035512.84
2018-10-10,7084015.44
2018-10-11,8982279.43
2018-10-12,3688327.79
2018-10-13,2289567.98
2018-10-14,3144218.91
2018-10-15,9054595.73
2018-10-16,7412390.08
2018-10-17,4223384.02
2018-10-18,3738504.23
2018-10-19,10940798.86
2018-10-20,12485741.71
2018-10-21,2570461.26
2018-10-22,5188277.14
2018-10-23,4638160.25
2018-10-24,3305743.04
2018-10-25,4829204.43
2018-10-26,8006363.65
2018-10-27,1978500.48
2018-10-28,2414087.64
2018-10-29,3501180.25
2018-10-30,2839121.14
2018-10-31,7569386.43
2018-11-01,4686582.19
2018-11-02,6082300.7
2018-11-03,1734298.88
2018-11-04,3291382.94
2018-11-05,3972542.12
2018-11-06,3881106.64
2018-11-07,4866897.79
2018-11-08,3825000.28
2018-11-09,6669361.14
2018-11-10,2995309.09
2018-11-11,2316605.31
2018-11-12,5293684.89
2018-11-13,6491381.2
2018-11-14,12318782.64
2018-11-15,33656119.33
2018-11-16,9118139.98
2018-11-17,3068336.21
2018-11-18,2742041.54
2018-11-19,10957311.34
2018-11-20,16113631.19
2018-11-21,6035463.85
2018-11-22,6508356.27
2018-11-23,5755816.54
2018-11-24,7471839.88
2018-11-25,8181614.05
2018-11-26,5706510.87
2018-11-27,8920498.38
2018-11-28,13994532.14
2018-11-29,37642307.63
2018-11-30,88407198.86
2018-12-01,50270067.84
2018-12-02,2145414.56
2018-12-03,122698842.56
2018-12-04,332859787.57
2018-12-05,51354995.09
2018-12-06,41198026.17
2018-12-07,9270077.27
2018-12-08,4139708.88
2018-12-09,2281126.66
2018-12-10,6659925.05
2018-12-11,13363322.57
2018-12-12,4644389.41
2018-12-13,11832784.1
2018-12-14,5546164.11
2018-12-15,3179103.35
2018-12-16,3338082.72
2018-12-17,3998477.49
2018-12-18,10453488.25
2018-12-19,11159766.6
2018-12-20,5499918.65
2018-12-21,6915171.43
2018-12-22,2105955.15
2018-12-23,2880031.29
2018-12-24,5402953.74
2018-12-25,2537151.82
2018-12-26,2460749.58
2018-12-27,5465701.98
2018-12-28,6903224.41
2018-12-29,10907112.64
2018-12-30,3789782.67
2018-12-31,4742245.76
2019-01-01,2878268.43
2019-01-02,2929429.05
2019-01-03,3899369.49
2019-01-04,3036084.82
2019-01-05,1914464.88
2019-01-06,2800022.93
2019-01-07,8969932.66
2019-01-08,5011715.64
2019-01-09,3941953.8
2019-01-10,13275049.47
2019-01-11,47440843.16
2019-01-12,2259483.94
2019-01-13,4323243.11
2019-01-14,24469878.66
2019-01-15,123019168.65
2019-01-16,23005397.6
2019-01-17,4686894.54
2019-01-18,2643381.19
2019-01-19,3171942.42
2019-01-20,1680565.09
2019-01-21,10661668.81
2019-01-22,6453339.01
2019-01-23,2729110.97
2019-01-24,2759971.87
2019-01-25,2668034.83
2019-01-26,2452942.58
2019-01-27,1827392.09
2019-01-28,5395143.29
2019-01-29,5004253.97
2019-01-30,15383962.53
2019-01-31,4399562.36
2019-02-01,4329682.25
2019-02-02,1889458.26
2019-02-03,2190381.08
2019-02-04,4796012.17
2019-02-05,4334465.53
2019-02-06,9645037.26
2019-02-07,4902106.54
2019-02-08,4229875.75
2019-02-09,3904279.04
2019-02-10,1971398.45
2019-02-11,4427813.71
2019-02-12,4437739.08
2019-02-13,11889733.86
2019-02-14,3972006.19
2019-02-15,3160492.25
2019-02-16,4484769.15
2019-02-17,2237712.69
2019-02-18,4606043.9
2019-02-19,4804977.76
2019-02-20,19390237.02
2019-02-21,10334610.18
2019-02-22,5095455.69
2019-02-23,6124349.6
2019-02-24,3771302.59
2019-02-25,7216013.69
2019-02-26,5464968.89
2019-02-27,2725426.82
2019-02-28,46750240.22
2019-03-01,3501252.77
2019-03-02,4865309.22
2019-03-03,1626998.08
2019-03-04,6351168.86
2019-03-05,5476990.79
2019-03-06,3491992.77
2019-03-07,4538682.6
2019-03-08,5865035.82
2019-03-09,1739487.65
2019-03-10,6141681.51
2019-03-11,4199218.99
2019-03-12,7872465.75
2019-03-13,4609144.43
2019-03-14,3974551.46
2019-03-15,5268303.36
2019-03-16,2078908.71
2019-03-17,2196004.93
2019-03-18,5008322.46
2019-03-19,5286508.1
2019-03-20,4837369.79
2019-03-21,10564416.35
2019-03-22,3353729.91
2019-03-23,2539896.68
2019-03-24,2144135.62
2019-03-25,3786957.27
2019-03-26,9124162.9
2019-03-27,4580993.86
2019-03-28,2924171.98
2019-03-29,14559040.75
2019-03-30,1873235.28
2019-03-31,4640110.5
2019-04-01,4132412.82
2019-04-02,14844634.43
2019-04-03,12538832.94
2019-04-04,5225286.09
2019-04-05,11927140.32
2019-04-06,2722622.54
2019-04-07,3084500.72
2019-04-08,7566840.95
2019-04-09,4636918.69
2019-04-10,8714424.97
2019-04-11,6175311.87
2019-04-12,8859113.48
2019-04-13,4934052.24
2019-04-14,18937263.02
2019-04-15,3732255.95
2019-04-16,3305482.22
2019-04-17,8846386.81
2019-04-18,4479713.74
2019-04-19,6459486.68
2019-04-20,3075389.82
2019-04-21,3742648.29
2019-04-22,8610599.85
2019-04-23,5597402.52
2019-04-24,19894480.97
2019-04-25,5119204.66
2019-04-26,12601275.7
2019-04-27,3883883.06
2019-04-28,3279622.74
2019-04-29,9588098.71
2019-04-30,2775423.8
2019-05-01,24126645.38
2019-05-02,5239546.08
2019-05-03,4547513.51
2019-05-04,3488671.28
2019-05-05,3591612.95
2019-05-06,5598423.61
2019-05-07,9422925.11
2019-05-08,6408080.76
2019-05-09,10576308.96
2019-05-10,15117379.08
2019-05-11,11621438.93
2019-05-12,7237091.83
2019-05-13,17258177.34
2019-05-14,25767315.31
2019-05-15,18451899.06
2019-05-16,8723198.04
2019-05-17,4830639.42
2019-05-18,3988695.08
2019-05-19,6083977.7
2019-05-20,11241643.32
2019-05-21,9766000.23
2019-05-22,10823143.12
2019-05-23,4940713.65
2019-05-24,5437111.79
2019-05-25,6341887.81
2019-05-26,6311370.81
2019-05-27,7360017.66
2019-05-28,7600131.38
2019-05-29,32544649.33
2019-05-30,4566042.65
2019-05-31,6512355.67
2019-06-01,3631963.38
2019-06-02,3362102.35
2019-06-03,30637290.68
2019-06-04,25367530.1
2019-06-05,28711601.9
2019-06-06,6544337.75
2019-06-07,3848378.04
2019-06-08,2617854.28
2019-06-09,5537609.24
2019-06-10,9323217.8
2019-06-11,6093301.91
2019-06-12,21924586.72
2019-06-13,3267153.77
2019-06-14,21840866.35
2019-06-15,3077331.23
2019-06-16,7137814.9
2019-06-17,7981457.9
2019-06-18,6071468.49
2019-06-19,15178613.48
2019-06-20,4449598.02
2019-06-21,9867742.01
2019-06-22,11156463.98
2019-06-23,6738021.0
2019-06-24,8505369.65
2019-06-25,16122462.56
2019-06-26,23451976.44
2019-06-27,18820858.94
2019-06-28,41674229.91
2019-06-29,7608462.12
2019-06-30,28518790.23
2019-07-01,5149394.03
2019-07-02,10977851.27
2019-07-03,9428700.52
2019-07-04,16308859.74
2019-07-05,9220738.37
2019-07-06,2082068.72
2019-07-07,3110098.72
2019-07-08,7716587.3
2019-07-09,8248810.62
2019-07-10,13725055.41
2019-07-11,10944840.81
2019-07-12,7606096.67
2019-07-13,3119288.81
2019-07-14,4424438.44
2019-07-15,4929185.86
2019-07-16,7524707.24
2019-07-17,18604634.95
2019-07-18,10336044.79
2019-07-19,26840516.72
2019-07-20,9156724.71
2019-07-21,5056631.3
2019-07-22,4134119.24
2019-07-23,3505610.69
2019-07-24,41703114.08
2019-07-25,14399042.81
2019-07-26,5500456.3
2019-07-27,3895419.71
2019-07-28,1678584.71
2019-07-29,226203143.17
2019-07-30,6001130.34
2019-07-31,3629177.99
2019-08-01,7296432.63
2019-08-02,3474450.09
2019-08-03,1904383.53
2019-08-04,6570062.62
2019-08-05,26559040.27
2019-08-06,17606440.52
2019-08-07,8775885.72
2019-08-08,8550158.78
2019-08-09,3597360.73
2019-08-10,3809360.44
2019-08-11,5922068.08
2019-08-12,4542968.45
2019-08-13,7846068.97
2019-08-14,7878373.93
2019-08-15,3444172.02
2019-08-16,3334129.91
2019-08-17,2376211.99
2019-08-18,1662452.02
2019-08-19,5390907.73
2019-08-20,5589618.0
2019-08-21,8370708.17
2019-08-22,3160762.4
2019-08-23,15491764.11
2019-08-24,2466265.08
2019-08-25,4019450.64
2019-08-26,5648348.89
2019-08-27,9869465.42
2019-08-28,4251530.94
2019-08-29,3601116.42
2019-08-30,3205142.61
2019-08-31,1773444.13
2019-09-01,2520949.97
2019-09-02,4142048.81
2019-09-03,5256381.43
2019-09-04,4692624.61
2019-09-05,6952404.39
2019-09-06,77884423.82
2019-09-07,2590758.39
2019-09-08,2664218.42
2019-09-09,7707091.16
2019-09-10,3086458.9
2019-09-11,4514604.1
2019-09-12,5594970.65
2019-09-13,3789276.41
2019-09-14,2725091.33
2019-09-15,3984133.82
2019-09-16,3165724.84
2019-09-17,5392341.22
2019-09-18,12484305.77
2019-09-19,3620528.09
2019-09-20,4907709.98
2019-09-21,2774420.92
2019-09-22,1347000.91
2019-09-23,5090975.25
2019-09-24,29639018.31
2019-09-25,8679286.64
2019-09-26,7675421.83
2019-09-27,4922832.26
2019-09-28,4176659.46
2019-09-29,2758872.09
2019-09-30,6208971.44
2019-10-01,3477136.32
2019-10-02,2869862.37
2019-10-03,3308958.93
2019-10-04,3957254.54
2019-10-05,1732891.3
2019-10-06,1914547.62
2019-10-07,6184549.5
2019-10-08,10178108.31
2019-10-09,2992413.38
2019-10-10,3247449.91
2019-10-11,4621151.72
2019-10-12,2717990.66
2019-10-13,1092047.61
2019-10-14,97900188.33
2019-10-15,12872076.23
2019-10-16,4902156.62
2019-10-17,4865206.82
2019-10-18,7278256.86
2019-10-19,2242326.82
2019-10-20,3001106.6
2019-10-21,22511726.08
2019-10-22,3311993.44
2019-10-23,5361664.37
2019-10-24,6938250.51
2019-10-25,11370684.35
2019-10-26,5541040.5
2019-10-27,4231169.39
2019-10-28,12749692.04
2019-10-29,8774552.13
2019-10-30,4426037.56
2019-10-31,13591493.87
2019-11-01,31452993.41
2019-11-02,3881881.43
2019-11-03,3276393.22
2019-11-04,4189676.15
2019-11-05,27879603.01
2019-11-06,18064739.96
2019-11-07,9084859.0
2019-11-08,3913416.3
2019-11-09,1906411.74
2019-11-10,1350729.21
2019-11-11,4476268.46
2019-11-12,4457164.91
2019-11-13,32243423.43
2019-11-14,3383297.64
2019-11-15,6521497.42
2019-11-16,1272510.07
2019-11-17,1510338.97
2019-11-18,13060421.08
2019-11-19,4926860.61
2019-11-20,3590412.33
2019-11-21,11437382.85
2019-11-22,21058393.89
2019-11-23,11959547.73
2019-11-24,20792678.64
2019-11-25,13099049.05
2019-11-26,7534059.21
2019-11-27,10172250.7
2019-11-28,2103631.73
2019-11-29,3895839.0
2019-11-30,4708446.85
2019-12-01,2773792.66
2019-12-02,5116223.75
2019-12-03,6188606.01
2019-12-04,8869072.54
2019-12-05,3081259.48
2019-12-06,3215038.55
2019-12-07,1952886.63
2019-12-08,1770692.76
2019-12-09,3836866.7
2019-12-10,6079228.3
2019-12-11,7491939.37
2019-12-12,4663337.43
2019-12-13,3846136.75
2019-12-14,3564109.52
2019-12-15,3464303.14
2019-12-16,3955544.79
2019-12-17,6357369.28
2019-12-18,13082010.68
2019-12-19,6237783.18
2019-12-20,11787649.81
2019-12-21,3321665.71
2019-12-22,2527727.51
2019-12-23,5492616.19
2019-12-24,3211797.38
2019-12-25,12034908.91
2019-12-26,12072599.04
2019-12-27,4604967.75
2019-12-28,3029801.75
2019-12-29,2797947.27
2019-12-30,5851530.94
2019-12-31,4399391.86
2020-01-01,1726987.9
2020-01-02,6380420.99
2020-01-03,3507610.73
2020-01-04,4397760.36
2020-01-05,2544975.53
2020-01-06,4054945.76
2020-01-07,5591431.11
2020-01-08,5431109.26
2020-01-09,7137328.21
2020-01-10,5514069.38
2020-01-11,1917563.07
2020-01-12,2775679.8
2020-01-13,3866131.12
2020-01-14,17260291.23
2020-01-15,9533263.0
2020-01-16,10607485.53
2020-01-17,3644687.54
2020-01-18,2998739.32
2020-01-19,4127759.13
2020-01-20,3555529.77
2020-01-21,4749599.1
2020-01-22,5609634.71
2020-01-23,11152611.73
2020-01-24,12267934.93
2020-01-25,2938729.05
2020-01-26,2885154.89
2020-01-27,4162344.81
2020-01-28,5560312.46
2020-01-29,16831106.13
2020-01-30,6106489.71
2020-01-31,10978281.63
2020-02-01,3332207.53
2020-02-02,9170328.21
2020-02-03,53085379.81
2020-02-04,5614974.0
2020-02-05,5299836.71
2020-02-06,20547076.43
2020-02-07,5153121.41
2020-02-08,9003583.55
2020-02-09,6866209.08
2020-02-10,25490552.06
2020-02-11,8270881.49
2020-02-12,5527794.11
2020-02-13,8262770.35
2020-02-14,5531386.0
2020-02-15,5559339.32
2020-02-16,2877473.36
2020-02-17,4158950.82
2020-02-18,6797056.92
2020-02-19,6159709.06
2020-02-20,13249853.52
2020-02-21,4800881.81
2020-02-22,3809897.21
2020-02-23,3504042.03
2020-02-24,3533206.27
2020-02-25,19727532.89
2020-02-26,6021092.79
2020-02-27,4460572.94
2020-02-28,7252165.52
2020-02-29,5064279.35
2020-03-01,4836942.92
2020-03-02,13718359.56
2020-03-03,17397424.33
2020-03-04,4504251.78
2020-03-05,7907796.6
2020-03-06,5255463.61
2020-03-07,2400836.54
2020-03-08,3639690.27
2020-03-09,13930025.7
2020-03-10,9807909.35
2020-03-11,18944253.76
2020-03-12,32677400.12
2020-03-13,32188102.84
2020-03-14,12596785.62
2020-03-15,5997077.9
2020-03-16,14549933.75
2020-03-17,14772071.36
2020-03-18,4552435.12
2020-03-19,7479496.84
2020-03-20,5743272.45
2020-03-21,3238819.66
2020-03-22,3335882.02
2020-03-23,6893408.56
2020-03-24,4303768.21
2020-03-25,5602700.54
2020-03-26,4208719.52
2020-03-27,7754853.06
2020-03-28,3757827.12
2020-03-29,5420123.2
2020-03-30,5562461.39
2020-03-31,4145288.67
2020-04-01,7100828.42
2020-04-02,5417289.74
2020-04-03,2924038.11
2020-04-04,3106266.18
2020-04-05,2039504.28
2020-04-06,4158824.14
2020-04-07,8924281.57
2020-04-08,3599855.61
2020-04-09,6465691.99
2020-04-10,6353179.22
2020-04-11,2140527.82
2020-04-12,1482166.08
2020-04-13,4284750.61
2020-04-14,3231495.33
2020-04-15,4548103.3
2020-04-16,6682349.54
2020-04-17,4922729.46
2020-04-18,1757286.75
2020-04-19,5087752.79
2020-04-20,4875682.87
2020-04-21,3774582.19
2020-04-22,5028479.52
2020-04-23,7386596.88
2020-04-24,4913939.82
2020-04-25,3615362.9
2020-04-26,3957249.71
2020-04-27,5444585.53
2020-04-28,3677130.26
2020-04-29,19019642.47
2020-04-30,9599269.63
2020-05-01,4981630.43
2020-05-02,2539866.84
2020-05-03,5097244.61
2020-05-04,3680221.87
2020-05-05,4959516.31
2020-05-06,7628668.49
2020-05-07,10422331.25
2020-05-08,14284176.36
2020-05-09,8779382.04
2020-05-10,5490090.13
2020-05-11,7299440.39
2020-05-12,4841463.66
2020-05-13,5040876.68
2020-05-14,5810726.98
2020-05-15,7193713.84
2020-05-16,4679397.4
2020-05-17,2929684.79
2020-05-18,5975215.88
2020-05-19,3651964.28
2020-05-20,5566794.56
2020-05-21,7319784.58
2020-05-22,4230568.34
2020-05-23,3344234.97
2020-05-24,2600766.6
2020-05-25,3711010.24
2020-05-26,4229663.63
2020-05-27,4557951.23
2020-05-28,6425119.0
2020-05-29,6495012.21
2020-05-30,3545184.43
2020-05-31,6872262.55
2020-06-01,19635664.48
2020-06-02,8968987.08
2020-06-03,4926684.26
2020-06-04,5644412.03
2020-06-05,4554554.14
2020-06-06,5716444.51
2020-06-07,4461104.68
2020-06-08,12857910.38
2020-06-09,5579258.99
2020-06-10,6246179.28
2020-06-11,4623807.38
2020-06-12,3227320.01
2020-06-13,2307906.54
2020-06-14,3360780.68
2020-06-15,5619791.92
2020-06-16,5088485.64
2020-06-17,3803037.85
2020-06-18,12186189.43
2020-06-19,4115340.49
2020-06-20,3630272.44
2020-06-21,4583518.09
2020-06-22,6684041.58
2020-06-23,8615405.99
2020-06-24,10490056.37
2020-06-25,3255381.85
2020-06-26,13578617.52
2020-06-27,4677241.94
2020-06-28,5571130.2
2020-06-29,5747407.56
2020-06-30,10708782.61
2020-07-01,5146644.32
2020-07-02,3773536.24
2020-07-03,4031374.45
2020-07-04,2196103.05
2020-07-05,1684329.87
2020-07-06,4747101.51
2020-07-07,7661047.4
2020-07-08,13020148.67
2020-07-09,4479742.7
2020-07-10,4341644.5
2020-07-11,2269363.27
2020-07-12,6476058.67
2020-07-13,5324836.89
2020-07-14,10179407.67
2020-07-15,13057031.58
2020-07-16,3766040.38
2020-07-17,4809756.72
2020-07-18,2884498.12
2020-07-19,3567620.41
2020-07-20,2848289.28
2020-07-21,7336005.09
2020-07-22,8713603.23
2020-07-23,6605488.42
2020-07-24,5148325.06
2020-07-25,4434962.97
2020-07-26,4895840.01
2020-07-27,13264452.04
2020-07-28,19761439.83
2020-07-29,9104154.15
2020-07-30,10566077.9
2020-07-31,13251859.7
2020-08-01,6344966.88
2020-08-02,7834551.98
2020-08-03,15047389.94
2020-08-04,7867118.43
2020-08-05,4376654.07
2020-08-06,13731493.26
2020-08-07,13341771.51
2020-08-08,4248225.23
2020-08-09,3954976.76
2020-08-10,5620131.38
2020-08-11,5239909.92
2020-08-12,11071393.2
2020-08-13,6032406.07
2020-08-14,8592206.81
2020-08-15,4551964.74
2020-08-16,5147041.49
2020-08-17,16289344.1
2020-08-18,5504395.62
2020-08-19,6688740.22
2020-08-20,7399708.36
2020-08-21,6715803.63
2020-08-22,3513275.62
2020-08-23,3479710.92
2020-08-24,4988253.15
2020-08-25,8121218.91
2020-08-26,10066648.35
2020-08-27,4824631.35
2020-08-28,6073193.74
2020-08-29,3725604.97
2020-08-30,4768185.58
2020-08-31,7171532.46
2020-09-01,16757791.62
2020-09-02,10341216.31
2020-09-03,7501205.03
2020-09-04,14418444.82
2020-09-05,6197710.51
2020-09-06,5831434.71
2020-09-07,5514109.78
2020-09-08,4909247.92
2020-09-09,7295542.66
2020-09-10,7206028.25
2020-09-11,7156049.74
2020-09-12,5187201.56
2020-09-13,3037079.38
2020-09-14,5354467.7
2020-09-15,4308742.54
2020-09-16,13681132.11
2020-09-17,8682341.7
2020-09-18,10077647.75
2020-09-19,9754859.89
2020-09-20,8161443.43
2020-09-21,5543882.56
2020-09-22,4819419.28
2020-09-23,5724225.15
2020-09-24,10394807.27
2020-09-25,10017184.37
2020-09-26,5637070.28
2020-09-27,5487681.78
2020-09-28,4315244.04
2020-09-29,17325156.03
2020-09-30,11299506.64
2020-10-01,4925008.1
2020-10-02,11940142.3
2020-10-03,2689658.07
2020-10-04,3521616.34
2020-10-05,4499059.9
2020-10-06,5424891.96
2020-10-07,11733407.02
2020-10-08,8967285.71
2020-10-09,8836864.08
2020-10-10,3334595.3
2020-10-11,5507036.46
2020-10-12,9400473.71
2020-10-13,4292528.0
2020-10-14,11205902.71
2020-10-15,7552205.38
2020-10-16,4544691.16
2020-10-17,2210749.18
2020-10-18,2859381.47
2020-10-19,17657104.69
2020-10-20,8232062.05
2020-10-21,10000116.27
2020-10-22,30106890.98
2020-10-23,46111410.56
2020-10-24,12340070.14
2020-10-25,6531120.07
2020-10-26,5487388.63
2020-10-27,11884396.04
2020-10-28,12708714.39
2020-10-29,11598957.23
2020-10-30,6418821.8
2020-10-31,6879954.17
2020-11-01,9297201.31
2020-11-02,20311150.68
2020-11-03,198900757.97
2020-11-04,11378274.27
2020-11-05,14590893.39
2020-11-06,16999885.23
2020-11-07,10893644.67
2020-11-08,23593878.36
2020-11-09,12009083.86
2020-11-10,9210741.05
2020-11-11,13285316.85
2020-11-12,16457251.25
2020-11-13,14987646.41
2020-11-14,9841789.09
2020-11-15,6698071.69
2020-11-16,10923628.31
2020-11-17,17897794.85
2020-11-18,25601185.13
2020-11-19,12797289.93
2020-11-20,27863421.35
2020-11-21,16869196.5
2020-11-22,8856621.6
2020-11-23,10775148.89
2020-11-24,23240447.33
2020-11-25,12739078.39
2020-11-26,34938076.1
2020-11-27,20845817.16
2020-11-28,5455430.97
2020-11-29,8211680.42
2020-11-30,22819857.32
2020-12-01,21572402.58
2020-12-02,20887092.77
2020-12-03,16434702.67
2020-12-04,15442247.13
2020-12-05,5956786.1
2020-12-06,7087427.11
2020-12-07,14131983.18
2020-12-08,11539268.26
2020-12-09,12876045.75
2020-12-10,15216230.57
2020-12-11,29837645.89
2020-12-12,18103696.35
2020-12-13,31019790.52
2020-12-14,12436024.13
2020-12-15,14009057.93
2020-12-16,19914700.91
2020-12-17,26409167.67
2020-12-18,31691176.39
2020-12-19,13484227.22
2020-12-20,20781112.68
2020-12-21,16096635.5
2020-12-22,37311000.33
2020-12-23,26020333.2
2020-12-24,16592743.5
2020-12-25,6089787.49
2020-12-26,13062347.96
2020-12-27,21444503.73
2020-12-28,73931374.39
2020-12-29,22550721.81
2020-12-30,13481624.02
2020-12-31,15953144.74
2021-01-01,21631019.05
2021-01-02,50787214.72
2021-01-03,32999621.68
2021-01-04,48636834.24
2021-01-05,18263549.74
2021-01-06,22705259.25
2021-01-07,34888041.66
2021-01-08,29365942.52
2021-01-09,25186010.06
2021-01-10,19635645.08
2021-01-11,22419223.43
2021-01-12,13818389.31
2021-01-13,13651194.47
2021-01-14,11912845.66
2021-01-15,16644578.13
2021-01-16,9390490.99
2021-01-17,8348047.38
2021-01-18,11708270.13
2021-01-19,12109957.2
2021-01-20,9590598.93
2021-01-21,9043437.71
2021-01-22,10556649.46
2021-01-23,5433245.57
2021-01-24,5110109.18
2021-01-25,9207314.68
2021-01-26,6923762.7
2021-01-27,34742012.7
2021-01-28,11784244.64
2021-01-29,15743068.57
2021-01-30,8931882.76
2021-01-31,17098158.33
2021-02-01,6465733.7
2021-02-02,6898260.9
2021-02-03,9977124.02
2021-02-04,14405788.38
2021-02-05,18146461.41
2021-02-06,8744445.3
2021-02-07,23856593.17
2021-02-08,16508320.5
2021-02-09,22723774.59
2021-02-10,13824337.31
2021-02-11,12650585.19
2021-02-12,13940099.02
2021-02-13,6760110.48
2021-02-14,8818685.6
2021-02-15,13329929.0
2021-02-16,14251197.48
2021-02-17,14539749.37
2021-02-18,18629007.94
2021-02-19,19869966.22
2021-02-20,17033724.26
2021-02-21,12699792.21
2021-02-22,13161290.52
2021-02-23,30818636.46
2021-02-24,28561554.31
2021-02-25,16535847.49
2021-02-26,18304291.72
2021-02-27,8395328.44
2021-02-28,9368654.56
2021-03-01,7319522.61
2021-03-02,16354289.77
2021-03-03,7001448.92
2021-03-04,9517352.3
2021-03-05,14734404.36
2021-03-06,5978769.26
2021-03-07,4329793.56
2021-03-08,20613587.9
2021-03-09,8769126.8
2021-03-10,9056135.6
2021-03-11,34032611.96
2021-03-12,14093917.11
2021-03-13,9470509.32
2021-03-14,17364907.26
2021-03-15,9645151.6
2021-03-16,14485151.45
2021-03-17,12285268.08
2021-03-18,6524676.29
2021-03-19,5458938.93
2021-03-20,11954266.72
2021-03-21,5736058.42
2021-03-22,12334611.13
2021-03-23,17279778.68
2021-03-24,8527563.03
2021-03-25,21954382.01
2021-03-26,10384766.14
2021-03-27,11717979.65
2021-03-28,7066402.47
2021-03-29,7321311.35
2021-03-30,9554631.42
2021-03-31,12522694.2
2021-04-01,25274502.05
2021-04-02,16396393.19
2021-04-03,4170054.72
2021-04-04,4983805.21
2021-04-05,7219795.98
2021-04-06,34163808.76
2021-04-07,7904500.49
2021-04-08,8789624.7
2021-04-09,9980727.52
2021-04-10,9029542.1
2021-04-11,13812261.51
2021-04-12,16718068.33
2021-04-13,12692809.94
2021-04-14,30280830.08
2021-04-15,21284757.4
2021-04-16,5892065.71
2021-04-17,8587823.07
2021-04-18,29446526.4
2021-04-19,4510926.39
2021-04-20,13028652.64
2021-04-21,7227295.44
2021-04-22,11599504.77
2021-04-23,15412661.24
2021-04-24,19776849.74
2021-04-25,12333399.14
2021-04-26,11068895.22
2021-04-27,23195249.18
2021-04-28,9312700.63
2021-04-29,15178870.46
2021-04-30,18153278.85
2021-05-01,5871783.36
2021-05-02,6339885.08
2021-05-03,10568953.9
2021-05-04,10964475.24
2021-05-05,8678461.67
2021-05-06,9019943.8
2021-05-07,22461094.38
2021-05-08,6331306.03
2021-05-09,8538737.75
2021-05-10,10244635.09
2021-05-11,7899977.78
2021-05-12,18694338.72
2021-05-13,18838194.85
2021-05-14,9103537.0
2021-05-15,7628371.52
2021-05-16,8781134.35
2021-05-17,9197111.3
2021-05-18,11666606.2
2021-05-19,26121711.24
2021-05-20,17836542.58
2021-05-21,12380910.65
2021-05-22,5629447.22
2021-05-23,12361560.46
2021-05-24,29012963.79
2021-05-25,9165533.11
2021-05-26,9092584.72
2021-05-27,4200794.52
2021-05-28,4350617.9
2021-05-29,2773342.31
2021-05-30,19710388.74
2021-05-31,3246226.32
2021-06-01,22774522.95
2021-06-02,7186858.62
2021-06-03,15009448.85
2021-06-04,4737369.83
2021-06-05,2834089.94
2021-06-06,4024320.64
2021-06-07,7490771.35
2021-06-08,10478979.33
2021-06-09,7008105.93
2021-06-10,8663187.31
2021-06-11,11226164.5
2021-06-12,2104991.41
2021-06-13,3614426.06
2021-06-14,5612804.43
2021-06-15,6424379.94
2021-06-16,4369412.19
2021-06-17,4846538.08
2021-06-18,4101548.86
2021-06-19,2395840.67
2021-06-20,3067793.3
2021-06-21,6635720.41
2021-06-22,6904442.41
2021-06-23,11866691.19
2021-06-24,8378573.87
2021-06-25,21573638.66
2021-06-26,2766660.64
2021-06-27,4339547.26
2021-06-28,4276046.23
2021-06-29,3376199.76
2021-06-30,3701896.28
2021-07-01,5526537.22
2021-07-02,8473854.01
2021-07-03,2444379.79
2021-07-04,3164356.72
2021-07-05,4630685.22
2021-07-06,3540079.18
2021-07-07,6160484.98
2021-07-08,3916433.08
2021-07-09,5947851.06
2021-07-10,2102720.27
2021-07-11,2701369.72
2021-07-12,10755920.4
2021-07-13,3470155.24
2021-07-14,4086085.85
2021-07-15,4910327.02
2021-07-16,5430896.7
2021-07-17,72298051.69
2021-07-18,2303287.23
2021-07-19,5246376.3
2021-07-20,11104220.83
2021-07-21,7873779.93
2021-07-22,3838884.17
2021-07-23,3429304.84
2021-07-24,1803950.97
2021-07-25,2766042.5
2021-07-26,20601380.69
2021-07-27,23367942.02
2021-07-28,31201714.48
2021-07-29,139361670.27
2021-07-30,4740124.17
2021-07-31,3309997.99
2021-08-01,2531779.13
2021-08-02,3699374.84
2021-08-03,3196141.52
2021-08-04,3053581.34
2021-08-05,2953609.03
2021-08-06,7168801.16
2021-08-07,3517905.25
2021-08-08,5428147.85
2021-08-09,4928639.11
2021-08-10,3879278.98
2021-08-11,5401915.25
2021-08-12,4065339.68
2021-08-13,4023264.5
2021-08-14,13075034.39
2021-08-15,1920997.36
2021-08-16,4264794.68
2021-08-17,5186179.11
2021-08-18,7888192.46
2021-08-19,4486238.48
2021-08-20,4289372.85
2021-08-21,5929641.28
2021-08-22,2863411.24
2021-08-23,11042993.89
2021-08-24,3540135.75
2021-08-25,27921354.43
2021-08-26,11164045.25
2021-08-27,3744084.7
2021-08-28,3669550.85
2021-08-29,2799271.29
2021-08-30,5661501.03
2021-08-31,7144742.49
2021-09-01,6113280.63
2021-09-02,5049449.28
2021-09-03,5548799.47
2021-09-04,3377836.67
2021-09-05,2883649.0
2021-09-06,4871194.7
2021-09-07,5603147.47
2021-09-08,5068746.52
2021-09-09,12177070.69
2021-09-10,10143965.29
2021-09-11,3145931.14
2021-09-12,3181839.83
2021-09-13,3665816.2
2021-09-14,10786231.39
2021-09-15,9794778.29
2021-09-16,10669562.35
2021-09-17,4585917.46
2021-09-18,3441311.53
2021-09-19,3746890.14
2021-09-20,5737044.0
2021-09-21,3078413.1
2021-09-22,6228305.9
2021-09-23,4043976.96
2021-09-24,4343452.5
2021-09-25,1542361.04
2021-09-26,63586433.98
2021-09-27,8238991.59
2021-09-28,5407844.1
2021-09-29,5541108.66
2021-09-30,11484315.63
2021-10-01,5687059.78
2021-10-02,2782866.93
2021-10-03,3393297.69
2021-10-04,5727671.75
2021-10-05,8662760.43
2021-10-06,7592908.16
2021-10-07,8262655.86
2021-10-08,6191912.07
2021-10-09,4268177.7
2021-10-10,10446676.19
2021-10-11,6834587.46
2021-10-12,17430865.95
2021-10-13,5828735.14
2021-10-14,7816494.66
2021-10-15,7861773.68
2021-10-16,9552083.83
2021-10-17,3141157.99
2021-10-18,12228920.97
2021-10-19,25401640.02
2021-10-20,13407143.32
2021-10-21,11453287.5
2021-10-22,12817899.13
2021-10-23,4228462.98
2021-10-24,15230884.72
2021-10-25,13118877.01
2021-10-26,8728471.62
2021-10-27,5135367.98
2021-10-28,6512613.83
2021-10-29,7304328.01
2021-10-30,4114587.78
2021-10-31,17138821.92
2021-11-01,29203312.71
2021-11-02,17434291.99
2021-11-03,15583402.82
2021-11-04,5871521.79
2021-11-05,15144396.56
2021-11-06,4542108.95
2021-11-07,2868118.54
2021-11-08,14853517.17
2021-11-09,10814757.81
2021-11-10,20535257.3
2021-11-11,9148870.66
2021-11-12,33833735.92
2021-11-13,7382633.42
2021-11-14,4053062.89
2021-11-15,9344101.65
2021-11-16,17493519.7
2021-11-17,15267328.9
2021-11-18,6576908.56
2021-11-19,6521235.46
2021-11-20,5697004.28
2021-11-21,4496327.48
2021-11-22,9342942.17
2021-11-23,8941060.02
2021-11-24,6888127.75
2021-11-25,37556110.24
2021-11-26,10322690.71
2021-11-27,2580937.16
2021-11-28,5689694.86
2021-11-29,8417316.15
2021-11-30,8578348.44
2021-12-01,10037035.97
2021-12-02,6053427.36
2021-12-03,7336482.0
2021-12-04,8111166.45
2021-12-05,5735545.12
2021-12-06,9320278.78
2021-12-07,17188773.49
2021-12-08,6535689.38
2021-12-09,13114547.14
2021-12-10,7328286.31
2021-12-11,6233001.58
2021-12-12,2318818.14
2021-12-13,7952184.71
2021-12-14,16861022.58
2021-12-15,7244578.64
2021-12-16,8923411.09
2021-12-17,5510613.99
2021-12-18,4507976.64
2021-12-19,2931506.15
2021-12-20,6176964.54
2021-12-21,5732889.82
2021-12-22,8733022.76
2021-12-23,10301836.71
2021-12-24,3191504.56
2021-12-25,5023406.29
2021-12-26,5962035.95
2021-12-27,5070772.96
2021-12-28,5492762.19
2021-12-29,7798696.98
2021-12-30,10970069.45
2021-12-31,17339798.69
2022-01-01,5299729.49
2022-01-02,1821130.89
2022-01-03,6430340.07
2022-01-04,6836955.26
2022-01-05,7787880.42
2022-01-06,10954668.27
2022-01-07,6408312.38
2022-01-08,2968320.66
2022-01-09,3047592.64
2022-01-10,6855678.61
2022-01-11,4763273.85
2022-01-12,8109458.1
2022-01-13,3554151.92
2022-01-14,4235288.13
2022-01-15,2169568.2
2022-01-16,2786080.95
2022-01-17,6081333.36
2022-01-18,4743291.15
2022-01-19,8832413.86
2022-01-20,8407427.01
2022-01-21,8660351.81
2022-01-22,8033778.63
2022-01-23,8741703.61
2022-01-24,9033784.35
2022-01-25,11252776.66
2022-01-26,4371741.33
2022-01-27,10561440.12
2022-01-28,4878524.15
2022-01-29,7022802.08
2022-01-30,4439250.12
2022-01-31,4418692.57
2022-02-01,180427061.84
2022-02-02,3559324.12
2022-02-03,6276287.56
2022-02-04,3316234.93
2022-02-05,3245300.04
2022-02-06,3929108.6
2022-02-07,8263417.78
2022-02-08,10592263.51
2022-02-09,4356122.82
2022-02-10,9241089.23
2022-02-11,7693209.49
2022-02-12,4988964.12
2022-02-13,3102499.94
2022-02-14,3829875.52
2022-02-15,5880709.09
2022-02-16,3830494.19
2022-02-17,8196041.61
2022-02-18,4297115.59
2022-02-19,2408496.43
2022-02-20,5952747.95
2022-02-21,14303489.49
2022-02-22,4078140.76
2022-02-23,11127414.36
2022-02-24,4964825.84
2022-02-25,8560280.29
2022-02-26,3847349.28
2022-02-27,6141171.13
2022-02-28,47790079.07
2022-03-01,8016253.77
2022-03-02,7707147.39
2022-03-03,10728133.85
2022-03-04,7698082.07
2022-03-05,2586290.22
2022-03-06,3310089.48
2022-03-07,12549442.89
2022-03-08,8972722.73
2022-03-09,11495221.48
2022-03-10,7134161.42
2022-03-11,38888464.2
2022-03-12,4830040.25
2022-03-13,3294216.68
2022-03-14,5858817.81
2022-03-15,5415217.42
2022-03-16,13277042.16
2022-03-17,18757643.42
2022-03-18,3108883.15
2022-03-19,4872888.3
2022-03-20,2292131.56
2022-03-21,3901279.96
2022-03-22,4666213.06
2022-03-23,4945362.12
2022-03-24,4930673.83
2022-03-25,53117200.61
2022-03-26,5115250.96
2022-03-27,2704070.15
2022-03-28,7652152.92
2022-03-29,34934948.49
2022-03-30,4083812.58
2022-03-31,7130631.6
2022-04-01,6798551.53
2022-04-02,3348795.36
2022-04-03,4456137.55
2022-04-04,10860596.31
2022-04-05,7349080.26
2022-04-06,5309731.95
2022-04-07,4363674.06
2022-04-08,4961734.01
2022-04-09,2459694.05
2022-04-10,2444838.16
2022-04-11,5418866.56
2022-04-12,4804929.31
2022-04-13,6027819.27
2022-04-14,33620846.87
2022-04-15,2757960.25
2022-04-16,1815031.32
2022-04-17,1391480.66
2022-04-18,3095954.81
2022-04-19,4063506.13
2022-04-20,5721051.9
2022-04-21,35300442.88
2022-04-22,7538181.27
2022-04-23,2612439.42
2022-04-24,2121241.88
2022-04-25,4637296.21
2022-04-26,6249928.5
2022-04-27,3604092.11
2022-04-28,6313542.32
2022-04-29,7188003.71
2022-04-30,4013097.49
2022-05-01,4295171.69
2022-05-02,11499395.17
2022-05-03,9018359.59
2022-05-04,9173494.2
2022-05-05,7529661.42
2022-05-06,8654018.82
2022-05-07,2311543.24
2022-05-08,5640339.01
2022-05-09,17581587.89
2022-05-10,10812809.18
2022-05-11,23695327.42
2022-05-12,18279838.02
2022-05-13,27751085.8
2022-05-14,46374267.9
2022-05-15,2972307.92
2022-05-16,9183539.43
2022-05-17,9931576.54
2022-05-18,5092594.0
2022-05-19,14318261.65
2022-05-20,9208768.92
2022-05-21,2936119.04
2022-05-22,1678549.27
2022-05-23,5725747.14
2022-05-24,6317569.2
2022-05-25,5813368.4
2022-05-26,5141865.27
2022-05-27,9410225.71
2022-05-28,1975536.07
2022-05-29,3837252.4
2022-05-30,5423635.14
2022-05-31,12007734.42
2022-06-01,10944291.07
2022-06-02,18765839.07
2022-06-03,7958682.5
2022-06-04,7380877.81
2022-06-05,2203856.17
2022-06-06,6854095.94
2022-06-07,11218177.21
2022-06-08,7134812.49
2022-06-09,6887079.09
2022-06-10,9315112.31
2022-06-11,7260854.22
2022-06-12,6914662.8
2022-06-13,22760166.61
2022-06-14,21242697.36
2022-06-15,17981963.16
2022-06-16,8923081.45
2022-06-17,65624639.8
2022-06-18,15765929.59
2022-06-19,5184292.35
2022-06-20,5605012.12
2022-06-21,9821584.46
2022-06-22,8523834.45
2022-06-23,4085718.42
2022-06-24,7845953.39
2022-06-25,15419753.3
2022-06-26,1540256.69
2022-06-27,5459941.29
2022-06-28,6930921.25
2022-06-29,13215531.13
2022-06-30,13957982.77
2022-07-01,6298344.47
2022-07-02,3301499.82
2022-07-03,7041990.83
2022-07-04,2766586.71
2022-07-05,3808357.01
2022-07-06,8001087.32
2022-07-07,5023382.09
2022-07-08,6144869.82
2022-07-09,4089309.14
2022-07-10,1894331.44
2022-07-11,16568431.13
2022-07-12,5653750.76
2022-07-13,2443483.55
2022-07-14,7351525.7
2022-07-15,12738253.99
2022-07-16,2212831.05
2022-07-17,1460163.28
2022-07-19,32653676.53
2022-07-20,5789862.78
2022-07-21,38473893.11
2022-07-22,8502613.01
2022-07-23,4676200.2
2022-07-24,2737635.24
2022-07-25,6127639.9
2022-07-26,5516840.95
2022-07-27,3893965.19
2022-07-28,3384910.47
2022-07-29,3915557.0
2022-07-30,2255208.75
2022-07-31,4375197.11
2022-08-01,2640043.27
2022-08-02,4724291.98
2022-08-03,3714730.49
2022-08-04,7291068.99
2022-08-05,2850041.06
2022-08-06,3306150.96
2022-08-07,3345170.06
2022-08-08,4175946.57
2022-08-09,9229201.23
2022-08-10,14994440.62
2022-08-11,3800099.54
2022-08-12,3784455.52
2022-08-13,1995560.67
2022-08-14,1531747.35
2022-08-15,3120638.17
2022-08-16,2789054.39
2022-08-17,5359320.94
2022-08-18,3505892.34
2022-08-19,5899038.93
2022-08-20,2901746.47
2022-08-21,1382824.89
2022-08-22,4428030.85
2022-08-23,4768413.43
2022-08-24,3537068.67
2022-08-25,3326953.26
2022-08-26,5306439.98
2022-08-27,2693610.16
2022-08-28,16291460.65
2022-08-29,17526822.38
2022-08-30,8305161.08
2022-08-31,3270505.53
2022-09-01,5293254.37
2022-09-02,4861021.1
2022-09-03,1890258.16
2022-09-04,16059092.98
2022-09-05,2998881.38
2022-09-06,10684293.94
2022-09-07,6475730.68
2022-09-08,3871267.29
2022-09-09,4359591.77
2022-09-10,2767024.99
2022-09-11,2787488.47
2022-09-12,3720249.98
2022-09-13,13578525.27
2022-09-14,6596263.33
2022-09-15,5906970.36
2022-09-16,3024001.02
2022-09-17,2158434.3
2022-09-18,1474521.42
2022-09-19,11762013.33
2022-09-20,5212511.66
2022-09-21,5919422.38
2022-09-22,4347910.67
2022-09-23,3310332.29
2022-09-24,1421290.12
2022-09-25,2290884.9
2022-09-26,4972962.86
2022-09-27,10597718.02
2022-09-28,5428926.88
2022-09-29,5835023.95
2022-09-30,9094196.44
2022-10-01,2100996.17
2022-10-02,1643823.56
2022-10-03,3821471.23
2022-10-04,5939756.92
2022-10-05,6926360.94
2022-10-06,4502618.69
2022-10-07,6323859.59
2022-10-08,4538382.96
2022-10-09,1611078.18
2022-10-10,3833848.89
2022-10-11,5968359.75
2022-10-12,6492044.1
2022-10-13,4274576.9
2022-10-14,4424837.48
2022-10-15,1739079.86
2022-10-16,2989352.33
2022-10-17,21448645.21
2022-10-18,51279832.58
2022-10-19,7504715.61
2022-10-20,2924861.56
2022-10-21,4141902.21
2022-10-22,11108799.64
2022-10-23,2200440.4
2022-10-24,4766066.38
2022-10-25,10677473.37
2022-10-26,18378068.9
2022-10-27,11147291.04
2022-10-28,3728699.54
2022-10-29,3430316.66
2022-10-30,2423836.08
2022-10-31,6035130.95
2022-11-01,5395003.49
2022-11-02,16822887.55
2022-11-03,7161220.72
2022-11-04,35180371.4
2022-11-05,8434990.35
2022-11-06,8655939.22
2022-11-07,17882941.66
2022-11-08,12990097.95
2022-11-09,15398979.66
2022-11-10,15385587.25
2022-11-11,43731938.37
2022-11-12,28928595.55
2022-11-13,4400286.83
2022-11-14,13479686.12
2022-11-15,13183705.38
2022-11-16,33439865.41
2022-11-17,17066914.07
2022-11-18,72906391.38
2022-11-19,3802029.08
2022-11-20,8921599.85
2022-11-21,11787108.07
2022-11-22,15088996.6
2022-11-23,80166793.33
2022-11-24,7097324.15
2022-11-25,5441022.08
2022-11-26,3772875.59
2022-11-27,3045061.79
2022-11-28,8971619.73
2022-11-29,7932855.86
2022-11-30,6394099.6
2022-12-01,13411437.55
2022-12-02,7946841.8
2022-12-03,2868181.13
2022-12-04,5155886.76
2022-12-05,15479701.47
2022-12-06,7226032.8
2022-12-07,3829975.32
2022-12-08,5808394.22
2022-12-09,9653933.06
2022-12-10,4368663.99
2022-12-11,4224200.3
2022-12-12,5163294.25
2022-12-13,9573309.5
2022-12-14,10479415.67
2022-12-15,4802486.82
2022-12-16,7079432.57
2022-12-17,5448429.61
2022-12-18,3840303.33
2022-12-19,12583146.93
2022-12-20,3792543.5
2022-12-21,6708238.31
2022-12-22,5115322.93
2022-12-23,8991802.35
2022-12-24,3609356.24
2022-12-25,5698909.46
2022-12-26,2368645.63
2022-12-27,3887995.3
2022-12-28,15947468.4
2022-12-29,6954349.76
2022-12-30,9717898.89
2022-12-31,18166737.64
2023-01-01,3651155.9
2023-01-02,5005882.07
2023-01-03,7815347.15
2023-01-04,7726518.33
2023-01-05,28646715.12
2023-01-06,9814570.03
2023-01-07,7523219.79
2023-01-08,4121415.36
2023-01-09,5002588.09
2023-01-10,12485669.05
2023-01-11,13649023.64
2023-01-12,7470882.3
2023-01-13,6577378.83
2023-01-14,4649282.96
2023-01-15,4865291.35
2023-01-16,14215051.18
2023-01-17,14579090.25
2023-01-18,9571651.24
2023-01-19,7162144.63
2023-01-20,6078727.95
2023-01-21,4232171.4
2023-01-22,2576352.17
2023-01-23,4917460.13
2023-01-24,5539732.91
2023-01-25,5302060.42
2023-01-26,29064197.63
2023-01-27,12396489.53
2023-01-28,2940219.4
2023-01-29,3135481.88
2023-01-30,4229101.99
2023-01-31,5918971.61
2023-02-01,9290058.03
2023-02-02,3980606.74
2023-02-03,7062218.04
2023-02-04,2710511.93
2023-02-05,3475473.2
2023-02-06,3557474.51
2023-02-07,3614417.93
2023-02-08,5180285.45
2023-02-09,5230705.75
2023-02-10,5418442.68
2023-02-11,3314370.92
2023-02-12,3511069.14
2023-02-13,5760266.46
2023-02-14,2792532.68
2023-02-15,5966587.99
2023-02-16,5849231.7
2023-02-17,4057876.89
2023-02-18,2073422.87
2023-02-19,4271902.87
2023-02-20,2629066.02
2023-02-21,4611247.57
2023-02-22,6495845.23
2023-02-23,3708429.88
2023-02-24,6600503.07
2023-02-25,2867792.01
2023-02-26,3532051.84
2023-02-27,8777810.38
2023-02-28,13496451.46
2023-03-01,14218617.66
2023-03-02,4658149.71
2023-03-03,5633344.68
2023-03-04,3767883.54
2023-03-05,9896178.95
2023-03-06,6317652.75
2023-03-07,22787268.65
2023-03-08,5191051.42
2023-03-09,6901629.19
2023-03-10,4737162.89
2023-03-17,6591084.21
2023-03-18,3960480.69
2023-03-19,3900693.52
2023-03-20,7032187.01
2023-03-21,7279313.58
2023-03-22,7791187.24
2023-03-23,15611407.51
2023-03-24,8174384.11
2023-03-25,3225494.93
2023-03-27,14252915.03
2023-03-28,4697170.07
2023-03-29,5287035.61
2023-03-30,84262373.12
2023-03-31,12494626.56
2023-04-01,4158202.05
2023-04-02,2512683.18
2023-04-03,6638387.79
2023-04-04,11284386.19
2023-04-05,11263856.01
2023-04-06,9637189.26
2023-04-07,7254092.13
2023-04-08,2092284.27
2023-04-09,1515159.53
2023-04-10,7166798.68
2023-04-11,14876894.85
2023-04-12,18348539.96
2023-04-13,6855407.46
2023-04-14,11801079.53
2023-04-15,3136838.93
2023-04-16,2962402.4
2023-04-17,5954031.14
2023-04-18,9057979.1
2023-04-19,12344088.46
2023-04-20,4747700.98
2023-04-21,5642535.02
2023-04-22,2062731.52
2023-04-23,2746481.79
2023-04-24,4548033.05
2023-04-25,4086987.15
2023-04-26,4601824.37
2023-04-27,4679740.1
2023-04-28,6578035.91
2023-04-29,9317870.62
2023-04-30,2011905.9
2023-05-01,3299787.48
2023-05-02,4326370.36
2023-05-03,13503005.65
2023-05-04,4635084.22
2023-05-05,4181092.09
2023-05-06,1503103.31
2023-05-07,24772969.13
2023-05-08,5091967.32
2023-05-09,7637417.55
2023-05-10,6441520.72
2023-05-11,7454332.51
2023-05-12,7837583.77
2023-05-13,2243931.76
2023-05-14,7304825.93
2023-05-15,29887202.15
2023-05-16,9061022.4
2023-05-17,4334513.47
2023-05-18,4207684.26
2023-05-19,4209288.3
2023-05-20,3000344.83
2023-05-21,3094172.4
2023-05-22,23577574.06
2023-05-23,15626913.73
2023-05-24,5480255.88
2023-05-25,16338202.12
2023-05-26,7962021.64
2023-05-27,2432150.24
2023-05-28,4627751.88
2023-05-29,6430933.81
2023-05-30,9904407.98
2023-05-31,9401062.92
2023-06-01,11373419.97
2023-06-02,5462082.26
2023-06-03,3553389.37
2023-06-04,2724402.71
2023-06-05,9325716.44
2023-06-06,5860266.89
2023-06-07,4846241.12
2023-06-08,9020257.92
2023-06-09,2950817.86
2023-06-10,5650155.7
2023-06-11,3550919.79
2023-06-12,7594858.55
2023-06-13,20870721.15
2023-06-14,9239471.27
2023-06-15,9206417.91
2023-06-16,5552215.87
2023-06-17,2580723.69
2023-06-18,11998762.41
2023-06-19,9254153.83
2023-06-20,19405538.86
2023-06-21,19286076.49
2023-06-22,5887486.25
2023-06-23,18841461.24
2023-06-24,4795809.68
2023-06-25,5407067.63
2023-06-26,7449395.09
2023-06-27,7198929.52
2023-06-28,10165113.96
2023-06-29,16708255.47
2023-06-30,4951804.91
2023-07-01,29888718.3
2023-07-02,3815807.06
2023-07-03,6389233.93
2023-07-04,4016543.2
2023-07-05,4767978.81
2023-07-06,20894025.11
2023-07-07,3618586.25
2023-07-08,1889173.8
2023-07-09,3498325.2
2023-07-10,6464539.0
2023-07-11,11398412.5
2023-07-12,6450467.26
2023-07-13,9941896.62
2023-07-14,7409784.04
2023-07-15,2192496.75
2023-07-16,2434393.56
2023-07-17,9132744.7
2023-07-18,10903292.75
2023-07-19,7999553.2
2023-07-20,6615320.42
2023-07-21,9665909.19
2023-07-22,6538856.88
2023-07-23,3374528.24
2023-07-26,3435311.2
2023-07-27,21448765.33
2023-07-28,57476983.04
2023-07-29,1907552.12
2023-07-30,2967350.83
2023-07-31,7082987.12
2023-08-01,3182722.85
2023-08-02,8379558.7
2023-08-03,3111928.43
2023-08-04,4864470.83
2023-08-05,1597165.68
2023-08-06,2837640.65
2023-08-07,3414291.52
2023-08-08,6262218.47
2023-08-09,5267784.87
2023-08-10,5802701.18
2023-08-11,3387256.53
2023-08-12,4664485.51
2023-08-13,3505312.4
2023-08-14,11446103.36
2023-08-15,6679157.74
2023-08-16,6851364.54
2023-08-17,8223016.18
2023-08-18,9980090.88
2023-08-19,1903174.88
2023-08-20,2479434.21
2023-08-21,7949624.5
2023-08-22,6930152.14
2023-08-23,4443622.25
2023-08-24,3169050.05
2023-08-25,4484862.76
2023-08-26,1883983.85
2023-08-27,6113032.91
2023-08-28,5792400.81
2023-08-29,12917963.01
2023-08-30,4793549.74
2023-08-31,5796877.68
2023-09-01,6407100.2
2023-09-02,1875637.09
2023-09-03,3239524.96
2023-09-04,4697917.49
2023-09-05,5695517.3
2023-09-06,6120934.24
2023-09-07,3782946.5
2023-09-08,3606296.57
2023-09-09,2587618.62
2023-09-10,1897231.24
2023-09-11,4050026.8
2023-09-12,3948336.04
2023-09-13,3201440.18
2023-09-14,6840025.68
2023-09-15,5386513.73
2023-09-16,2334518.46
2023-09-17,2025196.56
2023-09-18,10991436.83
2023-09-19,27237915.03
2023-09-20,4395680.04
2023-09-21,3190424.7
2023-09-22,2512679.05
2023-09-23,2278516.13
2023-09-24,2682734.49
2023-09-25,4743041.32
2023-09-26,4740280.0
2023-09-27,3648661.49
2023-09-28,7281895.83
2023-09-29,7715589.72
2023-09-30,3262564.45
2023-10-01,3381344.6
2023-10-02,14273561.71
2023-10-03,6940683.72
2023-10-04,11201958.92
2023-10-05,5487258.77
2023-10-06,8364758.04
2023-10-07,9472387.53
2023-10-08,2595263.41
2023-10-09,11720066.48
2023-10-10,6474561.44
2023-10-11,13682680.3
2023-10-12,5451664.93
2023-10-13,4260741.71
2023-10-14,23363379.14
2023-10-15,2282087.28
2023-10-16,6838137.53
2023-10-17,6805040.15
2023-10-18,7107238.05
2023-10-19,15683210.62
2023-10-20,8549430.87
2023-10-21,3338468.24
2023-10-22,3822841.32
2023-10-23,12888509.36
2023-10-24,18537843.31
2023-10-25,9182962.88
2023-10-26,13886585.73
2023-10-27,8732620.86
2023-10-28,8261562.7
2023-10-29,4929396.91
2023-10-30,6807049.67
2023-10-31,8908871.75
2023-11-01,27810579.35
2023-11-02,11567796.09
2023-11-03,7049789.93
2023-11-04,3903491.66
2023-11-05,3961792.29
2023-11-06,4151577.55
2023-11-07,6392207.91
2023-11-08,5752716.99
2023-11-09,20446342.46
2023-11-10,8820939.55
2023-11-11,3753467.83
2023-11-12,3926633.26
2023-11-13,6364714.56
2023-11-14,6191846.68
2023-11-15,14737198.4
2023-11-16,8369726.54
2023-11-17,6845344.86
2023-11-18,3857018.33
2023-11-19,7210390.43
2023-11-20,8370733.64
2023-11-21,12919053.62
2023-11-22,14901390.78
2023-11-23,5036717.74
2023-11-24,4854289.67
2023-11-25,2871824.46
2023-11-26,5681553.81
2023-11-27,4202758.57
2023-11-28,6413319.46
2023-11-29,6392585.43
2023-11-30,30277479.26
2023-12-01,6876609.58
2023-12-02,4377216.96
2023-12-03,4195536.75
2023-12-04,20372923.83
2023-12-05,12472176.87
2023-12-06,18322535.96
2023-12-07,12268271.51
2023-12-08,8420149.47
2023-12-09,5317584.25
2023-12-10,4386605.04
2023-12-11,11252970.55
2023-12-12,16825895.78
2023-12-13,5345155.47
2023-12-14,4410831.77
2023-12-15,12615037.93
2023-12-16,6537442.68
2023-12-17,2533221.77
2023-12-18,15557602.05
2023-12-19,9571994.76
2023-12-20,8780773.59
2023-12-21,6633555.53
2023-12-22,22171034.02
2023-12-23,6093092.53
2023-12-24,19038978.66
2023-12-25,3414509.43
2023-12-26,8652144.85
2023-12-27,52980917.48
2023-12-28,8363483.83
2023-12-29,28891756.63
2023-12-30,9267575.37
2023-12-31,5171060.09
2024-01-01,3409418.95
2024-01-02,10569339.72
2024-01-03,7957044.25
2024-01-04,62818504.14
2024-01-05,7237533.46
2024-01-06,3386093.59
2024-01-07,4191233.03
2024-01-08,7853718.31
2024-01-09,11563627.54
2024-01-10,9990581.64
2024-01-11,10418033.94
2024-01-12,11655143.09
2024-01-13,3806759.17
2024-01-14,5604791.07
2024-01-15,5823160.16
2024-01-16,98989615.95
2024-01-17,23584180.29
2024-01-18,25642791.98
2024-01-19,15811405.0
2024-01-20,2814297.94
2024-01-21,2397137.72
2024-01-22,24412551.82
2024-01-23,21165075.41
2024-01-24,33333795.23
2024-01-25,23812106.58
2024-01-26,16086499.35
2024-01-27,4486821.14
2024-01-28,2766340.77
2024-01-29,13839356.97
2024-01-30,21368497.05
2024-01-31,18757020.56
2024-02-01,9702219.9
2024-02-02,12001037.78
2024-02-03,1928824.27
2024-02-04,6422659.73
2024-02-05,10917530.92
2024-02-06,25256081.51
2024-02-07,8355192.94
2024-02-08,7466790.04
2024-02-09,9302290.69
2024-02-10,5508902.98
2024-02-11,5740524.15
2024-02-12,13179685.98
2024-02-13,7734689.3
2024-02-14,17496587.52
2024-02-15,13730737.48
2024-02-16,13617939.54
2024-02-17,4912288.19
2024-02-18,4200409.39
2024-02-19,38234331.15
2024-02-20,8406127.52
2024-02-21,12397413.01
2024-02-22,18863705.58
2024-02-23,16522077.69
2024-02-24,3996495.35
2024-02-25,5062731.8
2024-02-26,9557297.63
2024-02-27,16953975.71
2024-02-28,43980345.84
2024-02-29,28373218.76
2024-03-01,61857488.93
2024-03-02,5960422.28
2024-03-03,6944112.94
2024-03-04,24735237.1
2024-03-05,41960295.79
2024-03-06,64378936.25
2024-03-07,31611588.38
2024-03-08,24610969.59
2024-03-09,9214785.73
2024-03-10,19390308.73
2024-03-11,26624898.99
2024-03-12,19580670.92
2024-03-13,17890258.73
2024-03-14,35038129.56
2024-03-15,18321430.87
2024-03-16,6893153.85
2024-03-17,35013962.48
2024-03-18,15567934.06
2024-03-19,12191955.18
2024-03-20,13064967.86
2024-03-21,24353787.21
2024-03-22,34881249.12
2024-03-23,154758916.27
2024-03-24,11277641.2
2024-03-25,61616278.0
2024-03-26,22729775.35
2024-03-27,11194634.65
2024-03-28,39121226.06
2024-03-29,8333075.66
2024-03-30,5442872.81
2024-03-31,6438208.86
2024-04-01,69291618.5
2024-04-02,24302569.19
2024-04-03,9069684.37
2024-04-04,8954593.8
2024-04-05,5471894.94
2024-04-06,6858189.12
2024-04-07,4495642.39
2024-04-08,8467931.38
2024-04-09,10839800.99
2024-04-10,7480717.71
2024-04-11,6032903.79
2024-04-12,8734523.36
2024-04-13,5038645.07
2024-04-14,5985905.72
2024-04-15,9029322.99
2024-04-16,23381734.37
2024-04-17,8334747.96
2024-04-18,19872646.62
2024-04-19,12965765.52
2024-04-20,2410360.64
2024-04-21,3256402.62
2024-04-22,4564893.11
2024-04-23,6412980.66
2024-04-24,20614352.11
2024-04-25,6360748.0
2024-04-26,6682820.32
2024-04-27,5489678.8
2024-04-28,6817279.32
2024-04-29,7135251.9
2024-04-30,13760281.81
2024-05-01,8779007.57
2024-05-02,7432984.22
2024-05-03,8419505.03
2024-05-04,2684950.31
2024-05-05,2220894.94
2024-05-06,8983606.33
2024-05-07,4181372.73
2024-05-08,5112194.37
2024-05-09,4666363.64
2024-05-10,4286799.87
2024-05-11,4265657.22
2024-05-12,8643194.62
2024-05-13,6496638.69
2024-05-14,6929195.44
2024-05-15,39848649.82
2024-05-16,6541762.54
2024-05-17,7229383.45
2024-05-18,3049557.48
2024-05-19,4466411.01
2024-05-20,8053071.74
2024-05-21,9934568.21
2024-05-22,16164655.84
2024-05-23,10886303.45
2024-05-24,8637210.36
2024-05-25,2180786.76
2024-05-26,6384789.66
2024-05-27,9981400.8
2024-05-28,492939134.49
2024-05-29,5581702.11
2024-05-30,31772764.18
2024-05-31,5756882.68
2024-06-01,3882560.02
2024-06-02,4365144.29
2024-06-03,15805490.28
2024-06-04,7801105.72
2024-06-05,9435263.89
2024-06-06,17856124.64
2024-06-07,4385075.0
2024-06-08,6012558.74
2024-06-09,4204491.59
2024-06-10,5884843.17
2024-06-11,43194291.36
2024-06-12,10020216.71
2024-06-13,4184444.33
2024-06-14,6505822.03
2024-06-15,9163109.47
2024-06-16,2326853.15
2024-06-17,8069154.89
2024-06-18,5820116.39
2024-06-19,4756832.34
2024-06-20,4575759.63
2024-06-21,6610889.47
2024-06-22,55525061.19
2024-06-23,3440516.55
2024-06-24,15948218.81
2024-06-25,6516628.46
2024-06-26,9607274.43
2024-06-27,43157022.61
2024-06-28,9145880.48
2024-06-29,2355398.71
2024-06-30,3017263.01
2024-07-01,8009029.95
2024-07-02,4544145.98
2024-07-03,24236443.96
2024-07-04,14609506.93
2024-07-05,39737044.7
2024-07-06,21572971.99
2024-07-07,5956301.48
2024-07-08,4696631.61
2024-07-09,19050298.03
2024-07-10,15364575.94
2024-07-11,4355635.28
2024-07-12,7309300.99
2024-07-13,3255429.28
2024-07-14,6097634.3
2024-07-15,10120508.88
2024-07-16,8978722.13
2024-07-17,9471624.51
2024-07-18,14631219.87
2024-07-19,26721964.39
2024-07-20,3663450.59
2024-07-21,2774599.35
2024-07-22,6282148.64
2024-07-23,56193165.73
2024-07-24,7912850.18
2024-07-25,16734929.56
2024-07-26,5674023.2
2024-07-27,8982977.7
2024-07-28,4521395.42
2024-07-29,14216978.92
2024-07-30,48447522.5
2024-07-31,6744395.32
2024-08-01,13117469.65
2024-08-02,7199661.52
2024-08-03,6901762.93
2024-08-04,6589066.06
2024-08-05,33901277.96
2024-08-06,5698366.53
2024-08-07,7849331.18
2024-08-08,6377679.65
2024-08-09,7957633.58
2024-08-10,15313493.8
2024-08-11,2674267.51
2024-08-12,6753674.2
2024-08-13,7074002.72
2024-08-14,4685420.51
2024-08-15,6873434.14
2024-08-16,5651344.4
2024-08-17,2234830.11
2024-08-18,3036307.81
2024-08-19,8931339.74
2024-08-20,4544764.54
2024-08-21,8362002.99
2024-08-22,6104185.52
2024-08-23,8651126.77
2024-08-24,3356239.7
2024-08-25,2343536.16
2024-08-26,5316577.49
2024-08-27,18782960.73
2024-08-28,5434669.8
2024-08-29,38469874.19
2024-08-30,4748266.68
2024-08-31,6682003.17
2024-09-01,2154103.71
2024-09-02,3633973.43
2024-09-03,7572734.15
2024-09-04,9229202.56
2024-09-05,5970085.52
2024-09-06,10792274.4
2024-09-07,1769093.15
2024-09-08,4727049.69
2024-09-09,11602507.97
2024-09-10,8925235.12
2024-09-11,5973734.44
2024-09-12,5894408.46
2024-09-13,14292073.44
2024-09-14,2736252.81
2024-09-15,4300612.16
2024-09-16,10459498.99
2024-09-17,6303609.22
2024-09-18,10709657.13
2024-09-19,8034326.86
2024-09-20,14548293.13
2024-09-21,3582645.67
2024-09-22,2956580.23
2024-09-23,10703579.42
2024-09-24,6201865.05
2024-09-25,11156768.69
2024-09-26,15046996.18
2024-09-27,7797081.89
2024-09-28,4179705.06
2024-09-29,3207265.45
2024-09-30,7706005.26
2024-10-01,4431285.66
2024-10-02,5689469.04
2024-10-03,7854419.29
2024-10-04,8368010.25
2024-10-05,2021597.06
2024-10-06,3056761.16
2024-10-07,6642481.95
2024-10-08,78445784.57
2024-10-09,10188642.42
2024-10-10,7881674.73
2024-10-11,27446256.45
2024-10-12,7028432.08
2024-10-13,6116427.18
2024-10-14,9043521.54
2024-10-15,31276287.45
2024-10-16,7112315.26
2024-10-17,7866194.6
2024-10-18,11147839.3
2024-10-19,10147806.89
2024-10-20,18238677.97
2024-10-21,22887088.46
2024-10-22,6088836.17
2024-10-23,7405236.02
2024-10-24,5814201.89
2024-10-25,9086813.38
2024-10-26,4490718.95
2024-10-27,4012333.53
2024-10-28,7968172.47
2024-10-29,15251689.01
2024-10-30,11097510.19
2024-10-31,9283200.24
2024-11-01,11106700.47
2024-11-02,5340823.64
2024-11-03,4859120.79
2024-11-04,10054075.4
2024-11-05,10539814.46
2024-11-06,20289304.65
2024-11-07,11543091.49
2024-11-08,18587485.39
2024-11-09,4725261.22
2024-11-10,12082915.27
2024-11-11,27776435.88
2024-11-12,33271777.11
2024-11-13,32009477.19
2024-11-14,50512760.11
2024-11-15,44971009.28
2024-11-16,9085287.75
2024-11-17,8643602.68
2024-11-18,14553804.11
2024-11-19,28985336.69
2024-11-20,30112463.64
2024-11-21,48803543.7
2024-11-22,33950439.09
2024-11-23,17603743.55
2024-11-24,10295943.08
2024-11-25,26441851.88
2024-11-26,37848971.36
2024-11-27,27506496.26
2024-11-28,25177480.32
2024-11-29,11445160.7
2024-11-30,6430658.28
2024-12-01,6860047.99
2024-12-02,28681264.31
2024-12-03,39083910.05
2024-12-04,19509422.86
2024-12-05,54690153.49
2024-12-06,43772665.9
2024-12-07,7693285.01
2024-12-08,9080700.7
2024-12-09,42862239.85
2024-12-10,13160550.85
2024-12-11,31492932.01
2024-12-12,10509215.48
2024-12-13,18409678.19
2024-12-14,9599193.56
2024-12-15,10079763.53
2024-12-16,26631419.78
2024-12-17,24915412.76
2024-12-18,29893354.07
2024-12-19,41613163.37
2024-12-20,32631259.18
2024-12-21,5407603.93
2024-12-22,9812315.49
2024-12-23,64709893.97
2024-12-24,42000908.66
2024-12-25,4829709.4
2024-12-26,11508493.05
2024-12-27,25878530.92
2024-12-28,7493369.42
2024-12-29,24705887.06
2024-12-30,33505973.76
2024-12-31,32681932.36
2025-01-01,22945459.8
2025-01-02,8006144.6
2025-01-03,5867526.68
2025-01-04,4946894.45
2025-01-05,4162259.05
2025-01-06,8573102.67
2025-01-07,23637921.54
2025-01-08,9310520.85
2025-01-09,6804007.34
2025-01-10,8170600.32
2025-01-11,4796427.9
2025-01-12,4174441.19
2025-01-13,6318198.52
2025-01-14,6268801.77
2025-01-15,18379012.45
2025-01-16,9207518.97
2025-01-17,14046857.41
2025-01-18,13318039.74
2025-01-19,9416116.72
2025-01-20,13294773.73
2025-01-21,16375878.96
2025-01-22,25726953.25
2025-01-23,95892867.69
2025-01-24,7437119.76
2025-01-25,5635721.46
2025-01-26,4790398.54
2025-01-27,11889025.68
2025-01-28,8770354.65
2025-01-29,5315246.54
2025-01-30,6555117.56
2025-01-31,5961461.39
2025-02-01,5489977.34
2025-02-02,5586304.22
2025-02-03,11829586.64
2025-02-04,50377764.66
2025-02-05,34224840.65
2025-02-06,22177257.4
2025-02-07,6744541.54
2025-02-08,4567900.02
2025-02-09,37712556.01
2025-02-10,7356987.16
2025-02-11,22948133.7
2025-02-12,7174253.11
2025-02-13,4700635.09
2025-02-14,7575570.25
2025-02-15,3998485.21
2025-02-16,2634080.07
2025-02-17,4748500.08
2025-02-18,7015510.17
2025-02-19,4308972.8
2025-02-20,5116948.42
2025-02-21,6720304.29
2025-02-22,4834435.23
2025-02-23,3104399.26
2025-02-24,6986145.87
2025-02-25,25677620.79
2025-02-26,24734625.37
2025-02-27,12308595.24
2025-02-28,14646192.73
2025-03-01,3638152.81
2025-03-02,6388270.56
2025-03-03,15965175.71
2025-03-04,8436026.93
2025-03-05,6160159.88
2025-03-06,14345673.21
2025-03-07,11206376.14
2025-03-08,2185232.66
2025-03-09,3998427.22
2025-03-10,23899121.71
2025-03-11,12073555.74
2025-03-12,12959802.64
2025-03-13,12233876.97
2025-03-14,11046950.08
2025-03-15,1871413.47
2025-03-16,3528069.39
2025-03-17,5939293.25
2025-03-18,5992003.11
2025-03-19,7592485.7
2025-03-20,14650136.67
2025-03-21,3966281.59
2025-03-22,9538234.19
2025-03-23,2734809.22
2025-03-24,4864363.95
2025-03-25,6634592.14
2025-03-26,8035538.51
2025-03-27,4919135.06
2025-03-28,24459624.37
2025-03-29,2925238.33
2025-03-30,4106517.53
2025-03-31,8766848.65
2025-04-01,5246770.98
2025-04-02,15151559.0
2025-04-03,32591552.88
2025-04-04,8651548.14
2025-04-05,4526730.69
2025-04-06,4923720.91
2025-04-07,28393399.31
2025-04-08,7461520.71
2025-04-09,13282311.89
2025-04-10,22744098.98
2025-04-11,16989256.51
2025-04-12,3164282.35
2025-04-13,6694894.2
2025-04-14,6947515.87
2025-04-15,31629170.58
2025-04-16,11993233.6
2025-04-17,7284615.69
2025-04-18,3548643.75
2025-04-19,1952369.93
2025-04-20,3243237.04
2025-04-21,7644243.53
2025-04-22,10595071.58
2025-04-23,14726991.33
2025-04-24,20625041.05
2025-04-25,28673451.85
2025-04-26,7753805.79
2025-04-27,3667247.63
2025-04-28,19919264.29
2025-04-29,24058871.38
2025-04-30,13772989.22
2025-05-01,17122495.94
2025-05-02,18113556.81
2025-05-03,3575012.52
2025-05-04,2756900.03
2025-05-05,47204744.16
2025-05-06,32054724.15
2025-05-07,18555609.38
2025-05-08,20480824.11
2025-05-09,20592815.7
2025-05-10,3159827.46
2025-05-11,5455062.15
2025-05-12,11050946.84
2025-05-13,31795636.65
2025-05-14,10124752.95
2025-05-15,30384046.63
2025-05-16,10843204.56
2025-05-17,3205994.68
2025-05-18,5801966.6
2025-05-19,28608836.94
2025-05-20,22318524.06
2025-05-21,26099846.34
2025-05-22,13427747.5
2025-05-23,12042525.08
2025-05-24,3826484.44
2025-05-25,8112877.92
2025-05-26,33803323.53
2025-05-27,37943227.45
2025-05-28,11729811.23
2025-05-29,24231632.14
2025-05-30,8727469.43
2025-05-31,2835870.63
2025-06-01,3274987.87
2025-06-02,7931558.93
2025-06-03,10835511.98
2025-06-04,23559163.08
2025-06-05,5856994.53
2025-06-06,7075427.97
2025-06-07,5823574.6
2025-06-08,4513598.66
2025-06-09,5542883.43
2025-06-10,13561275.0
2025-06-11,7166951.45
2025-06-12,6315545.58
2025-06-13,20499445.21
2025-06-14,2513932.88
2025-06-15,4524980.19
2025-06-16,14647623.85
2025-06-17,8342382.17
2025-06-18,9898394.27
2025-06-19,6875309.05
2025-06-20,7009060.17
2025-06-21,6225302.89
2025-06-22,11836775.7
2025-06-23,10901622.73
2025-06-24,13578169.87
2025-06-25,13860853.88
2025-06-26,26409589.77
2025-06-27,23637647.92
2025-06-28,3217108.59
2025-06-29,4291355.18
2025-06-30,35180584.21
2025-07-01,15201646.62
2025-07-02,9473107.2
2025-07-03,12407469.05
2025-07-04,403562568.64
2025-07-05,2474512.19
2025-07-06,2854911.15
2025-07-07,22990991.36
2025-07-08,31122887.67
2025-07-09,24970735.39
2025-07-10,9082259.23
2025-07-11,29281727.45
2025-07-12,17029905.98
2025-07-13,6911533.09
2025-07-14,18732581.39
2025-07-15,17447653.05
2025-07-16,32053925.88
2025-07-17,31491137.97
2025-07-18,11435306.15
2025-07-19,16664758.66
2025-07-20,4762826.91
2025-07-21,21804699.4
2025-07-22,28072735.31
2025-07-23,23637873.44
2025-07-24,29313714.32
2025-07-25,29573767.11
2025-07-26,6878053.47
2025-07-27,4936113.47
2025-07-28,17485782.91
2025-07-29,22167279.73
2025-07-30,20443772.91
2025-07-31,8655665.23
2025-08-01,8981196.72
2025-08-02,3017913.99
2025-08-03,9122353.29
2025-08-04,8078037.75
2025-08-05,17095940.99
2025-08-06,4271522.81
2025-08-07,21587491.14
2025-08-08,12513020.24
2025-08-09,3975287.6
2025-08-10,7949251.43
2025-08-11,7439870.72
2025-08-12,12172147.89
2025-08-13,11725929.35
2025-08-14,18696685.61
2025-08-15,9486143.47
2025-08-16,20815073.68
2025-08-17,3854909.78
2025-08-18,7220611.23
2025-08-19,14648048.66
2025-08-20,14053674.99
2025-08-21,12628961.16
2025-08-22,16816287.77
2025-08-23,6478880.03
2025-08-24,5274356.84
2025-08-25,12547923.34
2025-08-26,9170042.36
2025-08-27,10792077.59
2025-08-28,12156597.91
2025-08-29,77155377.63
2025-08-30,8161372.63
2025-08-31,7257424.33
2025-09-01,7197838.81
2025-09-02,7306452.52
2025-09-03,9553548.59
2025-09-04,16999269.82
2025-09-05,29431526.69
2025-09-06,6595199.24
2025-09-07,5856594.9
2025-09-08,9738710.34
2025-09-09,10833049.22
2025-09-10,9700371.69
2025-09-11,13737949.66
2025-09-12,10970084.44
2025-09-13,8065806.03
2025-09-14,3602063.84
2025-09-15,16938716.11
2025-09-16,13481483.43
2025-09-17,23458020.7
2025-09-18,11246686.36
2025-09-19,33192787.88
2025-09-20,5563502.71
2025-09-21,4848211.56
2025-09-22,8262986.01
2025-09-23,21153950.03
2025-09-24,5790642.2
2025-09-25,22934202.87
2025-09-26,11512946.7
2025-09-27,6237952.75
2025-09-28,5905913.96
2025-09-29,7728987.79
2025-09-30,20140394.62
2025-10-01,19130204.04
2025-10-02,17556426.68
2025-10-03,14843438.14
2025-10-04,10545853.62
2025-10-05,8546271.91
2025-10-06,11547198.91
2025-10-07,17575440.79
2025-10-08,19291196.38
2025-10-09,27819108.47
2025-10-10,10485418.97
2025-10-11,10199168.06
2025-10-12,6045969.47
2025-10-13,5036829.95
2025-10-14,50460274.76
2025-10-15,53028373.09
2025-10-16,13197795.9
2025-10-17,21308107.62
2025-10-18,7436713.87
2025-10-19,8091383.06
2025-10-20,6282755.38
2025-10-21,16145887.46
2025-10-22,33917942.05
2025-10-23,13509883.4
2025-10-24,15143786.84
2025-10-25,6043826.14
2025-10-26,12940103.24
2025-10-27,15964024.16
2025-10-28,35737162.57
2025-10-29,28014293.58
2025-10-30,25586772.77
2025-10-31,14131290.34
2025-11-01,13193229.0
2025-11-02,3566009.37
2025-11-03,24450227.95
2025-11-04,25552190.07
2025-11-05,15641545.64
2025-11-06,15159409.84
2025-11-07,77795077.54
2025-11-08,11366692.4
2025-11-09,2767925.36
2025-11-10,12685419.12
2025-11-11,14494070.84
2025-11-12,11471198.52
2025-11-13,25800939.73
2025-11-14,20879534.72
2025-11-15,5897784.04
2025-11-16,7819217.22
2025-11-17,27418186.09
2025-11-18,44279836.75
2025-11-19,14446128.71
2025-11-20,26407216.62
2025-11-21,23640060.8
2025-11-22,327700143.34
2025-11-23,244417560.62
2025-11-24,11643910.91
2025-11-25,14771343.0
2025-11-26,38532545.69
2025-11-27,7033853.53
2025-11-28,6374587.83
2025-11-29,2407186.81
2025-11-30,3933670.84
2025-12-01,26231593.83
2025-12-02,8756220.3
2025-12-03,21006085.76
2025-12-04,6935308.24
2025-12-05,21042393.23
2025-12-06,5966050.55
2025-12-07,5445667.37
2025-12-08,26844989.78
2025-12-09,16492870.36
2025-12-10,29539513.49
2025-12-11,9901385.17
2025-12-12,20912424.13
2025-12-13,6287224.62
2025-12-14,3741486.67
2025-12-15,8239369.85
2025-12-16,24975958.25
2025-12-17,14364817.08
2025-12-18,6251617.54
2025-12-19,13565493.23
2025-12-20,19034842.07
2025-12-21,2861460.25
2025-12-22,10276110.67
2025-12-23,18490188.85
2025-12-24,8257591.8
2025-12-25,3353107.22
2025-12-26,7887075.66
2025-12-27,3669166.6
2025-12-28,5187120.66
2025-12-29,8376253.1
2025-12-30,10012719.67
2025-12-31,19424110.69
2026-01-01,10358551.59
2026-01-02,4477960.5
2026-01-03,2742946.81
2026-01-04,3930900.97
2026-01-05,10911401.98
2026-01-06,6104316.1
2026-01-07,25342444.4
2026-01-08,7511447.68
2026-01-09,9388879.24
2026-01-10,19717553.65
2026-01-11,4183498.1
2026-01-12,10633673.72
2026-01-13,13399577.47
2026-01-14,8619167.53
2026-01-15,2659139.98
2026-01-16,6197361.65
2026-01-17,7793616.58
2026-01-18,3881532.99
2026-01-19,8285897.56
2026-01-20,10136671.36
2026-01-21,7353541.25
2026-01-22,9645678.94
2026-01-23,26847264.84
2026-01-24,3342265.46
2026-01-25,3584533.63
2026-01-26,6976762.15
2026-01-27,5388825.75
2026-01-28,6476019.81
2026-01-29,6300700.27
2026-01-30,11278919.04
2026-01-31,10063561.33
2026-02-01,9059148.83
2026-02-02,19874809.27
2026-02-03,12805276.96
2026-02-04,14476682.02
2026-02-05,35049256.5
2026-02-06,23789766.21
2026-02-07,7967557.36
2026-02-08,5619400.21
2026-02-09,8523683.46
2026-02-10,18566699.07
2026-02-11,8068721.84
2026-02-12,8114701.88
2026-02-13,16265671.22
2026-02-14,3151469.25
2026-02-15,2151660.21
2026-02-16,3860864.93
2026-02-17,5097220.19
2026-02-18,12266463.13
2026-02-19,8053192.7
2026-02-20,7616302.04
2026-02-21,4540683.05
2026-02-22,2118910.96
2026-02-23,8500900.7
2026-02-24,10853600.46
2026-02-25,6630708.96
2026-02-26,8634965.04
2026-02-27,5799280.63
2026-02-28,2349793.9
2026-03-01,2648838.64
2026-03-02,5173585.24
2026-03-03,4620508.99
2026-03-04,6215769.45
2026-03-05,6402874.44
2026-03-06,10320363.63
2026-03-07,2216985.53
2026-03-08,3883947.16
2026-03-09,8546098.27
2026-03-10,4112168.39
2026-03-11,8903812.97
2026-03-12,14526873.02
2026-03-13,7152803.87
2026-03-14,3910295.93
2026-03-15,2297685.13
2026-03-16,10128145.15
2026-03-17,7950617.8
2026-03-18,4611661.56
2026-03-19,5070590.91
2026-03-20,14244930.68
2026-03-21,1686842.38
2026-03-22,25807487.66
2026-03-23,8091258.64
2026-03-24,10481810.06
2026-03-25,5560996.25
2026-03-26,7403699.85
2026-03-27,5581166.48
2026-03-28,1124432.8
2026-03-29,2383975.82
2026-03-30,6165933.48
2026-03-31,22832818.65
2026-04-01,4891256.0
2026-04-02,6019237.75
2026-04-03,3705147.86
2026-04-04,2366581.84
2026-04-05,14092839.18
2026-04-06,5256600.18
2026-04-07,6740355.66
2026-04-08,4109749.79
2026-04-09,6099424.87
2026-04-10,5427022.84
2026-04-11,3947955.86
2026-04-12,4550250.24
2026-04-13,6346093.06
2026-04-14,18692269.98
2026-04-15,6683211.96
2026-04-16,10560832.22
2026-04-17,8235701.48
2026-04-18,4372358.95
2026-04-19,3255685.66
2026-04-20,11552527.44
2026-04-21,25561771.46
2026-04-22,13843928.57
2026-04-23,7171248.2
2026-04-24,36043015.79
2026-04-25,1713360.81
2026-04-26,2761318.08
