date,value
2011-01-01,2.3448694053
2011-01-02,2.3226670213
2011-01-03,2.2511830177
2011-01-04,2.2773228445
2011-01-05,2.2603972564
2011-01-06,2.2350331385
2011-01-07,2.4451548725
2011-01-08,2.451604214
2011-01-09,2.430378799
2011-01-10,2.4362976595
2011-01-11,2.394929344
2011-01-12,2.2976471475
2011-01-13,2.2600855951
2011-01-14,3.0374573208
2011-01-15,2.8538517003
2011-01-16,2.8151069394
2011-01-17,2.4243953697
2011-01-18,2.0588215476
2011-01-19,2.0406815534
2011-01-20,2.7449269421
2011-01-21,2.9781458356
2011-01-22,3.1059950173
2011-01-23,3.0609533911
2011-01-24,2.8093113031
2011-01-25,2.6859949573
2011-01-26,2.5551577648
2011-01-27,2.5711434551
2011-01-28,2.730544953
2011-01-29,2.6373793465
2011-01-30,2.9111383087
2011-01-31,3.2228625924
2011-02-01,4.4733146579
2011-02-02,4.3758276927
2011-02-03,3.9843270901
2011-02-04,4.5891064391
2011-02-05,4.9513022563
2011-02-06,4.6095680063
2011-02-07,4.3149286839
2011-02-08,4.2905662544
2011-02-09,4.585189365
2011-02-10,4.1964626889
2011-02-11,4.3655742993
2011-02-12,4.2936452641
2011-02-13,3.9989180103
2011-02-14,3.9227098653
2011-02-15,3.7128518021
2011-02-16,3.5321615005
2011-02-17,3.4732688146
2011-02-18,2.8343268737
2011-02-19,2.9646406567
2011-02-20,2.6059569405
2011-02-21,2.4603008096
2011-02-22,2.5874321303
2011-02-23,2.6409793095
2011-02-24,2.9309159207
2011-02-25,2.6125019859
2011-02-26,2.7260371383
2011-02-27,2.4540948249
2011-02-28,2.2963425716
2011-03-01,2.3792469298
2011-03-02,2.4147526522
2011-03-03,2.3833274645
2011-03-04,2.2254696877
2011-03-05,2.2251546838
2011-03-06,2.1268143086
2011-03-07,2.0866451244
2011-03-08,2.0298393462
2011-03-09,1.9953332552
2011-03-10,2.1827160487
2011-03-11,2.0294547356
2011-03-12,2.1326397701
2011-03-13,2.0300305946
2011-03-14,2.013576482
2011-03-15,1.9268988867
2011-03-16,1.8392481744
2011-03-17,1.743670125
2011-03-18,1.6610085346
2011-03-19,1.5353391708
2011-03-20,1.4554372555
2011-03-21,1.5074001628
2011-03-22,1.6620253416
2011-03-23,1.7846337025
2011-03-24,1.8396364663
2011-03-25,1.8658073089
2011-03-26,1.7596099382
2011-03-27,1.6466134992
2011-03-28,1.5549616201
2011-03-29,1.5436355132
2011-03-30,1.5309436139
2011-03-31,1.5110090817
2011-04-01,1.4740422968
2011-04-02,1.4963951003
2011-04-03,1.4834488119
2011-04-04,1.1642516578
2011-04-05,1.2756501387
2011-04-06,1.3507691901
2011-04-07,1.3918347811
2011-04-08,1.3770672606
2011-04-09,1.3248588457
2011-04-10,1.3206932867
2011-04-11,1.434394835
2011-04-12,1.7142403205
2011-04-13,1.9186371966
2011-04-14,2.1130198165
2011-04-15,2.0446603131
2011-04-16,2.2186507664
2011-04-17,2.3500921372
2011-04-18,2.4713559876
2011-04-19,2.5407854084
2011-04-20,2.3870864205
2011-04-21,2.5495383747
2011-04-22,3.0661644513
2011-04-23,4.1384357037
2011-04-24,3.4908554372
2011-04-25,3.2384088402
2011-04-26,3.7010151412
2011-04-27,3.9335574316
2011-04-28,4.7091270898
2011-04-29,5.4691557301
2011-04-30,6.291040255
2011-05-01,5.0971790002
2011-05-02,5.0289215945
2011-05-03,5.0355314807
2011-05-04,4.8005317034
2011-05-05,4.4800596528
2011-05-06,4.4375773993
2011-05-07,4.531967674
2011-05-08,4.6182973345
2011-05-09,4.3623582894
2011-05-10,6.3384083557
2011-05-11,5.6203736029
2011-05-12,6.1435745798
2011-05-13,7.1744792099
2011-05-14,5.5926306601
2011-05-15,5.161181985
2011-05-16,5.5638846067
2011-05-17,4.7622797836
2011-05-18,4.1793575896
2011-05-19,4.1146832938
2011-05-20,3.0678091043
2011-05-21,3.3546765469
2011-05-22,3.6776093013
2011-05-23,3.7983302155
2011-05-24,3.8923919569
2011-05-25,4.4731495237
2011-05-26,4.4142261331
2011-05-27,4.0590316234
2011-05-28,3.8297655876
2011-05-29,3.7462017296
2011-05-30,3.8323402773
2011-05-31,3.6858781149
2011-06-01,4.0276372667
2011-06-02,4.3911292701
2011-06-03,5.7145202309
2011-06-04,6.9012161524
2011-06-05,5.7052254548
2011-06-06,5.8325047671
2011-06-07,6.9163848088
2011-06-08,7.6765385265
2011-06-09,6.7979455501
2011-06-10,5.1038231077
2011-06-11,2.6243473818
2011-06-12,3.4444708964
2011-06-13,3.4773161062
2011-06-14,3.226643888
2011-06-15,3.1100675956
2011-06-16,2.6747143325
2011-06-17,2.0657090276
2011-06-18,2.3468660248
2011-06-19,2.432587323
2011-06-20,2.3878001048
2011-06-21,2.3387950531
2011-06-22,2.3031638916
2011-06-23,2.2678716781
2011-06-24,2.23125644
2011-06-25,2.1998236897
2011-06-26,1.9372542508
2011-06-27,1.9723878003
2011-06-28,1.9798080034
2011-06-29,1.9311375287
2011-06-30,1.7748270255
2011-07-01,1.6170512742
2011-07-02,1.6002838558
2011-07-03,1.6012411888
2011-07-04,1.2933657659
2011-07-05,1.1166892072
2011-07-06,1.4390041576
2011-07-07,1.4442482806
2011-07-08,1.3444232202
2011-07-09,1.353296332
2011-07-10,1.3845379495
2011-07-11,1.3187638593
2011-07-12,1.2589969184
2011-07-13,1.2435275336
2011-07-14,1.2423521346
2011-07-15,1.20207799
2011-07-16,1.1806791417
2011-07-17,1.0940361171
2011-07-18,1.1981871343
2011-07-19,1.2262797401
2011-07-20,1.2091009319
2011-07-21,1.1931512982
2011-07-22,1.2047584495
2011-07-23,1.1972973095
2011-07-24,1.2471416372
2011-07-25,1.2488743359
2011-07-26,1.216591765
2011-07-27,1.2115992795
2011-07-28,1.1417062081
2011-07-29,1.1413228386
2011-07-30,1.1414313873
2011-07-31,1.1100984035
2011-08-01,1.0470777991
2011-08-02,0.9058324291
2011-08-03,0.4075818639
2011-08-04,0.6658385377
2011-08-05,0.4883542333
2011-08-06,0.0214905583
2011-08-07,0.2928707497
2011-08-08,0.1848498836
2011-08-09,0.5396844214
2011-08-10,0.5830442458
2011-08-11,0.4772824625
2011-08-12,0.4801961197
2011-08-13,0.5767856035
2011-08-14,0.7168191643
2011-08-15,0.7720193048
2011-08-16,0.7453670572
2011-08-17,0.7383419956
2011-08-18,0.7185623244
2011-08-19,0.8595140533
2011-08-20,0.8206717448
2011-08-21,0.8013893269
2011-08-22,0.7243246125
2011-08-23,0.7239068512
2011-08-24,0.7149863525
2011-08-25,0.4722379777
2011-08-26,0.2209752997
2011-08-27,0.3722223469
2011-08-28,0.4488962426
2011-08-29,0.4356614753
2011-08-30,0.409636691
2011-08-31,0.3022937242
2011-09-01,0.3103298853
2011-09-02,0.3790858972
2011-09-03,0.3488109688
2011-09-04,0.3058554798
2011-09-05,0.199517687
2011-09-06,0.0683098919
2011-09-07,0.1267752951
2011-09-08,0.0433505757
2011-09-09,-0.2575560284
2011-09-10,-0.2999398839
2011-09-11,-0.0536604934
2011-09-12,-0.0080960413
2011-09-13,-0.0572954887
2011-09-14,-0.0934414459
2011-09-15,-0.2243525574
2011-09-16,-0.2289666837
2011-09-17,-0.238510789
2011-09-18,-0.1538502412
2011-09-19,-0.1006286239
2011-09-20,0.0151407226
2011-09-21,-0.085377478
2011-09-22,-0.1060299346
2011-09-23,-0.0889901807
2011-09-24,-0.1081826434
2011-09-25,-0.1232399939
2011-09-26,-0.2093866156
2011-09-27,-0.2018193331
2011-09-28,-0.2287362132
2011-09-29,-0.225743785
2011-09-30,-0.157225604
2011-10-01,-0.1762367644
2011-10-02,-0.1799946439
2011-10-03,-0.1762022119
2011-10-04,-0.1881312327
2011-10-05,-0.2010299472
2011-10-06,-0.2299641261
2011-10-07,-0.3138924934
2011-10-08,-0.3692142279
2011-10-09,-0.3429412076
2011-10-10,-0.3484488663
2011-10-11,-0.3593923567
2011-10-12,-0.3275249818
2011-10-13,-0.3519113801
2011-10-14,-0.3603605909
2011-10-15,-0.3886928652
2011-10-16,-0.4321865558
2011-10-17,-0.6247366469
2011-10-18,-0.6528560924
2011-10-19,-0.6870389927
2011-10-20,-0.6590793849
2011-10-21,-0.6172724143
2011-10-22,-0.5017072302
2011-10-23,-0.503291486
2011-10-24,-0.6248856101
2011-10-25,-0.5699715298
2011-10-26,-0.5713776994
2011-10-27,-0.5190347405
2011-10-28,-0.4933355779
2011-10-29,-0.416402002
2011-10-30,-0.478681717
2011-10-31,-0.4770588074
2011-11-01,-0.4955946793
2011-11-02,-0.4767203593
2011-11-03,-0.4944120922
2011-11-04,-0.5036942125
2011-11-05,-0.5322177677
2011-11-06,-0.5355231782
2011-11-07,-0.5245107388
2011-11-08,-0.5156546694
2011-11-09,-0.5097412993
2011-11-10,-0.5225233962
2011-11-11,-0.4791178827
2011-11-12,-0.4882079161
2011-11-13,-0.4964122134
2011-11-14,-0.6503354409
2011-11-15,-0.6299727627
2011-11-16,-0.5163341148
2011-11-17,-0.5666072373
2011-11-18,-0.5931651712
2011-11-19,-0.5738588265
2011-11-20,-0.573365135
2011-11-21,-0.5579364965
2011-11-22,-0.5489824725
2011-11-23,-0.5471061206
2011-11-24,-0.5263969953
2011-11-25,-0.5150925199
2011-11-26,-0.5164482392
2011-11-27,-0.5154458203
2011-11-28,-0.4915526018
2011-11-29,-0.4499458578
2011-11-30,-0.4100446718
2011-12-01,-0.3872828254
2011-12-02,-0.3840870163
2011-12-03,-0.44275769
2011-12-04,-0.4399513911
2011-12-05,-0.428398985
2011-12-06,-0.3983137385
2011-12-07,-0.4011540732
2011-12-08,-0.400602009
2011-12-09,-0.4082330584
2011-12-10,-0.3847968216
2011-12-11,-0.348532009
2011-12-12,-0.3626427859
2011-12-13,-0.3515229567
2011-12-14,-0.3688948425
2011-12-15,-0.3590640561
2011-12-16,-0.3582716301
2011-12-17,-0.3620536913
2011-12-18,-0.3619222986
2011-12-19,-0.2917623587
2011-12-20,-0.2022000846
2011-12-21,-0.2174698737
2011-12-22,-0.2157385284
2011-12-23,-0.2092868132
2011-12-24,-0.2090450496
2011-12-25,-0.1441052496
2011-12-26,-0.1967951178
2011-12-27,-0.1763375683
2011-12-28,-0.1526672017
2011-12-29,-0.1605798533
2011-12-30,-0.1310610402
2011-12-31,-0.0427750569
2012-01-01,0.0842462701
2012-01-02,0.0655593729
2012-01-03,-0.0103649391
2012-01-04,0.1461903358
2012-01-05,0.4240031319
2012-01-06,0.3753437081
2012-01-07,0.3980124746
2012-01-08,0.4618638368
2012-01-09,0.2754209109
2012-01-10,0.3299029384
2012-01-11,0.4088313333
2012-01-12,0.3768506223
2012-01-13,0.3029012635
2012-01-14,0.3708221651
2012-01-15,0.434731258
2012-01-16,0.3575168343
2012-01-17,0.1045344285
2012-01-18,0.1743360567
2012-01-19,0.2663570631
2012-01-20,0.3084864915
2012-01-21,0.2345892891
2012-01-22,0.2626346131
2012-01-23,0.2786638765
2012-01-24,0.2550110567
2012-01-25,0.1486687228
2012-01-26,0.04913311
2012-01-27,0.0363330388
2012-01-28,0.1196995302
2012-01-29,0.0584643987
2012-01-30,0.0853552037
2012-01-31,0.0949258994
2012-02-01,0.2186828665
2012-02-02,0.2236943612
2012-02-03,0.1889147619
2012-02-04,0.1759006572
2012-02-05,0.1252353457
2012-02-06,0.0813875666
2012-02-07,0.1240052425
2012-02-08,0.1141354953
2012-02-09,0.1655190239
2012-02-10,0.1903457402
2012-02-11,0.1106879145
2012-02-12,0.088920127
2012-02-13,0.0588785919
2012-02-14,-0.1378854675
2012-02-15,-0.1707072666
2012-02-16,-0.1843936754
2012-02-17,-0.1504485046
2012-02-18,-0.1759171392
2012-02-19,-0.1461255506
2012-02-20,-0.1511595441
2012-02-21,-0.1619981958
2012-02-22,-0.1358130502
2012-02-23,0.0125170788
2012-02-24,0.0084716062
2012-02-25,-0.0533178816
2012-02-26,-0.0157193681
2012-02-27,-0.0097038577
2012-02-28,-0.0333639089
2012-02-29,-0.0206740451
2012-03-01,-0.0089392925
2012-03-02,-0.0576882325
2012-03-03,-0.0785404655
2012-03-04,-0.0280607849
2012-03-05,0.0080447394
2012-03-06,0.008972112
2012-03-07,-0.0009344974
2012-03-08,-0.0041315698
2012-03-09,-0.0194800638
2012-03-10,-0.0261518974
2012-03-11,-0.0130110007
2012-03-12,-0.0080797174
2012-03-13,0.0854875624
2012-03-14,0.1086408982
2012-03-15,0.0951207383
2012-03-16,0.0935581618
2012-03-17,0.068425559
2012-03-18,0.0772554347
2012-03-19,-0.0694921266
2012-03-20,-0.0303401288
2012-03-21,-0.0310975427
2012-03-22,-0.0518543148
2012-03-23,-0.0615068001
2012-03-24,-0.0700731543
2012-03-25,-0.0941894361
2012-03-26,-0.07295516
2012-03-27,-0.0272979915
2012-03-28,-0.0326646649
2012-03-29,-0.0310137378
2012-03-30,0.0047534349
2012-03-31,0.0118478706
2012-04-01,-0.0127377473
2012-04-02,0.0358060261
2012-04-03,0.032770515
2012-04-04,0.0228112249
2012-04-05,0.0233004887
2012-04-06,0.0299949752
2012-04-07,-0.0316053983
2012-04-08,-0.0134606718
2012-04-09,0.0046233139
2012-04-10,0.0020239863
2012-04-11,0.0208277305
2012-04-12,0.0163136846
2012-04-13,0.0246068949
2012-04-14,0.0300058764
2012-04-15,0.030669637
2012-04-16,0.0272493964
2012-04-17,0.0317734413
2012-04-18,0.071702934
2012-04-19,0.0725966499
2012-04-20,0.1325792255
2012-04-21,0.1102564658
2012-04-22,0.08625279
2012-04-23,0.0653969143
2012-04-24,0.0593115928
2012-04-25,0.0690065054
2012-04-26,0.0571137748
2012-04-27,0.0567644843
2012-04-28,0.0239530556
2012-04-29,0.0087067617
2012-04-30,0.0203148802
2012-05-01,0.0324518526
2012-05-02,0.0502295621
2012-05-03,0.0675419066
2012-05-04,0.0585511559
2012-05-05,0.0507846569
2012-05-06,0.0516588059
2012-05-07,0.0571107513
2012-05-08,0.0455488266
2012-05-09,0.0502768962
2012-05-10,0.0196858187
2012-05-11,0.0302734056
2012-05-12,0.0220429122
2012-05-13,0.0230192859
2012-05-14,0.0418820236
2012-05-15,0.0480670355
2012-05-16,0.0640516315
2012-05-17,0.066354036
2012-05-18,0.0766121419
2012-05-19,0.0750673038
2012-05-20,0.0752963332
2012-05-21,0.0791482035
2012-05-22,0.0784464003
2012-05-23,0.0890893182
2012-05-24,0.0901915477
2012-05-25,0.0951175577
2012-05-26,0.0897828553
2012-05-27,0.0980085436
2012-05-28,0.0985806163
2012-05-29,0.102036184
2012-05-30,0.0993574644
2012-05-31,0.1178750216
2012-06-01,0.1409891052
2012-06-02,0.1342352357
2012-06-03,0.1255997262
2012-06-04,0.1383322962
2012-06-05,0.1842345278
2012-06-06,0.1890665162
2012-06-07,0.2273670795
2012-06-08,0.2360095172
2012-06-09,0.2170470856
2012-06-10,0.188952134
2012-06-11,0.224116703
2012-06-12,0.2621420917
2012-06-13,0.3119220363
2012-06-14,0.3263416869
2012-06-15,0.4800938001
2012-06-16,0.455114649
2012-06-17,0.3839250106
2012-06-18,0.4147731676
2012-06-19,0.4660588923
2012-06-20,0.5223274533
2012-06-21,0.5144945427
2012-06-22,0.4814477649
2012-06-23,0.4471300107
2012-06-24,0.4193117914
2012-06-25,0.4101167282
2012-06-26,0.4415122464
2012-06-27,0.4925382714
2012-06-28,0.4841391286
2012-06-29,0.5029899905
2012-06-30,0.508555011
2012-07-01,0.492621827
2012-07-02,0.5246947989
2012-07-03,0.4402646224
2012-07-04,0.4579679265
2012-07-05,0.4941671315
2012-07-06,0.501763513
2012-07-07,0.5427785395
2012-07-08,0.5377046963
2012-07-09,0.6041642813
2012-07-10,0.6602633529
2012-07-11,0.6591915819
2012-07-12,0.7638523933
2012-07-13,0.7808737332
2012-07-14,0.7760861776
2012-07-15,0.7883779717
2012-07-16,1.0309288081
2012-07-17,1.0882239897
2012-07-18,1.1796437132
2012-07-19,1.1088333441
2012-07-20,1.0055155986
2012-07-21,1.0999372571
2012-07-22,0.9902453445
2012-07-23,0.9952609767
2012-07-24,1.0050395662
2012-07-25,1.0580192561
2012-07-26,1.0827117946
2012-07-27,1.0833457568
2012-07-28,1.0655416648
2012-07-29,1.0340747587
2012-07-30,1.1291694369
2012-07-31,1.1886548864
2012-08-01,1.25342029
2012-08-02,1.5210405629
2012-08-03,1.6142471442
2012-08-04,1.6042383859
2012-08-05,1.5610772356
2012-08-06,1.5707291422
2012-08-07,1.5846810343
2012-08-08,1.6096635855
2012-08-09,1.6109458494
2012-08-10,1.7003650506
2012-08-11,1.7189969322
2012-08-12,1.7255765084
2012-08-13,1.8244030856
2012-08-14,1.8682112221
2012-08-15,2.1280839292
2012-08-16,2.1849623943
2012-08-17,1.7815742029
2012-08-18,1.6169194712
2012-08-19,0.5948441421
2012-08-20,1.1804339241
2012-08-21,1.1569733995
2012-08-22,1.117123024
2012-08-23,1.2020337766
2012-08-24,1.3355104818
2012-08-25,1.32652504
2012-08-26,1.3119516721
2012-08-27,1.3918089132
2012-08-28,1.392840672
2012-08-29,1.3706716525
2012-08-30,1.3291906368
2012-08-31,1.1399610461
2012-09-01,1.1142940327
2012-09-02,1.1728500374
2012-09-03,1.2446751901
2012-09-04,1.2035272606
2012-09-05,1.3786104217
2012-09-06,1.4096985344
2012-09-07,1.3824106681
2012-09-08,1.368796818
2012-09-09,1.3678434914
2012-09-10,1.3575054021
2012-09-11,1.391688219
2012-09-12,1.3988410012
2012-09-13,1.4116351119
2012-09-14,1.5004108693
2012-09-15,1.4891807519
2012-09-16,1.5272572196
2012-09-17,1.5257781387
2012-09-18,1.6114972118
2012-09-19,1.6649562642
2012-09-20,1.6133762543
2012-09-21,1.5950976304
2012-09-22,1.556074963
2012-09-23,1.5376856962
2012-09-24,1.5173364641
2012-09-25,1.5284951237
2012-09-26,1.5577074569
2012-09-27,1.5497165519
2012-09-28,1.5559751612
2012-09-29,1.5547912234
2012-09-30,1.5451885591
2012-10-01,1.538731789
2012-10-02,1.638836104
2012-10-03,1.6666995337
2012-10-04,1.6331731482
2012-10-05,1.5987568739
2012-10-06,1.5296279646
2012-10-07,1.3622747825
2012-10-08,1.3208350352
2012-10-09,1.3446131425
2012-10-10,1.4137033009
2012-10-11,1.3992213108
2012-10-12,1.3854284893
2012-10-13,1.3565399654
2012-10-14,1.2820508548
2012-10-15,1.3452663856
2012-10-16,1.3258686584
2012-10-17,1.3375890409
2012-10-18,1.3353052199
2012-10-19,1.288986843
2012-10-20,1.2708687489
2012-10-21,1.254781008
2012-10-22,1.2738441995
2012-10-23,1.2626183255
2012-10-24,1.240389876
2012-10-25,1.0145587046
2012-10-26,0.8577346634
2012-10-27,0.9436247096
2012-10-28,1.0075906348
2012-10-29,0.9863391005
2012-10-30,1.0436248353
2012-10-31,1.113227253
2012-11-01,0.978038337
2012-11-02,0.9581371319
2012-11-03,0.9881201529
2012-11-04,1.022345613
2012-11-05,1.0068488779
2012-11-06,1.0377896896
2012-11-07,1.0570061338
2012-11-08,1.0397216544
2012-11-09,1.0189331226
2012-11-10,1.0297664198
2012-11-11,1.0224813236
2012-11-12,1.0672325059
2012-11-13,1.0559141456
2012-11-14,1.0441542382
2012-11-15,1.096020314
2012-11-16,1.2232358731
2012-11-17,1.230712555
2012-11-18,1.2053518557
2012-11-19,1.2229605548
2012-11-20,1.2070544704
2012-11-21,1.2111107629
2012-11-22,1.347703168
2012-11-23,1.3385757347
2012-11-24,1.3677981885
2012-11-25,1.3910508353
2012-11-26,1.2987462092
2012-11-27,1.288973251
2012-11-28,1.327607101
2012-11-29,1.3646709097
2012-11-30,1.3806957776
2012-12-01,1.378201198
2012-12-02,1.3512323634
2012-12-03,1.3855977878
2012-12-04,1.5455798865
2012-12-05,1.5215024467
2012-12-06,1.555071878
2012-12-07,1.5451319352
2012-12-08,1.5452743432
2012-12-09,1.5010775746
2012-12-10,1.5304658764
2012-12-11,1.5534695788
2012-12-12,1.5577020604
2012-12-13,1.5682069869
2012-12-14,1.5246526864
2012-12-15,1.5034938839
2012-12-16,1.4511248551
2012-12-17,1.4449741646
2012-12-18,1.4287428176
2012-12-19,1.4864514249
2012-12-20,1.4879310905
2012-12-21,1.4488802748
2012-12-22,1.4452112843
2012-12-23,1.4160619711
2012-12-24,1.438874307
2012-12-25,1.4211639364
2012-12-26,1.4387504985
2012-12-27,1.4221910241
2012-12-28,1.4311905815
2012-12-29,1.4091204712
2012-12-30,1.422230531
2012-12-31,1.437955416
2013-01-01,1.3844619706
2013-01-02,1.3700802524
2013-01-03,1.3908992288
2013-01-04,1.4021210949
2013-01-05,1.4004589017
2013-01-06,1.4076611262
2013-01-07,1.4158321335
2013-01-08,1.461151631
2013-01-09,1.4660053341
2013-01-10,1.5280802601
2013-01-11,1.5454623273
2013-01-12,1.5374764402
2013-01-13,1.5196509029
2013-01-14,1.5503441482
2013-01-15,1.5426893893
2013-01-16,1.6249918746
2013-01-17,1.8132066375
2013-01-18,1.8279541547
2013-01-19,1.7905351588
2013-01-20,1.8127026092
2013-01-21,2.0347318558
2013-01-22,2.1244458376
2013-01-23,2.1582012927
2013-01-24,2.0017197774
2013-01-25,2.1001375484
2013-01-26,2.1176193986
2013-01-27,2.1640071745
2013-01-28,2.3463939107
2013-01-29,2.4646064366
2013-01-30,2.4815784908
2013-01-31,2.6113283268
2013-02-01,2.5471149938
2013-02-02,2.3568637483
2013-02-03,2.537377331
2013-02-04,2.4864550042
2013-02-05,2.509900609
2013-02-06,2.6006745683
2013-02-07,2.7617895592
2013-02-08,2.8630594391
2013-02-09,3.0226860928
2013-02-10,3.0258641062
2013-02-11,3.110467847
2013-02-12,3.1666582121
2013-02-13,3.0565810242
2013-02-14,3.5246433003
2013-02-15,3.4408216239
2013-02-16,3.425233026
2013-02-17,3.2999268012
2013-02-18,3.2590733088
2013-02-19,3.6713215088
2013-02-20,3.6878122659
2013-02-21,3.6350006097
2013-02-22,3.6962429975
2013-02-23,3.5264328979
2013-02-24,3.4831851211
2013-02-25,3.4943221705
2013-02-26,3.5821816928
2013-02-27,3.5526296171
2013-02-28,3.8338785687
2013-03-01,3.9713311824
2013-03-02,3.835281977
2013-03-03,3.832698478
2013-03-04,4.0788799561
2013-03-05,4.6541900773
2013-03-06,4.9053344397
2013-03-07,4.5770682611
2013-03-08,4.7747354905
2013-03-09,5.0936539447
2013-03-10,4.860426116
2013-03-11,5.0611768383
2013-03-12,4.4110664769
2013-03-13,4.6754853329
2013-03-14,4.5658196374
2013-03-15,4.4706052229
2013-03-16,4.4228225716
2013-03-17,4.3675151948
2013-03-18,4.7854916418
2013-03-19,5.6362427033
2013-03-20,5.9529060268
2013-03-21,6.5407969002
2013-03-22,6.1773385878
2013-03-23,5.3978076762
2013-03-24,6.0219051988
2013-03-25,6.0712440512
2013-03-26,6.2991213871
2013-03-27,7.0342579353
2013-03-28,6.6223074677
2013-03-29,6.6126982006
2013-03-30,6.5170541383
2013-03-31,6.4438568826
2013-04-01,6.9480405501
2013-04-02,7.6380935194
2013-04-03,8.2254198991
2013-04-04,7.901063562
2013-04-05,8.0570185839
2013-04-06,7.6865203131
2013-04-07,8.4944757622
2013-04-08,9.249844187
2013-04-09,10.6575998914
2013-04-10,6.4416874798
2013-04-11,2.3370826978
2013-04-12,3.8345015017
2013-04-13,3.0791085758
2013-04-14,2.6136187203
2013-04-15,2.2093847162
2013-04-16,1.5782948173
2013-04-17,2.7917224051
2013-04-18,3.5208501442
2013-04-19,3.9558461323
2013-04-20,4.3143015832
2013-04-21,3.7679641355
2013-04-22,4.0646902322
2013-04-23,4.6875708267
2013-04-24,5.0521085296
2013-04-25,4.3458800473
2013-04-26,4.1003081209
2013-04-27,3.640825368
2013-04-28,3.8577254895
2013-04-29,4.1625384146
2013-04-30,3.8973763543
2013-05-01,2.9175644845
2013-05-02,2.5035215817
2013-05-03,2.0837587181
2013-05-04,2.7231011816
2013-05-05,2.8547142964
2013-05-06,2.6557505956
2013-05-07,2.6136774236
2013-05-08,2.6538017671
2013-05-09,2.5878266825
2013-05-10,2.7918183721
2013-05-11,2.6789267206
2013-05-12,2.6337848984
2013-05-13,2.7068334186
2013-05-14,2.3318308346
2013-05-15,2.3566001868
2013-05-16,2.4864621906
2013-05-17,2.6279477339
2013-05-18,2.6326394867
2013-05-19,2.571843988
2013-05-20,2.5807553334
2013-05-21,2.541843649
2013-05-22,2.5842671786
2013-05-23,2.7307859003
2013-05-24,2.888374301
2013-05-25,2.841602376
2013-05-26,2.8641746191
2013-05-27,2.7100298976
2013-05-28,2.6717088494
2013-05-29,2.7705602101
2013-05-30,2.6437796794
2013-05-31,2.6649924827
2013-06-01,2.6767776036
2013-06-02,2.4517687587
2013-06-03,2.445448792
2013-06-04,2.3379381928
2013-06-05,2.3431487351
2013-06-06,2.2622231853
2013-06-07,1.9646021927
2013-06-08,1.9241291527
2013-06-09,1.61788643
2013-06-10,1.7576630122
2013-06-11,1.8499114658
2013-06-12,1.8076123299
2013-06-13,1.6426741642
2013-06-14,1.5715607995
2013-06-15,1.5881257993
2013-06-16,1.5570764973
2013-06-17,1.5875888142
2013-06-18,1.7140474912
2013-06-19,1.712074257
2013-06-20,1.7038272747
2013-06-21,1.6087578501
2013-06-22,1.5611902662
2013-06-23,1.5658407872
2013-06-24,1.5218392629
2013-06-25,1.48082848
2013-06-26,1.5018823764
2013-06-27,1.4422493588
2013-06-28,1.2151958057
2013-06-29,1.193420548
2013-06-30,1.2136587138
2013-07-01,1.0088427259
2013-07-02,1.1572222981
2013-07-03,0.8503205445
2013-07-04,0.895992764
2013-07-05,0.550409436
2013-07-06,0.5269021957
2013-07-07,0.7031539172
2013-07-08,0.7602229583
2013-07-09,0.7883635466
2013-07-10,1.0883601476
2013-07-11,1.1609155421
2013-07-12,1.2322420088
2013-07-13,1.2723981092
2013-07-14,1.2182610034
2013-07-15,1.3326960842
2013-07-16,1.2703889926
2013-07-17,1.246977353
2013-07-18,1.0661124378
2013-07-19,1.1048451776
2013-07-20,1.0646605271
2013-07-21,1.0863128696
2013-07-22,1.0851037092
2013-07-23,1.1231125407
2013-07-24,1.1559600796
2013-07-25,1.2132372797
2013-07-26,1.2051843568
2013-07-27,1.1486804367
2013-07-28,1.2820116743
2013-07-29,1.2965118301
2013-07-30,1.3915879931
2013-07-31,1.425752307
2013-08-01,1.3788908058
2013-08-02,1.3571779447
2013-08-03,1.3278496629
2013-08-04,1.3497800615
2013-08-05,1.378669384
2013-08-06,1.3798384395
2013-08-07,1.3583742988
2013-08-08,1.2739231581
2013-08-09,1.2195947639
2013-08-10,1.2412604002
2013-08-11,1.2673199124
2013-08-12,1.2989749944
2013-08-13,1.3563795108
2013-08-14,1.3915982307
2013-08-15,1.3568965611
2013-08-16,1.3586072942
2013-08-17,1.3930759567
2013-08-18,1.3767525755
2013-08-19,1.4752455992
2013-08-20,1.5189494472
2013-08-21,1.691902584
2013-08-22,1.6491336334
2013-08-23,1.590355611
2013-08-24,1.6193185481
2013-08-25,1.7323857369
2013-08-26,1.6981019019
2013-08-27,1.8485718237
2013-08-28,1.8545397609
2013-08-29,1.8589507613
2013-08-30,2.0169315602
2013-08-31,2.1013589389
2013-09-01,2.1478197931
2013-09-02,2.1079553045
2013-09-03,2.0803190815
2013-09-04,1.8896103096
2013-09-05,1.8777989365
2013-09-06,1.7480197832
2013-09-07,1.7950769959
2013-09-08,1.7414664604
2013-09-09,1.8193462347
2013-09-10,1.8377614268
2013-09-11,1.959810809
2013-09-12,1.9376061764
2013-09-13,1.9465963083
2013-09-14,1.8532397255
2013-09-15,1.866103247
2013-09-16,1.8876039543
2013-09-17,1.8989475927
2013-09-18,1.8905553957
2013-09-19,1.8039000404
2013-09-20,1.7649710829
2013-09-21,1.7749244786
2013-09-22,1.7573832004
2013-09-23,1.7452708507
2013-09-24,1.7627461469
2013-09-25,1.7514451892
2013-09-26,1.7731380344
2013-09-27,1.8166083154
2013-09-28,1.8155434429
2013-09-29,1.8171932532
2013-09-30,1.7835887228
2013-10-01,1.8146427211
2013-10-02,1.2133810476
2013-10-03,1.554557254
2013-10-04,1.6612906146
2013-10-05,1.6424939849
2013-10-06,1.6647888629
2013-10-07,1.6849861379
2013-10-08,1.7010563981
2013-10-09,1.7237999373
2013-10-10,1.7375540913
2013-10-11,1.7451398407
2013-10-12,1.7536418782
2013-10-13,1.8618204211
2013-10-14,1.9255905868
2013-10-15,2.0671837229
2013-10-16,1.9728716333
2013-10-17,2.0953000101
2013-10-18,2.3057932296
2013-10-19,2.6049304236
2013-10-20,2.6037509728
2013-10-21,2.8870551987
2013-10-22,3.0942290857
2013-10-23,3.3811603509
2013-10-24,3.1007030978
2013-10-25,2.8193623321
2013-10-26,2.6631282829
2013-10-27,2.9883867834
2013-10-28,3.0040258075
2013-10-29,3.1524057465
2013-10-30,2.9745749679
2013-10-31,3.0707162668
2013-11-01,3.0360281754
2013-11-02,3.0516690202
2013-11-03,3.1472493242
2013-11-04,3.4968317883
2013-11-05,3.7619360596
2013-11-06,4.1287178239
2013-11-07,4.5960879729
2013-11-08,5.3886424825
2013-11-09,5.2054094633
2013-11-10,5.0269472508
2013-11-11,5.2199648924
2013-11-12,5.3284522909
2013-11-13,5.9432842274
2013-11-14,6.1762090766
2013-11-15,5.852377722
2013-11-16,6.1891936437
2013-11-17,6.8532613319
2013-11-18,9.3086206711
2013-11-19,7.1352027324
2013-11-20,7.5856005542
2013-11-21,9.0664398053
2013-11-22,9.577531193
2013-11-23,9.4195591378
2013-11-24,8.6185900299
2013-11-25,8.3047588725
2013-11-26,8.868212454
2013-11-27,8.8811139035
2013-11-28,8.8318805614
2013-11-29,9.4814553552
2013-11-30,8.882993108
2013-12-01,7.09413002
2013-12-02,7.5075106899
2013-12-03,7.3326322509
2013-12-04,7.7071807132
2013-12-05,6.559680914
2013-12-06,4.783708298
2013-12-07,3.7386308368
2013-12-08,4.3172849012
2013-12-09,5.1155861585
2013-12-10,5.6157973032
2013-12-11,4.7316063983
2013-12-12,4.6374447382
2013-12-13,4.5951742
2013-12-14,4.3477091647
2013-12-15,4.3611175256
2013-12-16,3.002656351
2013-12-17,3.0141150335
2013-12-18,1.9048678219
2013-12-19,3.0037768914
2013-12-20,2.3938460336
2013-12-21,2.3300394435
2013-12-22,2.4694017107
2013-12-23,2.7438747032
2013-12-24,2.6434678523
2013-12-25,2.8052620427
2013-12-26,3.2556474051
2013-12-27,3.0391667633
2013-12-28,2.9717214591
2013-12-29,3.0233250125
2013-12-30,3.0559901533
2013-12-31,2.993279335
2014-01-01,3.1186612399
2014-01-02,3.2945326674
2014-01-03,3.3990164156
2014-01-04,3.4752559937
2014-01-05,3.8835215313
2014-01-06,3.9059483174
2014-01-07,3.1935957526
2014-01-08,3.2584504612
2014-01-09,3.2920141917
2014-01-10,3.3927400856
2014-01-11,3.5625182764
2014-01-12,3.2682512066
2014-01-13,3.1113434988
2014-01-14,3.0397773185
2014-01-15,3.155801188
2014-01-16,2.9851035982
2014-01-17,2.8343326443
2014-01-18,2.9104702205
2014-01-19,3.0473419657
2014-01-20,2.9707642446
2014-01-21,2.9214087915
2014-01-22,2.8720569962
2014-01-23,2.8095812607
2014-01-24,2.6289861775
2014-01-25,2.737331402
2014-01-26,2.7741036465
2014-01-27,2.3771275279
2014-01-28,2.6149562208
2014-01-29,2.6151074041
2014-01-30,2.6311815361
2014-01-31,2.6359180665
2014-02-01,2.6681720012
2014-02-02,2.6593492257
2014-02-03,2.6054132133
2014-02-04,2.5566006143
2014-02-05,2.4129064173
2014-02-06,2.2952390571
2014-02-07,2.0253458178
2014-02-08,1.8488878403
2014-02-09,1.891798693
2014-02-10,1.8758281288
2014-02-11,1.8034962973
2014-02-12,1.7097150134
2014-02-13,1.5026441212
2014-02-14,1.7756824301
2014-02-15,1.6991855532
2014-02-16,1.5410615126
2014-02-17,1.5784721371
2014-02-18,1.5549187263
2014-02-19,1.5355983571
2014-02-20,1.2400619599
2014-02-21,1.3194860438
2014-02-22,1.4491756365
2014-02-23,1.4608096613
2014-02-24,1.1348340767
2014-02-25,1.1036458956
2014-02-26,1.3636126322
2014-02-27,1.3521727289
2014-02-28,1.1814197322
2014-03-01,1.2603190009
2014-03-02,1.2161246178
2014-03-03,1.7804654151
2014-03-04,1.7655099003
2014-03-05,1.7384327063
2014-03-06,1.7187854066
2014-03-07,1.4939984998
2014-03-08,1.4406694178
2014-03-09,1.4997796455
2014-03-10,1.4345543892
2014-03-11,1.4564500753
2014-03-12,1.4547501535
2014-03-13,1.491804425
2014-03-14,1.4183136735
2014-03-15,1.4524933537
2014-03-16,1.4394545911
2014-03-17,1.3828010094
2014-03-18,1.3394508439
2014-03-19,1.3189657936
2014-03-20,1.206151583
2014-03-21,1.120011238
2014-03-22,1.0949894556
2014-03-23,1.0671402075
2014-03-24,1.1868872064
2014-03-25,1.1780708033
2014-03-26,1.1550303311
2014-03-27,0.7094752956
2014-03-28,0.7834885311
2014-03-29,0.7412629933
2014-03-30,0.6010630797
2014-03-31,0.5875646747
2014-04-01,0.6983010875
2014-04-02,0.5144443103
2014-04-03,0.5634080631
2014-04-04,0.5656977808
2014-04-05,0.626383392
2014-04-06,0.6118378059
2014-04-07,0.5660188374
2014-04-08,0.5861926244
2014-04-09,0.5394923498
2014-04-10,0.1946320143
2014-04-11,0.454007331
2014-04-12,0.4650830905
2014-04-13,0.4284114297
2014-04-14,0.6356513143
2014-04-15,0.9141823625
2014-04-16,0.9524514025
2014-04-17,0.803654432
2014-04-18,0.7266785068
2014-04-19,0.8246114328
2014-04-20,0.8119601934
2014-04-21,0.7952741315
2014-04-22,0.755995985
2014-04-23,0.7582131293
2014-04-24,0.8154278086
2014-04-25,0.6462265577
2014-04-26,0.613078219
2014-04-27,0.5186998713
2014-04-28,0.533439407
2014-04-29,0.5623515477
2014-04-30,0.5677938739
2014-05-01,0.6197059214
2014-05-02,0.5828159562
2014-05-03,0.5220633408
2014-05-04,0.5118831828
2014-05-05,0.4927777487
2014-05-06,0.4837165213
2014-05-07,0.5395773443
2014-05-08,0.5314582851
2014-05-09,0.5876760436
2014-05-10,0.60609506
2014-05-11,0.5249974865
2014-05-12,0.535336201
2014-05-13,0.5252973883
2014-05-14,0.5526683592
2014-05-15,0.5624662822
2014-05-16,0.5711075013
2014-05-17,0.5731854084
2014-05-18,0.5625235723
2014-05-19,0.5647790729
2014-05-20,0.759982874
2014-05-21,0.7750257605
2014-05-22,0.922949257
2014-05-23,0.9069490144
2014-05-24,0.922709238
2014-05-25,1.1267100006
2014-05-26,1.1765661113
2014-05-27,1.1126724142
2014-05-28,1.1337981021
2014-05-29,1.0915715657
2014-05-30,1.3102952522
2014-05-31,1.3376175229
2014-06-01,1.3432709323
2014-06-02,1.487259617
2014-06-03,1.5213851445
2014-06-04,1.3884977619
2014-06-05,1.4631752694
2014-06-06,1.4090321514
2014-06-07,1.4355411245
2014-06-08,1.4362496416
2014-06-09,1.3886092732
2014-06-10,1.3952598966
2014-06-11,1.304958173
2014-06-12,1.1056573154
2014-06-13,1.1259349675
2014-06-14,1.0294416886
2014-06-15,1.0912335625
2014-06-16,1.093046274
2014-06-17,1.1735308176
2014-06-18,1.1651293
2014-06-19,1.1109463482
2014-06-20,1.0906875631
2014-06-21,1.0946582141
2014-06-22,1.1232875956
2014-06-23,1.0764839839
2014-06-24,1.0322805524
2014-06-25,0.9534730789
2014-06-26,1.0326876526
2014-06-27,1.1182357222
2014-06-28,1.0891279265
2014-06-29,1.1133678093
2014-06-30,1.2765108461
2014-07-01,1.2898673318
2014-07-02,1.3200688982
2014-07-03,1.294327148
2014-07-04,1.2229231816
2014-07-05,1.2199875762
2014-07-06,1.2361722937
2014-07-07,1.1823342421
2014-07-08,1.1894829681
2014-07-09,1.1728233658
2014-07-10,1.1471382697
2014-07-11,1.2229934061
2014-07-12,1.231369087
2014-07-13,1.1988012335
2014-07-14,1.1509038913
2014-07-15,1.1607997077
2014-07-16,1.1350950276
2014-07-17,1.1670309086
2014-07-18,1.192858184
2014-07-19,1.1847536713
2014-07-20,1.1659191849
2014-07-21,1.14602386
2014-07-22,1.1379102807
2014-07-23,1.134980976
2014-07-24,1.0610311582
2014-07-25,1.0541624903
2014-07-26,1.0236547388
2014-07-27,1.0091179437
2014-07-28,0.9909209396
2014-07-29,0.9761029187
2014-07-30,0.8856847313
2014-07-31,0.9655800597
2014-08-01,1.0250610468
2014-08-02,0.9949608951
2014-08-03,0.9813389997
2014-08-04,0.9825798827
2014-08-05,0.9485119631
2014-08-06,0.9490743898
2014-08-07,0.9639054956
2014-08-08,0.9754037451
2014-08-09,0.9738230787
2014-08-10,0.9742524978
2014-08-11,0.9060730352
2014-08-12,0.8837354621
2014-08-13,0.7990380847
2014-08-14,0.6184394277
2014-08-15,0.5988373559
2014-08-16,0.6891681391
2014-08-17,0.5873021454
2014-08-18,0.4691030004
2014-08-19,0.5450601322
2014-08-20,0.6643038241
2014-08-21,0.6822206594
2014-08-22,0.6686284401
2014-08-23,0.5890067135
2014-08-24,0.6366346394
2014-08-25,0.6077790389
2014-08-26,0.6506289161
2014-08-27,0.6435119761
2014-08-28,0.6337470022
2014-08-29,0.6452887073
2014-08-30,0.6131680324
2014-08-31,0.5169979218
2014-09-01,0.4999676619
2014-09-02,0.5006343117
2014-09-03,0.4988831005
2014-09-04,0.5642832747
2014-09-05,0.5181697102
2014-09-06,0.5258178046
2014-09-07,0.5171589664
2014-09-08,0.4780153604
2014-09-09,0.4983571318
2014-09-10,0.5170705805
2014-09-11,0.5151912483
2014-09-12,0.50229681
2014-09-13,0.5189698898
2014-09-14,0.5090750804
2014-09-15,0.496961161
2014-09-16,0.4616871671
2014-09-17,0.4288846068
2014-09-18,0.307327064
2014-09-19,0.1721100435
2014-09-20,0.2479957504
2014-09-21,0.203913101
2014-09-22,0.2070047058
2014-09-23,0.3662418556
2014-09-24,0.304516131
2014-09-25,0.2455918478
2014-09-26,0.2299076443
2014-09-27,0.2108933649
2014-09-28,0.1056100918
2014-09-29,0.0991783029
2014-09-30,0.1690187589
2014-10-01,0.1437855101
2014-10-02,0.1012688956
2014-10-03,0.0433866926
2014-10-04,-0.0759025483
2014-10-05,-0.1005153216
2014-10-06,-0.0717784875
2014-10-07,-0.0415443958
2014-10-08,0.0466776399
2014-10-09,0.0797302156
2014-10-10,0.0691889177
2014-10-11,0.083026847
2014-10-12,0.1515292006
2014-10-13,0.2093895002
2014-10-14,0.2467535628
2014-10-15,0.2232968457
2014-10-16,0.1711045678
2014-10-17,0.1721934881
2014-10-18,0.2107160584
2014-10-19,0.1996607613
2014-10-20,0.1682971703
2014-10-21,0.1857504716
2014-10-22,0.1676540418
2014-10-23,0.0694775925
2014-10-24,0.0721209777
2014-10-25,0.0234686138
2014-10-26,0.0550644954
2014-10-27,0.043435897
2014-10-28,0.06379287
2014-10-29,-0.0238737237
2014-10-30,0.0242780316
2014-10-31,-0.0046991514
2014-11-01,-0.0584731436
2014-11-02,-0.0582154437
2014-11-03,-0.0520446333
2014-11-04,-0.0317425875
2014-11-05,0.0080903461
2014-11-06,0.0526607395
2014-11-07,0.0213800415
2014-11-08,0.0367277632
2014-11-09,0.1146747912
2014-11-10,0.1227483546
2014-11-11,0.133200869
2014-11-12,0.3657967458
2014-11-13,0.3583288202
2014-11-14,0.2578610787
2014-11-15,0.1708897676
2014-11-16,0.2232715929
2014-11-17,0.2128957929
2014-11-18,0.1552757874
2014-11-19,0.1727264815
2014-11-20,0.0826665365
2014-11-21,0.060552966
2014-11-22,0.0683005836
2014-11-23,0.1343610754
2014-11-24,0.1739854331
2014-11-25,0.1734579006
2014-11-26,0.134519063
2014-11-27,0.1434574346
2014-11-28,0.1932815634
2014-11-29,0.1857621814
2014-11-30,0.196948036
2014-12-01,0.1990891951
2014-12-02,0.2173427015
2014-12-03,0.1872183766
2014-12-04,0.1611246732
2014-12-05,0.2025204497
2014-12-06,0.1884793426
2014-12-07,0.1952236864
2014-12-08,0.1484462077
2014-12-09,0.0963510911
2014-12-10,0.0859083601
2014-12-11,0.089959204
2014-12-12,0.1104211322
2014-12-13,0.0937077523
2014-12-14,0.123556071
2014-12-15,0.0856917925
2014-12-16,0.0066698401
2014-12-17,-0.027984538
2014-12-18,-0.0556403205
2014-12-19,-0.0337501865
2014-12-20,0.0185123939
2014-12-21,-0.0172717637
2014-12-22,0.0304032669
2014-12-23,0.0556781539
2014-12-24,-0.0005469528
2014-12-25,-0.0176083548
2014-12-26,0.0271804578
2014-12-27,-0.0299043245
2014-12-28,-0.0242706493
2014-12-29,-0.0403832389
2014-12-30,-0.0452609341
2014-12-31,0.0013097389
2015-01-01,-0.0241606848
2015-01-02,-0.0186453283
2015-01-03,-0.1475319356
2015-01-04,-0.2423737118
2015-01-05,-0.1884851706
2015-01-06,-0.133472674
2015-01-07,-0.089533477
2015-01-08,-0.1439761174
2015-01-09,-0.105430892
2015-01-10,-0.1752437799
2015-01-11,-0.2072101161
2015-01-12,-0.2059473283
2015-01-13,-0.3956975353
2015-01-14,-0.5984118116
2015-01-15,-0.4362692455
2015-01-16,-0.4554047952
2015-01-17,-0.48839882
2015-01-18,-0.4380991464
2015-01-19,-0.4121532785
2015-01-20,-0.4328321938
2015-01-21,-0.3552482405
2015-01-22,-0.3298013528
2015-01-23,-0.3315312645
2015-01-24,-0.2615335673
2015-01-25,-0.2375259753
2015-01-26,-0.147641277
2015-01-27,-0.1876917776
2015-01-28,-0.3147514574
2015-01-29,-0.3212084905
2015-01-30,-0.3420227567
2015-01-31,-0.3909118801
2015-02-01,-0.3473006773
2015-02-02,-0.2891670701
2015-02-03,-0.3430815256
2015-02-04,-0.3464086075
2015-02-05,-0.3881489569
2015-02-06,-0.3624644327
2015-02-07,-0.3357378589
2015-02-08,-0.3558519437
2015-02-09,-0.3692572674
2015-02-10,-0.3681418241
2015-02-11,-0.3729270727
2015-02-12,-0.3588581801
2015-02-13,-0.2965278073
2015-02-14,-0.2027231521
2015-02-15,-0.3056646459
2015-02-16,-0.3023346468
2015-02-17,-0.2628442059
2015-02-18,-0.2979158803
2015-02-19,-0.2688029435
2015-02-20,-0.2544354868
2015-02-21,-0.2540828895
2015-02-22,-0.2934505699
2015-02-23,-0.2819305794
2015-02-24,-0.2776905149
2015-02-25,-0.2833757225
2015-02-26,-0.2883501772
2015-02-27,-0.2074930515
2015-02-28,-0.2078552818
2015-03-01,-0.1831104088
2015-03-02,-0.1130792736
2015-03-03,-0.0826426946
2015-03-04,-0.1244310485
2015-03-05,-0.1109092402
2015-03-06,-0.124355184
2015-03-07,-0.108919091
2015-03-08,-0.1119597289
2015-03-09,-0.0437061481
2015-03-10,-0.0365664539
2015-03-11,-0.0176586727
2015-03-12,-0.0253394035
2015-03-13,-0.0681060572
2015-03-14,-0.078433201
2015-03-15,-0.0617253799
2015-03-16,-0.0425309571
2015-03-17,-0.0704108829
2015-03-18,-0.1951865699
2015-03-19,-0.1725071655
2015-03-20,-0.1680439536
2015-03-21,-0.1759071232
2015-03-22,-0.1406500765
2015-03-23,-0.1498594993
2015-03-24,-0.2392291696
2015-03-25,-0.2386827682
2015-03-26,-0.2251290139
2015-03-27,-0.2342316203
2015-03-28,-0.2073998963
2015-03-29,-0.2537956523
2015-03-30,-0.2286569413
2015-03-31,-0.2446796357
2015-04-01,-0.2302036617
2015-04-02,-0.2010491377
2015-04-03,-0.1950301245
2015-04-04,-0.1991313353
2015-04-05,-0.1663934731
2015-04-06,-0.1879425855
2015-04-07,-0.1946683127
2015-04-08,-0.235377985
2015-04-09,-0.2432041889
2015-04-10,-0.276405346
2015-04-11,-0.2690637677
2015-04-12,-0.2695771147
2015-04-13,-0.3211996008
2015-04-14,-0.3463916435
2015-04-15,-0.3260274643
2015-04-16,-0.3017684325
2015-04-17,-0.3273372024
2015-04-18,-0.3243401319
2015-04-19,-0.3247023443
2015-04-20,-0.316586837
2015-04-21,-0.2698391625
2015-04-22,-0.2746943903
2015-04-23,-0.2651564011
2015-04-24,-0.285334102
2015-04-25,-0.3081618406
2015-04-26,-0.3350116679
2015-04-27,-0.3028420441
2015-04-28,-0.3107263243
2015-04-29,-0.3098745376
2015-04-30,-0.2606717628
2015-05-01,-0.2769624364
2015-05-02,-0.2639783122
2015-05-03,-0.2413319178
2015-05-04,-0.248139146
2015-05-05,-0.2613896264
2015-05-06,-0.2913931251
2015-05-07,-0.255578071
2015-05-08,-0.2219849205
2015-05-09,-0.2298000128
2015-05-10,-0.2387844933
2015-05-11,-0.2306298236
2015-05-12,-0.230392813
2015-05-13,-0.256380616
2015-05-14,-0.2540201099
2015-05-15,-0.2513747158
2015-05-16,-0.258978073
2015-05-17,-0.2535224193
2015-05-18,-0.2720991358
2015-05-19,-0.2759485868
2015-05-20,-0.2654872572
2015-05-21,-0.2589674095
2015-05-22,-0.2364245804
2015-05-23,-0.2424935357
2015-05-24,-0.2343130279
2015-05-25,-0.2510594374
2015-05-26,-0.2517158295
2015-05-27,-0.2492744578
2015-05-28,-0.2497728477
2015-05-29,-0.2511156919
2015-05-30,-0.2651842995
2015-05-31,-0.2801927887
2015-06-01,-0.30769396
2015-06-02,-0.2972231261
2015-06-03,-0.2969721239
2015-06-04,-0.3044636088
2015-06-05,-0.2986419137
2015-06-06,-0.2965199776
2015-06-07,-0.3038186816
2015-06-08,-0.2784787036
2015-06-09,-0.275605063
2015-06-10,-0.2787196624
2015-06-11,-0.2733830048
2015-06-12,-0.272444866
2015-06-13,-0.2567683196
2015-06-14,-0.2588813996
2015-06-15,-0.2386047906
2015-06-16,-0.1703628436
2015-06-17,-0.1866149698
2015-06-18,-0.1814228179
2015-06-19,-0.2014055446
2015-06-20,-0.1978270368
2015-06-21,-0.2040802136
2015-06-22,-0.191224089
2015-06-23,-0.2044888625
2015-06-24,-0.2216548734
2015-06-25,-0.2122589534
2015-06-26,-0.209143116
2015-06-27,-0.1686196976
2015-06-28,-0.1804813859
2015-06-29,-0.1446669865
2015-06-30,-0.1112422432
2015-07-01,-0.1389860166
2015-07-02,-0.154351569
2015-07-03,-0.145955249
2015-07-04,-0.1249668196
2015-07-05,-0.073434949
2015-07-06,-0.0841102346
2015-07-07,-0.0974685352
2015-07-08,-0.0780620354
2015-07-09,-0.0811960188
2015-07-10,-0.0062169246
2015-07-11,0.0333062941
2015-07-12,0.1155856673
2015-07-13,0.0253281734
2015-07-14,0.0017980841
2015-07-15,-0.0070164974
2015-07-16,-0.0419729177
2015-07-17,-0.0348154044
2015-07-18,-0.0474383246
2015-07-19,-0.0572925231
2015-07-20,-0.0377454571
2015-07-21,-0.0492849807
2015-07-22,-0.0438771249
2015-07-23,-0.0485861283
2015-07-24,0.0110442674
2015-07-25,0.0114959069
2015-07-26,0.0295313954
2015-07-27,0.0346295705
2015-07-28,0.0391404612
2015-07-29,0.0126538308
2015-07-30,0.0052235196
2015-07-31,-0.0125378721
2015-08-01,-0.0265903979
2015-08-02,-0.0229280464
2015-08-03,-0.0239866933
2015-08-04,-0.0083972776
2015-08-05,-0.022533068
2015-08-06,-0.0385554436
2015-08-07,-0.0359622145
2015-08-08,-0.1231320153
2015-08-09,-0.0927370081
2015-08-10,-0.0991541137
2015-08-11,-0.0676605768
2015-08-12,-0.0833621553
2015-08-13,-0.0996912785
2015-08-14,-0.091192467
2015-08-15,-0.1120420135
2015-08-16,-0.1256590763
2015-08-17,-0.1295738794
2015-08-18,-0.3213679221
2015-08-19,-0.2742387047
2015-08-20,-0.2323423512
2015-08-21,-0.2443555052
2015-08-22,-0.2542078888
2015-08-23,-0.2638256699
2015-08-24,-0.3420298111
2015-08-25,-0.2828624551
2015-08-26,-0.2631079025
2015-08-27,-0.2685897813
2015-08-28,-0.233318814
2015-08-29,-0.2443081855
2015-08-30,-0.2481058318
2015-08-31,-0.2397653715
2015-09-01,-0.2527087279
2015-09-02,-0.2446233723
2015-09-03,-0.2553979346
2015-09-04,-0.2352200135
2015-09-05,-0.2120588861
2015-09-06,-0.1880199591
2015-09-07,-0.1889789449
2015-09-08,-0.1717938034
2015-09-09,-0.1984641165
2015-09-10,-0.1973007547
2015-09-11,-0.1869221842
2015-09-12,-0.2088542063
2015-09-13,-0.2370720561
2015-09-14,-0.2345893421
2015-09-15,-0.2369537399
2015-09-16,-0.2433415835
2015-09-17,-0.222765464
2015-09-18,-0.2228185983
2015-09-19,-0.2272428701
2015-09-20,-0.2313703103
2015-09-21,-0.2540236414
2015-09-22,-0.2347651566
2015-09-23,-0.2359390898
2015-09-24,-0.2152800506
2015-09-25,-0.2091527776
2015-09-26,-0.2137647789
2015-09-27,-0.2203816467
2015-09-28,-0.1864807259
2015-09-29,-0.1997619908
2015-09-30,-0.2026149575
2015-10-01,-0.1948695114
2015-10-02,-0.1963913957
2015-10-03,-0.1875506975
2015-10-04,-0.1885600954
2015-10-05,-0.1814074088
2015-10-06,-0.1518374919
2015-10-07,-0.1669334982
2015-10-08,-0.1699040874
2015-10-09,-0.1629013274
2015-10-10,-0.155282976
2015-10-11,-0.1424302846
2015-10-12,-0.1529709821
2015-10-13,-0.1314786175
2015-10-14,-0.1171859659
2015-10-15,-0.109618278
2015-10-16,-0.0700886492
2015-10-17,-0.0249440367
2015-10-18,-0.0673250383
2015-10-19,-0.0629934035
2015-10-20,-0.0316761803
2015-10-21,-0.0458291807
2015-10-22,-0.0093170834
2015-10-23,0.0059845216
2015-10-24,0.0302947709
2015-10-25,0.0417316534
2015-10-26,0.0444222707
2015-10-27,0.0873172913
2015-10-28,0.129798462
2015-10-29,0.1791690574
2015-10-30,0.2427200422
2015-10-31,0.1687138905
2015-11-01,0.2457849939
2015-11-02,0.4146235856
2015-11-03,0.5876114327
2015-11-04,0.6000268381
2015-11-05,0.4881115975
2015-11-06,0.4305206359
2015-11-07,0.4950495914
2015-11-08,0.4243665904
2015-11-09,0.4625436489
2015-11-10,0.2524269513
2015-11-11,0.1109580347
2015-11-12,0.2543364572
2015-11-13,0.2521978128
2015-11-14,0.2308091293
2015-11-15,0.1655254745
2015-11-16,0.2222338322
2015-11-17,0.24384461
2015-11-18,0.242942717
2015-11-19,0.1953725429
2015-11-20,0.1740898015
2015-11-21,0.1941672558
2015-11-22,0.1827609982
2015-11-23,0.1794491479
2015-11-24,0.1642453622
2015-11-25,0.2095664339
2015-11-26,0.3456489819
2015-11-27,0.3593390599
2015-11-28,0.345166281
2015-11-29,0.4207014154
2015-11-30,0.4465789428
2015-12-01,0.3712682066
2015-12-02,0.3542305803
2015-12-03,0.3640456514
2015-12-04,0.3736745315
2015-12-05,0.5038493728
2015-12-06,0.5213045276
2015-12-07,0.5291600127
2015-12-08,0.6195133669
2015-12-09,0.6330882422
2015-12-10,0.6215103164
2015-12-11,0.8092606673
2015-12-12,0.7160501196
2015-12-13,0.7074010246
2015-12-14,0.7464385041
2015-12-15,0.8511834897
2015-12-16,0.7964917922
2015-12-17,0.8049352231
2015-12-18,0.8367812106
2015-12-19,0.8255398754
2015-12-20,0.7273654388
2015-12-21,0.7040949075
2015-12-22,0.6911772486
2015-12-23,0.7266479619
2015-12-24,0.7913781271
2015-12-25,0.7877999281
2015-12-26,0.5986324673
2015-12-27,0.6214292284
2015-12-28,0.6131359307
2015-12-29,0.6648129139
2015-12-30,0.6376167024
2015-12-31,0.654436898
2016-01-01,0.6709855022
2016-01-02,0.6777229631
2016-01-03,0.6549282318
2016-01-04,0.6644551979
2016-01-05,0.6684622585
2016-01-06,0.658957892
2016-01-07,0.7945194899
2016-01-08,0.766957268
2016-01-09,0.7533712304
2016-01-10,0.739636574
2016-01-11,0.7350527701
2016-01-12,0.6783894282
2016-01-13,0.6496565329
2016-01-14,0.5129451095
2016-01-15,0.326635905
2016-01-16,0.4295855843
2016-01-17,0.4126694544
2016-01-18,0.4031672845
2016-01-19,0.3808204905
2016-01-20,0.5227092483
2016-01-21,0.5024066443
2016-01-22,0.4011037901
2016-01-23,0.410064345
2016-01-24,0.470849621
2016-01-25,0.4743022205
2016-01-26,0.4502026264
2016-01-27,0.4416352715
2016-01-28,0.3899450511
2016-01-29,0.3917015157
2016-01-30,0.3870534563
2016-01-31,0.3276232868
2016-02-01,0.3556430493
2016-02-02,0.349231403
2016-02-03,0.3414051644
2016-02-04,0.4500765833
2016-02-05,0.4035815423
2016-02-06,0.3741300826
2016-02-07,0.3625468766
2016-02-08,0.3612614219
2016-02-09,0.3700049806
2016-02-10,0.3839468297
2016-02-11,0.3940869778
2016-02-12,0.413677756
2016-02-13,0.4412242427
2016-02-14,0.4918588372
2016-02-15,0.4976681396
2016-02-16,0.5351386259
2016-02-17,0.5744897669
2016-02-18,0.6034636084
2016-02-19,0.5930560099
2016-02-20,0.6956754089
2016-02-21,0.6869938258
2016-02-22,0.6795944833
2016-02-23,0.5903334116
2016-02-24,0.609409614
2016-02-25,0.6093728417
2016-02-26,0.6473511525
2016-02-27,0.6527273902
2016-02-28,0.6519821969
2016-02-29,0.6726820067
2016-03-01,0.6442485821
2016-03-02,0.5942895746
2016-03-03,0.5741117256
2016-03-04,0.5169762096
2016-03-05,0.4623778861
2016-03-06,0.4949104826
2016-03-07,0.5421974863
2016-03-08,0.5328643248
2016-03-09,0.5391495389
2016-03-10,0.5577663786
2016-03-11,0.5732811508
2016-03-12,0.5258753909
2016-03-13,0.5334531622
2016-03-14,0.5491384594
2016-03-15,0.5499252301
2016-03-16,0.5581581466
2016-03-17,0.5654504895
2016-03-18,0.5157328422
2016-03-19,0.5171745731
2016-03-20,0.5319855047
2016-03-21,0.5288223734
2016-03-22,0.5532069888
2016-03-23,0.5568250918
2016-03-24,0.5365731887
2016-03-25,0.5500889146
2016-03-26,0.5515965398
2016-03-27,0.5945328261
2016-03-28,0.5804509214
2016-03-29,0.54406378
2016-03-30,0.5280876164
2016-03-31,0.5436686866
2016-04-01,0.5495440017
2016-04-02,0.5621559026
2016-04-03,0.5632873673
2016-04-04,0.5601646937
2016-04-05,0.5745390437
2016-04-06,0.569958264
2016-04-07,0.5640796892
2016-04-08,0.5495998674
2016-04-09,0.5500320019
2016-04-10,0.5644849926
2016-04-11,0.5706470496
2016-04-12,0.590607364
2016-04-13,0.5771361811
2016-04-14,0.5818100779
2016-04-15,0.6059133648
2016-04-16,0.6129038716
2016-04-17,0.5979433051
2016-04-18,0.5991400776
2016-04-19,0.6385515869
2016-04-20,0.6633489275
2016-04-21,0.7102066552
2016-04-22,0.6880932706
2016-04-23,0.71608708
2016-04-24,0.7631606057
2016-04-25,0.7696254106
2016-04-26,0.7888835676
2016-04-27,0.6670935041
2016-04-28,0.693174157
2016-04-29,0.7224709614
2016-04-30,0.6856584383
2016-05-01,0.7101634669
2016-05-02,0.6583051266
2016-05-03,0.6920255384
2016-05-04,0.6747197534
2016-05-05,0.6791237092
2016-05-06,0.7405365372
2016-05-07,0.7376696163
2016-05-08,0.7369663666
2016-05-09,0.7466068152
2016-05-10,0.6827141416
2016-05-11,0.6960773736
2016-05-12,0.7039858191
2016-05-13,0.7117838541
2016-05-14,0.7150497565
2016-05-15,0.7284130558
2016-05-16,0.6994493416
2016-05-17,0.6852865336
2016-05-18,0.6893737853
2016-05-19,0.6035127216
2016-05-20,0.6264397456
2016-05-21,0.6346478294
2016-05-22,0.6164322001
2016-05-23,0.6342512655
2016-05-24,0.6413035766
2016-05-25,0.6648976988
2016-05-26,0.6836199957
2016-05-27,0.7665034503
2016-05-28,1.0607150645
2016-05-29,1.0379934871
2016-05-30,1.0629383912
2016-05-31,1.0455334418
2016-06-01,1.0754672413
2016-06-02,1.0757770058
2016-06-03,1.2313343069
2016-06-04,1.248332533
2016-06-05,1.2490298496
2016-06-06,1.2979230633
2016-06-07,1.2568601112
2016-06-08,1.2759919604
2016-06-09,1.2424940283
2016-06-10,1.2525970418
2016-06-11,1.3783400387
2016-06-12,1.6940602565
2016-06-13,1.8435249987
2016-06-14,1.7371237575
2016-06-15,1.7753624114
2016-06-16,2.1136356645
2016-06-17,2.0148135703
2016-06-18,2.0470880551
2016-06-19,2.0817166597
2016-06-20,1.8537817795
2016-06-21,1.5841068202
2016-06-22,1.2162227738
2016-06-23,1.3777273363
2016-06-24,1.555177526
2016-06-25,1.5736515547
2016-06-26,1.381359581
2016-06-27,1.4861781258
2016-06-28,1.4586220388
2016-06-29,1.414279675
2016-06-30,1.5851150842
2016-07-01,1.5967808656
2016-07-02,1.7171281353
2016-07-03,1.5149257359
2016-07-04,1.5970117806
2016-07-05,1.5349276721
2016-07-06,1.5779734257
2016-07-07,1.3912077493
2016-07-08,1.5111195222
2016-07-09,1.4426590994
2016-07-10,1.4299232433
2016-07-11,1.4279058543
2016-07-12,1.5215574532
2016-07-13,1.4615005684
2016-07-14,1.4716552371
2016-07-15,1.4978972947
2016-07-16,1.4880497451
2016-07-17,1.5607080397
2016-07-18,1.5287092942
2016-07-19,1.5219627933
2016-07-20,1.483922917
2016-07-21,1.479447416
2016-07-22,1.3986082879
2016-07-23,1.4303402768
2016-07-24,1.4447753447
2016-07-25,1.4119848327
2016-07-26,1.4071808503
2016-07-27,1.4122182161
2016-07-28,1.4096783409
2016-07-29,1.4138936496
2016-07-30,1.4008518176
2016-07-31,1.2529684026
2016-08-01,1.1654867245
2016-08-02,0.7910872284
2016-08-03,1.0002274954
2016-08-04,1.0605090483
2016-08-05,1.0488155851
2016-08-06,1.0941860084
2016-08-07,1.1119347631
2016-08-08,1.0961494235
2016-08-09,1.0780741607
2016-08-10,1.0882148732
2016-08-11,1.0859209291
2016-08-12,1.0736363803
2016-08-13,1.0640021366
2016-08-14,0.9963571597
2016-08-15,0.9733137034
2016-08-16,1.0290371405
2016-08-17,1.0059032622
2016-08-18,1.0033678248
2016-08-19,1.0058714018
2016-08-20,1.0398519422
2016-08-21,1.0340542953
2016-08-22,1.0531078451
2016-08-23,1.041288704
2016-08-24,1.0223164894
2016-08-25,1.0059137065
2016-08-26,1.0184633529
2016-08-27,0.9766878249
2016-08-28,0.9995138608
2016-08-29,0.9916434896
2016-08-30,1.0011572339
2016-08-31,0.9830613519
2016-09-01,0.9823449819
2016-09-02,1.0035504078
2016-09-03,1.1139450547
2016-09-04,1.1604802344
2016-09-05,1.1443912455
2016-09-06,1.1680758494
2016-09-07,1.1787695986
2016-09-08,1.2467332592
2016-09-09,1.2086592327
2016-09-10,1.2154737258
2016-09-11,1.1358387312
2016-09-12,1.1323635127
2016-09-13,1.1345494235
2016-09-14,1.1365832581
2016-09-15,1.1242276981
2016-09-16,1.1259120333
2016-09-17,1.1228238001
2016-09-18,1.1412027758
2016-09-19,1.1275368735
2016-09-20,1.1220086093
2016-09-21,1.067553628
2016-09-22,1.0604957535
2016-09-23,1.0916281267
2016-09-24,1.0927631777
2016-09-25,1.0809725583
2016-09-26,1.1085457781
2016-09-27,1.0994233579
2016-09-28,1.0962509315
2016-09-29,1.0977383494
2016-09-30,1.1140405998
2016-10-01,1.1434828419
2016-10-02,1.1253091467
2016-10-03,1.1269119215
2016-10-04,1.1125227133
2016-10-05,1.121207497
2016-10-06,1.1180854353
2016-10-07,1.1454498544
2016-10-08,1.1505002862
2016-10-09,1.13910431
2016-10-10,1.1423277926
2016-10-11,1.2545594979
2016-10-12,1.2206522581
2016-10-13,1.2135686825
2016-10-14,1.2311137997
2016-10-15,1.2189945365
2016-10-16,1.2434656559
2016-10-17,1.2222152454
2016-10-18,1.2029514383
2016-10-19,1.1738201044
2016-10-20,1.1677574857
2016-10-21,1.1757217422
2016-10-22,1.2831011001
2016-10-23,1.2693478443
2016-10-24,1.2579162208
2016-10-25,1.2815687177
2016-10-26,1.3664129568
2016-10-27,1.4135294044
2016-10-28,1.4282592819
2016-10-29,1.5388957426
2016-10-30,1.4624078794
2016-10-31,1.4561523678
2016-11-01,1.5964381941
2016-11-02,1.6366354742
2016-11-03,1.4029862525
2016-11-04,1.4710896958
2016-11-05,1.4751945315
2016-11-06,1.514085028
2016-11-07,1.4669191945
2016-11-08,1.4882620075
2016-11-09,1.5277713091
2016-11-10,1.4876493283
2016-11-11,1.4950464354
2016-11-12,1.43907575
2016-11-13,1.4362197906
2016-11-14,1.4427427126
2016-11-15,1.4698541784
2016-11-16,1.5975876499
2016-11-17,1.5621323573
2016-11-18,1.6219735949
2016-11-19,1.6260289832
2016-11-20,1.5292880739
2016-11-21,1.5536513831
2016-11-22,1.6009525912
2016-11-23,1.5631883794
2016-11-24,1.5392877978
2016-11-25,1.5470346308
2016-11-26,1.5215205897
2016-11-27,1.4878981799
2016-11-28,1.4953310862
2016-11-29,1.4997731463
2016-11-30,1.5435380696
2016-12-01,1.5902624772
2016-12-02,1.6675161716
2016-12-03,1.624093564
2016-12-04,1.6223422318
2016-12-05,1.5577746078
2016-12-06,1.5834044546
2016-12-07,1.6057214115
2016-12-08,1.6128428722
2016-12-09,1.6284064121
2016-12-10,1.6395642557
2016-12-11,1.6145346422
2016-12-12,1.645831211
2016-12-13,1.643609426
2016-12-14,1.6309471157
2016-12-15,1.622876968
2016-12-16,1.6456989959
2016-12-17,1.6741968776
2016-12-18,1.6742806874
2016-12-19,1.6692842478
2016-12-20,1.7055972226
2016-12-21,1.8213454852
2016-12-22,1.9421344801
2016-12-23,2.17501854
2016-12-24,2.0618051759
2016-12-25,2.0763216511
2016-12-26,2.099909312
2016-12-27,2.1886946805
2016-12-28,2.4062489386
2016-12-29,2.3639212822
2016-12-30,2.3003203243
2016-12-31,2.3262264281
2017-01-01,2.4370777116
2017-01-02,2.5071620321
2017-01-03,2.5577173501
2017-01-04,2.9630582996
2017-01-05,2.3676768595
2017-01-06,1.9084729901
2017-01-07,1.9515332597
2017-01-08,1.9846978075
2017-01-09,1.9412579629
2017-01-10,1.9489111684
2017-01-11,1.4536732816
2017-01-12,1.5320803941
2017-01-13,1.6123886111
2017-01-14,1.5826276842
2017-01-15,1.5992103242
2017-01-16,1.6232472737
2017-01-17,1.9311965107
2017-01-18,1.8232669249
2017-01-19,1.9059597817
2017-01-20,1.8721000808
2017-01-21,1.988769124
2017-01-22,1.9742872698
2017-01-23,1.9547289614
2017-01-24,1.8192142604
2017-01-25,1.8466290242
2017-01-26,1.9275257794
2017-01-27,1.9383906384
2017-01-28,1.9437627919
2017-01-29,1.9061014615
2017-01-30,1.9205874481
2017-01-31,2.1114796571
2017-02-01,2.1813005013
2017-02-02,2.2544862697
2017-02-03,2.2744639937
2017-02-04,2.3414089509
2017-02-05,2.2555647289
2017-02-06,2.2822154825
2017-02-07,2.3937605818
2017-02-08,2.3789449347
2017-02-09,2.0909006192
2017-02-10,2.138199857
2017-02-11,2.1922732134
2017-02-12,2.1655563615
2017-02-13,2.1328619434
2017-02-14,2.1751866215
2017-02-15,2.1763738976
2017-02-16,2.2601918662
2017-02-17,2.3359396496
2017-02-18,2.3359386862
2017-02-19,2.3210562917
2017-02-20,2.4306616448
2017-02-21,2.5766965521
2017-02-22,2.564324182
2017-02-23,2.7799937336
2017-02-24,2.7458444154
2017-02-25,2.603783721
2017-02-26,2.711445746
2017-02-27,2.7469941326
2017-02-28,2.7129643381
2017-03-01,2.851363992
2017-03-02,2.9650473704
2017-03-03,3.0447963797
2017-03-04,2.9520916935
2017-03-05,2.9662677584
2017-03-06,2.9716010734
2017-03-07,2.7774254511
2017-03-08,2.4563271339
2017-03-09,2.6036603249
2017-03-10,2.2406617442
2017-03-11,2.5272559832
2017-03-12,2.722816409
2017-03-13,2.7311036627
2017-03-14,2.7454198431
2017-03-15,2.774512665
2017-03-16,2.4636052519
2017-03-17,2.0676292934
2017-03-18,1.6611142088
2017-03-19,1.870528923
2017-03-20,1.9324242412
2017-03-21,2.196049341
2017-03-22,1.9156355665
2017-03-23,1.8798060985
2017-03-24,1.5361250717
2017-03-25,1.655306704
2017-03-26,1.6311387535
2017-03-27,1.917671709
2017-03-28,1.919635537
2017-03-29,1.8951625639
2017-03-30,1.883928474
2017-03-31,2.033522089
2017-04-01,2.0553856306
2017-04-02,2.1073610158
2017-04-03,2.2391152442
2017-04-04,2.221274857
2017-04-05,2.1911476274
2017-04-06,2.3919896271
2017-04-07,2.3699948969
2017-04-08,2.3363676879
2017-04-09,2.4313264855
2017-04-10,2.4145563531
2017-04-11,2.4687942156
2017-04-12,2.4099153767
2017-04-13,2.2493167779
2017-04-14,2.2485706434
2017-04-15,2.2472454754
2017-04-16,2.2352980181
2017-04-17,2.2890618967
2017-04-18,2.316434258
2017-04-19,2.3344987225
2017-04-20,2.4161555324
2017-04-21,2.4476591876
2017-04-22,2.4271364458
2017-04-23,2.4417564056
2017-04-24,2.4563752181
2017-04-25,2.5233631077
2017-04-26,2.5691534168
2017-04-27,2.7245809507
2017-04-28,2.7145861612
2017-04-29,2.7360631234
2017-04-30,2.8047474457
2017-05-01,2.970616812
2017-05-02,3.0410420009
2017-05-03,3.2071649414
2017-05-04,3.2463925494
2017-05-05,3.1869697451
2017-05-06,3.31106829
2017-05-07,3.1377341754
2017-05-08,3.6308763439
2017-05-09,3.7090863591
2017-05-10,3.8834439158
2017-05-11,4.0142090928
2017-05-12,3.5607309405
2017-05-13,3.7787876618
2017-05-14,3.8027194309
2017-05-15,3.5916011937
2017-05-16,3.6315726147
2017-05-17,3.7620437774
2017-05-18,4.0020857783
2017-05-19,4.1924911808
2017-05-20,4.403458701
2017-05-21,4.3534255752
2017-05-22,4.3994422708
2017-05-23,4.8780678073
2017-05-24,5.2817953315
2017-05-25,4.9138415981
2017-05-26,4.7358905421
2017-05-27,4.0037774064
2017-05-28,4.5049230707
2017-05-29,4.6349568941
2017-05-30,4.2527895102
2017-05-31,4.586635981
2017-06-01,4.8197152147
2017-06-02,4.9937829717
2017-06-03,5.1341993675
2017-06-04,5.0101229127
2017-06-05,5.3900270708
2017-06-06,5.8221378185
2017-06-07,5.3051849579
2017-06-08,5.4953199156
2017-06-09,5.4312639888
2017-06-10,5.6509920608
2017-06-11,5.7280393916
2017-06-12,4.8481817562
2017-06-13,4.8950006205
2017-06-14,4.1767917933
2017-06-15,4.0611536332
2017-06-16,4.1937536703
2017-06-17,4.6037740092
2017-06-18,4.1948717615
2017-06-19,4.3555279526
2017-06-20,4.6642299763
2017-06-21,4.3918077307
2017-06-22,4.4640729644
2017-06-23,4.4224427648
2017-06-24,4.0934984154
2017-06-25,3.9134015579
2017-06-26,3.7206877315
2017-06-27,3.9411346721
2017-06-28,3.9867452987
2017-06-29,3.903952853
2017-06-30,3.6684937904
2017-07-01,3.5546660356
2017-07-02,3.7789362706
2017-07-03,3.8258718352
2017-07-04,3.9084075735
2017-07-05,3.8955973495
2017-07-06,3.8575014211
2017-07-07,3.5865865667
2017-07-08,3.6950419839
2017-07-09,3.5694962678
2017-07-10,3.1397475543
2017-07-11,3.1257418745
2017-07-12,3.2354158349
2017-07-13,3.150761644
2017-07-14,2.8553629639
2017-07-15,2.358095464
2017-07-16,2.1848819003
2017-07-17,2.8359299834
2017-07-18,3.0119946921
2017-07-19,2.8960664051
2017-07-20,4.0825979913
2017-07-21,3.7139069815
2017-07-22,4.0332457795
2017-07-23,3.843001265
2017-07-24,3.8186084179
2017-07-25,3.3688073119
2017-07-26,3.2732008805
2017-07-27,3.5403103615
2017-07-28,3.7450780941
2017-07-29,3.515233387
2017-07-30,3.5411649782
2017-07-31,3.6936771382
2017-08-01,3.3761016499
2017-08-02,3.2661122792
2017-08-03,3.4262664861
2017-08-04,3.5055984223
2017-08-05,4.1992071455
2017-08-06,4.1111320584
2017-08-07,4.3524013239
2017-08-08,4.3468100208
2017-08-09,4.1379538819
2017-08-10,4.2615117406
2017-08-11,4.6341030253
2017-08-12,4.9637677897
2017-08-13,5.2500842884
2017-08-14,5.603373972
2017-08-15,5.2566944615
2017-08-16,5.5490992914
2017-08-17,5.3573610631
2017-08-18,4.9308304708
2017-08-19,4.9510370667
2017-08-20,4.7477209096
2017-08-21,4.5336307279
2017-08-22,4.6193470879
2017-08-23,4.6837681429
2017-08-24,4.9330502309
2017-08-25,4.9206139187
2017-08-26,4.8460228791
2017-08-27,4.7984707775
2017-08-28,4.7986943688
2017-08-29,5.0838279195
2017-08-30,4.9972991184
2017-08-31,5.1663571011
2017-09-01,5.3687147953
2017-09-02,4.796946638
2017-09-03,4.7923124876
2017-09-04,4.3528690229
2017-09-05,4.4312751654
2017-09-06,4.6142070967
2017-09-07,4.5914171376
2017-09-08,4.119774723
2017-09-09,4.0736407234
2017-09-10,3.9271352652
2017-09-11,3.8264525383
2017-09-12,3.7292913467
2017-09-13,3.308600775
2017-09-14,2.3793212018
2017-09-15,3.0201284871
2017-09-16,3.020109514
2017-09-17,3.0069873287
2017-09-18,3.5133739241
2017-09-19,3.2708675265
2017-09-20,3.2099619967
2017-09-21,2.8035363156
2017-09-22,2.7931591857
2017-09-23,2.9989822594
2017-09-24,2.8482020748
2017-09-25,3.1493757532
2017-09-26,3.0907725009
2017-09-27,3.5042511269
2017-09-28,3.4500175874
2017-09-29,3.3827113311
2017-09-30,3.5985715645
2017-10-01,3.6370124607
2017-10-02,3.6123294632
2017-10-03,3.4796102353
2017-10-04,3.3383113951
2017-10-05,3.4431746635
2017-10-06,3.4801223918
2017-10-07,3.5524955171
2017-10-08,3.7344171765
2017-10-09,3.9213973895
2017-10-10,3.8364686363
2017-10-11,3.9003713748
2017-10-12,4.5891849523
2017-10-13,4.7991092421
2017-10-14,4.9589687094
2017-10-15,4.7853443731
2017-10-16,4.8081771489
2017-10-17,4.553094069
2017-10-18,4.5002414383
2017-10-19,4.5959834146
2017-10-20,4.8934842521
2017-10-21,4.8756829234
2017-10-22,4.7745991173
2017-10-23,4.5693483762
2017-10-24,4.0950254692
2017-10-25,4.3067531762
2017-10-26,4.4526845764
2017-10-27,4.2663324768
2017-10-28,4.2212512504
2017-10-29,4.6399920223
2017-10-30,4.5286763185
2017-10-31,4.817463501
2017-11-01,5.0741299793
2017-11-02,5.3345779593
2017-11-03,5.4219203186
2017-11-04,5.585769049
2017-11-05,5.4560410455
2017-11-06,4.9913660333
2017-11-07,5.0662887158
2017-11-08,5.3401091278
2017-11-09,4.9328396652
2017-11-10,4.3798335141
2017-11-11,4.0631677958
2017-11-12,3.4824633303
2017-11-13,4.1177304408
2017-11-14,4.1487506079
2017-11-15,4.7366795886
2017-11-16,5.2111992882
2017-11-17,5.0267469977
2017-11-18,5.0271538359
2017-11-19,5.1697464736
2017-11-20,5.3253275752
2017-11-21,5.0816128674
2017-11-22,5.1619879606
2017-11-23,4.9381280386
2017-11-24,5.0112455642
2017-11-25,5.3994237483
2017-11-26,5.7970259125
2017-11-27,6.042653653
2017-11-28,6.0874920331
2017-11-29,5.858121902
2017-11-30,5.9239527993
2017-12-01,6.4816002927
2017-12-02,6.4640103647
2017-12-03,6.5772338915
2017-12-04,6.7230551535
2017-12-05,6.727150468
2017-12-06,8.252960609
2017-12-07,10.0859729224
2017-12-08,9.1984416765
2017-12-09,8.085028288
2017-12-10,8.1751744297
2017-12-11,8.8760542911
2017-12-12,8.9434319271
2017-12-13,8.1038502474
2017-12-14,7.9624124725
2017-12-15,8.4336603277
2017-12-16,9.3559364998
2017-12-17,8.8487373794
2017-12-18,8.4610739153
2017-12-19,7.51907549
2017-12-20,6.6839496637
2017-12-21,6.1239246808
2017-12-22,5.3123527108
2017-12-23,5.5712664019
2017-12-24,5.0281779159
2017-12-25,5.0042198855
2017-12-26,5.7969407141
2017-12-27,5.5254485681
2017-12-28,4.8942230487
2017-12-29,4.9807970476
2017-12-30,4.100497441
2017-12-31,4.5538952831
2018-01-01,4.28745085
2018-01-02,4.8737804195
2018-01-03,4.9436697543
2018-01-04,4.9053884568
2018-01-05,5.7443456925
2018-01-06,5.7040837351
2018-01-07,5.2004230957
2018-01-08,4.5473663756
2018-01-09,4.2457407285
2018-01-10,4.3395115873
2018-01-11,3.6237965027
2018-01-12,3.8704817647
2018-01-13,4.0391405221
2018-01-14,3.761055583
2018-01-15,3.6971054775
2018-01-16,2.7222027788
2018-01-17,2.5942580739
2018-01-18,2.6276054263
2018-01-19,2.7044389436
2018-01-20,3.2739011867
2018-01-21,2.6730244082
2018-01-22,2.367573609
2018-01-23,2.4138424901
2018-01-24,2.5696194804
2018-01-25,2.519648965
2018-01-26,2.4651883911
2018-01-27,2.577701369
2018-01-28,2.6851637923
2018-01-29,2.4696726476
2018-01-30,1.9743816154
2018-01-31,2.0103647078
2018-02-01,1.5854998761
2018-02-02,1.4912241975
2018-02-03,1.6379021896
2018-02-04,1.2608915185
2018-02-05,0.6851600281
2018-02-06,1.0655359943
2018-02-07,1.0245135131
2018-02-08,1.2767687263
2018-02-09,1.4614593992
2018-02-10,1.4047221547
2018-02-11,1.2227692989
2018-02-12,1.5583826279
2018-02-13,1.3984467772
2018-02-14,1.7849874805
2018-02-15,2.039109932
2018-02-16,2.065061215
2018-02-17,2.4258932913
2018-02-18,2.1553934593
2018-02-19,2.4256210525
2018-02-20,2.4548227854
2018-02-21,2.1247241567
2018-02-22,1.8558563975
2018-02-23,1.9632579877
2018-02-24,1.7685231181
2018-02-25,1.7315241551
2018-02-26,2.0128532241
2018-02-27,2.1427843142
2018-02-28,1.9949897528
2018-03-01,2.2332638467
2018-03-02,2.2602164755
2018-03-03,2.4160422651
2018-03-04,2.419392773
2018-03-05,2.4362533427
2018-03-06,2.0887316837
2018-03-07,1.7802726864
2018-03-08,1.5543357908
2018-03-09,1.5429379043
2018-03-10,1.350315184
2018-03-11,1.6322207094
2018-03-12,1.4878106976
2018-03-13,1.4921339739
2018-03-14,1.1282995485
2018-03-15,1.147759919
2018-03-16,1.1912424699
2018-03-17,0.999222948
2018-03-18,1.1190584792
2018-03-19,1.2536621284
2018-03-20,1.3915861663
2018-03-21,1.3834300211
2018-03-22,1.3177442427
2018-03-23,1.3399648631
2018-03-24,1.275626519
2018-03-25,1.2106663442
2018-03-26,1.1096147693
2018-03-27,0.982383462
2018-03-28,1.0213997179
2018-03-29,0.7098770651
2018-03-30,0.6093889266
2018-03-31,0.6450063644
2018-04-01,0.6019449373
2018-04-02,0.6911473898
2018-04-03,0.8409020013
2018-04-04,0.5984752131
2018-04-05,0.6076875253
2018-04-06,0.5391694929
2018-04-07,0.6460705728
2018-04-08,0.693561656
2018-04-09,0.5919362572
2018-04-10,0.6246776877
2018-04-11,0.6735454141
2018-04-12,1.0372997359
2018-04-13,1.0402759587
2018-04-14,1.0724523386
2018-04-15,1.1982490019
2018-04-16,1.0851797356
2018-04-17,1.0245841261
2018-04-18,1.1271339373
2018-04-19,1.1614978834
2018-04-20,1.3709795426
2018-04-21,1.3758847411
2018-04-22,1.3494542654
2018-04-23,1.3941090035
2018-04-24,1.6580967513
2018-04-25,1.356551336
2018-04-26,1.5027075336
2018-04-27,1.3950495982
2018-04-28,1.526707379
2018-04-29,1.5443009975
2018-04-30,1.4777919049
2018-05-01,1.4167773395
2018-05-02,1.4601001401
2018-05-03,1.658553033
2018-05-04,1.6334888348
2018-05-05,1.6663786378
2018-05-06,1.5890007622
2018-05-07,1.4920665101
2018-05-08,1.4432563857
2018-05-09,1.4691301931
2018-05-10,1.3726353605
2018-05-11,1.1461171906
2018-05-12,1.1693931493
2018-05-13,1.2452325393
2018-05-14,1.2245154415
2018-05-15,1.1564164127
2018-05-16,1.0986824407
2018-05-17,0.9894940409
2018-05-18,1.0566323114
2018-05-19,1.0538660768
2018-05-20,1.1552276659
2018-05-21,1.1123691876
2018-05-22,0.9705359757
2018-05-23,0.7950554009
2018-05-24,0.8143515069
2018-05-25,0.7610349128
2018-05-26,0.7254586805
2018-05-27,0.730222153
2018-05-28,0.6503047981
2018-05-29,0.7751733397
2018-05-30,0.7468747988
2018-05-31,0.7851174338
2018-06-01,0.8003716143
2018-06-02,0.8423694289
2018-06-03,0.8648572848
2018-06-04,0.7875146873
2018-06-05,0.8330602491
2018-06-06,0.8470211657
2018-06-07,0.8523444343
2018-06-08,0.8371771375
2018-06-09,0.8134526564
2018-06-10,0.5254940048
2018-06-11,0.5662238205
2018-06-12,0.4530935316
2018-06-13,0.3801563622
2018-06-14,0.4975724332
2018-06-15,0.4169917615
2018-06-16,0.4517906783
2018-06-17,0.436634125
2018-06-18,0.5282472113
2018-06-19,0.5392242519
2018-06-20,0.5473611059
2018-06-21,0.5349358661
2018-06-22,0.3020008794
2018-06-23,0.3442595189
2018-06-24,0.3359779661
2018-06-25,0.3719730387
2018-06-26,0.3206995638
2018-06-27,0.3515698599
2018-06-28,0.2543777182
2018-06-29,0.3845219681
2018-06-30,0.4400230602
2018-07-01,0.4390478573
2018-07-02,0.5268217895
2018-07-03,0.488513886
2018-07-04,0.5170464827
2018-07-05,0.5017526046
2018-07-06,0.5256814037
2018-07-07,0.5752968319
2018-07-08,0.5651280025
2018-07-09,0.5507472167
2018-07-10,0.4258374221
2018-07-11,0.4516999777
2018-07-12,0.3758489452
2018-07-13,0.3953790888
2018-07-14,0.4123196353
2018-07-15,0.4451777198
2018-07-16,0.5739858037
2018-07-17,0.7882381117
2018-07-18,0.8068811939
2018-07-19,0.837557553
2018-07-20,0.7871485033
2018-07-21,0.815573697
2018-07-22,0.8107916709
2018-07-23,0.9209294517
2018-07-24,1.1582095965
2018-07-25,1.0865420168
2018-07-26,0.9837925776
2018-07-27,1.0734281487
2018-07-28,1.0775710081
2018-07-29,1.0889499222
2018-07-30,1.067082732
2018-07-31,0.9092242351
2018-08-01,0.8638795722
2018-08-02,0.844980669
2018-08-03,0.7995115739
2018-08-04,0.6569831037
2018-08-05,0.6674796673
2018-08-06,0.6331098841
2018-08-07,0.5616478405
2018-08-08,0.4044308235
2018-08-09,0.5083285981
2018-08-10,0.3618682849
2018-08-11,0.4254643603
2018-08-12,0.4263244758
2018-08-13,0.4097182321
2018-08-14,0.3839850752
2018-08-15,0.4158201481
2018-08-16,0.4233027424
2018-08-17,0.5179676879
2018-08-18,0.4609342414
2018-08-19,0.4922855932
2018-08-20,0.416636671
2018-08-21,0.4864613844
2018-08-22,0.4486688846
2018-08-23,0.5011736453
2018-08-24,0.5639959195
2018-08-25,0.5792812428
2018-08-26,0.5589162019
2018-08-27,0.6096459551
2018-08-28,0.6962956868
2018-08-29,0.6731656741
2018-08-30,0.6495342089
2018-08-31,0.6695626816
2018-09-01,0.7269905572
2018-09-02,0.7589826719
2018-09-03,0.7482931609
2018-09-04,0.7825009677
2018-09-05,0.5863965999
2018-09-06,0.4828739022
2018-09-07,0.4564882001
2018-09-08,0.3805457299
2018-09-09,0.4026814971
2018-09-10,0.4195536791
2018-09-11,0.415332097
2018-09-12,0.4333463302
2018-09-13,0.4922732316
2018-09-14,0.4936098047
2018-09-15,0.5038658969
2018-09-16,0.4945744588
2018-09-17,0.4124259498
2018-09-18,0.4411852253
2018-09-19,0.4566119061
2018-09-20,0.496810677
2018-09-21,0.5829926454
2018-09-22,0.5706660115
2018-09-23,0.5696201537
2018-09-24,0.5259835362
2018-09-25,0.4726092769
2018-09-26,0.4889872905
2018-09-27,0.5628238315
2018-09-28,0.5435798486
2018-09-29,0.5305668809
2018-09-30,0.5375186203
2018-10-01,0.5238004153
2018-10-02,0.5061203326
2018-10-03,0.4915824192
2018-10-04,0.5196968517
2018-10-05,0.5333654252
2018-10-06,0.5215194984
2018-10-07,0.5263219784
2018-10-08,0.5399053129
2018-10-09,0.5350699906
2018-10-10,0.5139128396
2018-10-11,0.3943104406
2018-10-12,0.4061476555
2018-10-13,0.4086695144
2018-10-14,0.4041555478
2018-10-15,0.4936938152
2018-10-16,0.5012706697
2018-10-17,0.4953331544
2018-10-18,0.4800706351
2018-10-19,0.4748628148
2018-10-20,0.4920281624
2018-10-21,0.4944743592
2018-10-22,0.4924241267
2018-10-23,0.4887717044
2018-10-24,0.4951255972
2018-10-25,0.4917192365
2018-10-26,0.4939870606
2018-10-27,0.4958413557
2018-10-28,0.4949424244
2018-10-29,0.4462449214
2018-10-30,0.4498116796
2018-10-31,0.462238681
2018-11-01,0.4757116517
2018-11-02,0.4774848787
2018-11-03,0.4721482174
2018-11-04,0.5022195888
2018-11-05,0.4963230191
2018-11-06,0.5094044305
2018-11-07,0.5295437575
2018-11-08,0.4972198858
2018-11-09,0.4713998176
2018-11-10,0.4788551571
2018-11-11,0.4727490393
2018-11-12,0.4678275977
2018-11-13,0.4504728962
2018-11-14,0.2162452207
2018-11-15,0.216124068
2018-11-16,0.204061243
2018-11-17,0.2065998436
2018-11-18,0.225620959
2018-11-19,-0.0291620039
2018-11-20,-0.1781991334
2018-11-21,-0.09599394
2018-11-22,-0.1767110443
2018-11-23,-0.1785543861
2018-11-24,-0.3405915518
2018-11-25,-0.2882498981
2018-11-26,-0.3674160249
2018-11-27,-0.3362584049
2018-11-28,-0.1868368796
2018-11-29,-0.1774975081
2018-11-30,-0.2649982693
2018-12-01,-0.2063813608
2018-12-02,-0.2221986463
2018-12-03,-0.3145143527
2018-12-04,-0.3069225164
2018-12-05,-0.3496677917
2018-12-06,-0.405748939
2018-12-07,-0.4486551298
2018-12-08,-0.4353754612
2018-12-09,-0.3892550939
2018-12-10,-0.4298325715
2018-12-11,-0.4434029671
2018-12-12,-0.417124242
2018-12-13,-0.4706859398
2018-12-14,-0.4882930515
2018-12-15,-0.4915363269
2018-12-16,-0.4865462931
2018-12-17,-0.3811354461
2018-12-18,-0.322060533
2018-12-19,-0.3071407197
2018-12-20,-0.180131488
2018-12-21,-0.2563805097
2018-12-22,-0.2129293557
2018-12-23,-0.2195934056
2018-12-24,-0.1852796481
2018-12-25,-0.279722245
2018-12-26,-0.2631192578
2018-12-27,-0.3377047336
2018-12-28,-0.2316420472
2018-12-29,-0.2507071543
2018-12-30,-0.2486783087
2018-12-31,-0.2944322053
2019-01-01,-0.2521072974
2019-01-02,-0.2208206286
2019-01-03,-0.2585137103
2019-01-04,-0.2430268656
2019-01-05,-0.2526452575
2019-01-06,-0.1666945519
2019-01-07,-0.1811576682
2019-01-08,-0.1832292695
2019-01-09,-0.1791271653
2019-01-10,-0.2946765942
2019-01-11,-0.2944346302
2019-01-12,-0.2962035428
2019-01-13,-0.3327617035
2019-01-14,-0.2775477456
2019-01-15,-0.3080852969
2019-01-16,-0.2987399116
2019-01-17,-0.2863575558
2019-01-18,-0.2962266438
2019-01-19,-0.2686667809
2019-01-20,-0.3195072302
2019-01-21,-0.3197685674
2019-01-22,-0.3021801111
2019-01-23,-0.3101304347
2019-01-24,-0.304192444
2019-01-25,-0.305327827
2019-01-26,-0.3060590118
2019-01-27,-0.3121227171
2019-01-28,-0.3454562497
2019-01-29,-0.357719394
2019-01-30,-0.3414227718
2019-01-31,-0.3500556551
2019-02-01,-0.3370114169
2019-02-02,-0.3307153972
2019-02-03,-0.3471802227
2019-02-04,-0.3462652475
2019-02-05,-0.3403265137
2019-02-06,-0.3592162833
2019-02-07,-0.3610112972
2019-02-08,-0.2726575585
2019-02-09,-0.2695045099
2019-02-10,-0.2621827364
2019-02-11,-0.279389375
2019-02-12,-0.2794038915
2019-02-13,-0.2801243822
2019-02-14,-0.2846272455
2019-02-15,-0.2828949248
2019-02-16,-0.2748102208
2019-02-17,-0.2610983931
2019-02-18,-0.1762960834
2019-02-19,-0.1654001242
2019-02-20,-0.1540987794
2019-02-21,-0.166778156
2019-02-22,-0.1472483841
2019-02-23,-0.0902377881
2019-02-24,-0.2131069784
2019-02-25,-0.1884763462
2019-02-26,-0.1971339227
2019-02-27,-0.1955294156
2019-02-28,-0.1970925019
2019-03-01,-0.1905842618
2019-03-02,-0.1905260512
2019-03-03,-0.1998438736
2019-03-04,-0.2276055494
2019-03-05,-0.1782056313
2019-03-06,-0.1737559685
2019-03-07,-0.1722008509
2019-03-08,-0.1773629861
2019-03-09,-0.1524811144
2019-03-10,-0.1544500007
2019-03-11,-0.1720021026
2019-03-12,-0.168669303
2019-03-13,-0.1708447151
2019-03-14,-0.169732734
2019-03-15,-0.1527143936
2019-03-16,-0.121186107
2019-03-17,-0.1291192502
2019-03-18,-0.1279530083
2019-03-19,-0.1187626131
2019-03-20,-0.1066618343
2019-03-21,-0.1251238406
2019-03-22,-0.1220871416
2019-03-23,-0.1226041461
2019-03-24,-0.1262844811
2019-03-25,-0.1474141323
2019-03-26,-0.1435404722
2019-03-27,-0.1054949659
2019-03-28,-0.1110304111
2019-03-29,-0.0843485239
2019-03-30,-0.0834844777
2019-03-31,-0.0812131915
2019-04-01,-0.0658679099
2019-04-02,0.1962321711
2019-04-03,0.2141586221
2019-04-04,0.1958278949
2019-04-05,0.2382267501
2019-04-06,0.2417569466
2019-04-07,0.2919133372
2019-04-08,0.3236135305
2019-04-09,0.2919962585
2019-04-10,0.3313018606
2019-04-11,0.2401243386
2019-04-12,0.2505656659
2019-04-13,0.2473827267
2019-04-14,0.2774385218
2019-04-15,0.2379138845
2019-04-16,0.2941940629
2019-04-17,0.3003490282
2019-04-18,0.3180952798
2019-04-19,0.318199257
2019-04-20,0.3263374554
2019-04-21,0.3200106029
2019-04-22,0.3502323894
2019-04-23,0.4049639478
2019-04-24,0.3670491837
2019-04-25,0.2614784255
2019-04-26,0.2710466388
2019-04-27,0.2823624495
2019-04-28,0.2706815453
2019-04-29,0.2714458998
2019-04-30,0.311863032
2019-05-01,0.3333702763
2019-05-02,0.3604649932
2019-05-03,0.451870663
2019-05-04,0.4916621446
2019-05-05,0.4744163094
2019-05-06,0.4594263179
2019-05-07,0.5048424931
2019-05-08,0.540087064
2019-05-09,0.61458977
2019-05-10,0.6852229679
2019-05-11,1.0140538565
2019-05-12,0.8777007185
2019-05-13,1.1667684463
2019-05-14,1.2109785782
2019-05-15,1.290216153
2019-05-16,1.1565991043
2019-05-17,0.9697313998
2019-05-18,0.9518472944
2019-05-19,1.2758093081
2019-05-20,1.1897437945
2019-05-21,1.1874757367
2019-05-22,1.076486915
2019-05-23,1.1531867378
2019-05-24,1.1808172295
2019-05-25,1.2041427093
2019-05-26,1.4320560142
2019-05-27,1.4561994642
2019-05-28,1.4170933609
2019-05-29,1.3708675751
2019-05-30,1.2359354062
2019-05-31,1.3304622232
2019-06-01,1.327327423
2019-06-02,1.3900929392
2019-06-03,1.189427964
2019-06-04,1.0180754236
2019-06-05,1.0671548301
2019-06-06,1.0590084273
2019-06-07,1.1418910975
2019-06-08,1.1118489259
2019-06-09,1.0057217595
2019-06-10,1.1257002931
2019-06-11,1.0997900649
2019-06-12,1.1740919579
2019-06-13,1.201412919
2019-06-14,1.3556212924
2019-06-15,1.4050780205
2019-06-16,1.4574434152
2019-06-17,1.5621491383
2019-06-18,1.4584163958
2019-06-19,1.5339486064
2019-06-20,1.6179541779
2019-06-21,1.7934693011
2019-06-22,1.9879834236
2019-06-23,2.0185612949
2019-06-24,2.0803171208
2019-06-25,2.3124054649
2019-06-26,2.6686427238
2019-06-27,2.066092997
2019-06-28,2.4693399594
2019-06-29,2.3208054945
2019-06-30,1.9413580473
2019-07-01,1.8463156696
2019-07-02,1.9069327284
2019-07-03,2.2946638458
2019-07-04,2.0266494682
2019-07-05,1.9634170632
2019-07-06,2.0295364236
2019-07-07,2.1075645684
2019-07-08,2.384415153
2019-07-09,2.4596012406
2019-07-10,2.2872471789
2019-07-11,2.0134864024
2019-07-12,2.1768737475
2019-07-13,2.018714407
2019-07-14,1.6665259981
2019-07-15,1.874895787
2019-07-16,1.3954458278
2019-07-17,1.4585564458
2019-07-18,1.7814803308
2019-07-19,1.7281979938
2019-07-20,1.8329117061
2019-07-21,1.7392853568
2019-07-22,1.6485681875
2019-07-23,1.5001063497
2019-07-24,1.4686923105
2019-07-25,1.5010987335
2019-07-26,1.4791356938
2019-07-27,1.3508531223
2019-07-28,1.376859881
2019-07-29,1.335870916
2019-07-30,1.3616097872
2019-07-31,1.5121537211
2019-08-01,1.6195450005
2019-08-02,1.6579935514
2019-08-03,1.745793539
2019-08-04,1.7992905424
2019-08-05,2.0476459355
2019-08-06,1.9199244502
2019-08-07,2.087319358
2019-08-08,2.069295934
2019-08-09,2.0383220262
2019-08-10,1.8567242537
2019-08-11,1.9252687716
2019-08-12,1.874418684
2019-08-13,1.7043207426
2019-08-14,1.4318237324
2019-08-15,1.5217178512
2019-08-16,1.5398139837
2019-08-17,1.4853643019
2019-08-18,1.5232059451
2019-08-19,1.6968119562
2019-08-20,1.6566178996
2019-08-21,1.4407373343
2019-08-22,1.4470086163
2019-08-23,1.5320167119
2019-08-24,1.4456217184
2019-08-25,1.4291723494
2019-08-26,1.5097122307
2019-08-27,1.4456182031
2019-08-28,1.3045398368
2019-08-29,1.2281330236
2019-08-30,1.2575804178
2019-08-31,1.2655366466
2019-09-01,1.3137127633
2019-09-02,1.5044170224
2019-09-03,1.5766948241
2019-09-04,1.5606941421
2019-09-05,1.5585153466
2019-09-06,1.4646567053
2019-09-07,1.5137101216
2019-09-08,1.4842236841
2019-09-09,1.4590738015
2019-09-10,1.3807262614
2019-09-11,1.3920116112
2019-09-12,1.4714335685
2019-09-13,1.4510284826
2019-09-14,1.4548944202
2019-09-15,1.435327254
2019-09-16,1.4188630248
2019-09-17,1.397716352
2019-09-18,1.3838786426
2019-09-19,1.4155753864
2019-09-20,1.3834830447
2019-09-21,1.3253540751
2019-09-22,1.3430390757
2019-09-23,1.2327867056
2019-09-24,0.9013401436
2019-09-25,0.84606444
2019-09-26,0.7488790974
2019-09-27,0.7782064047
2019-09-28,0.7837893524
2019-09-29,0.7415352334
2019-09-30,0.8092651175
2019-10-01,0.8204737423
2019-10-02,0.8353691034
2019-10-03,0.802419436
2019-10-04,0.7753532818
2019-10-05,0.7677898238
2019-10-06,0.6795640502
2019-10-07,0.7942653609
2019-10-08,0.7828635039
2019-10-09,0.9082590621
2019-10-10,0.9017106127
2019-10-11,0.813183311
2019-10-12,0.823188155
2019-10-13,0.8131296047
2019-10-14,0.8219067278
2019-10-15,0.7659487332
2019-10-16,0.7183748793
2019-10-17,0.7398855271
2019-10-18,0.7055053762
2019-10-19,0.7019839794
2019-10-20,0.7832241222
2019-10-21,0.7830225134
2019-10-22,0.7273531286
2019-10-23,0.5548423468
2019-10-24,0.5570307459
2019-10-25,0.9233861878
2019-10-26,1.1004069482
2019-10-27,1.1927731641
2019-10-28,1.1159389491
2019-10-29,1.1471841386
2019-10-30,1.0700544611
2019-10-31,1.0605158077
2019-11-01,1.0866979744
2019-11-02,1.1005056451
2019-11-03,1.0722732397
2019-11-04,1.1345401435
2019-11-05,1.1118729218
2019-11-06,1.118338756
2019-11-07,1.0732034945
2019-11-08,0.94611734
2019-11-09,0.9519159794
2019-11-10,1.0218858025
2019-11-11,0.921132082
2019-11-12,0.9434153981
2019-11-13,0.9332716168
2019-11-14,0.896384015
2019-11-15,0.8418753831
2019-11-16,0.8453599667
2019-11-17,0.8534238154
2019-11-18,0.7564931742
2019-11-19,0.7365661449
2019-11-20,0.7250996873
2019-11-21,0.5864383274
2019-11-22,0.4890380031
2019-11-23,0.5055020112
2019-11-24,0.3898718545
2019-11-25,0.4511142181
2019-11-26,0.4611523886
2019-11-27,0.5717141365
2019-11-28,0.5446587996
2019-11-29,0.6391581478
2019-11-30,0.5819949328
2019-12-01,0.5403328994
2019-12-02,0.5114110857
2019-12-03,0.5091477359
2019-12-04,0.4826984763
2019-12-05,0.5406835885
2019-12-06,0.58073381
2019-12-07,0.5740124784
2019-12-08,0.5790979005
2019-12-09,0.5225087102
2019-12-10,0.4905525621
2019-12-11,0.4818497271
2019-12-12,0.4803002601
2019-12-13,0.4962723668
2019-12-14,0.4440447635
2019-12-15,0.4562317592
2019-12-16,0.3881213246
2019-12-17,0.3074771227
2019-12-18,0.513671683
2019-12-19,0.4718510527
2019-12-20,0.4831652289
2019-12-21,0.4699430782
2019-12-22,0.5723401715
2019-12-23,0.5247650762
2019-12-24,0.4985638103
2019-12-25,0.4878822351
2019-12-26,0.4892859582
2019-12-27,0.5025767902
2019-12-28,0.5235939002
2019-12-29,0.5511559564
2019-12-30,0.5019719903
2019-12-31,0.4837097713
2020-01-01,0.4846947061
2020-01-02,0.4173108722
2020-01-03,0.5282361577
2020-01-04,0.5368901357
2020-01-05,0.537521082
2020-01-06,0.6634364118
2020-01-07,0.7739608162
2020-01-08,0.749892472
2020-01-09,0.6756330836
2020-01-10,0.7687805356
2020-01-11,0.7388855797
2020-01-12,0.7782542405
2020-01-13,0.7646657122
2020-01-14,0.9731056992
2020-01-15,0.9642886256
2020-01-16,0.9344652968
2020-01-17,0.9909080951
2020-01-18,0.9945756252
2020-01-19,0.9217396963
2020-01-20,0.9061304701
2020-01-21,0.9337303646
2020-01-22,0.9082066388
2020-01-23,0.8232280089
2020-01-24,0.8394098127
2020-01-25,0.815285749
2020-01-26,0.8834354979
2020-01-27,0.9804415429
2020-01-28,1.0966391274
2020-01-29,1.0973038389
2020-01-30,1.1528433557
2020-01-31,1.1037596477
2020-02-01,1.1099515608
2020-02-02,1.0967898197
2020-02-03,1.0772927481
2020-02-04,1.0409295438
2020-02-05,1.1783000885
2020-02-06,1.2062977263
2020-02-07,1.2172341989
2020-02-08,1.2473513308
2020-02-09,1.3163409383
2020-02-10,1.2279208947
2020-02-11,1.3430272946
2020-02-12,1.3661283098
2020-02-13,1.3261871706
2020-02-14,1.361005786
2020-02-15,1.2263922191
2020-02-16,1.2369680264
2020-02-17,1.1564281465
2020-02-18,1.303409707
2020-02-19,1.136486597
2020-02-20,1.1296156603
2020-02-21,1.1544750293
2020-02-22,1.1455850617
2020-02-23,1.2321061857
2020-02-24,1.1348413917
2020-02-25,1.0424501265
2020-02-26,0.8821696881
2020-02-27,0.8770479426
2020-02-28,0.8686322651
2020-02-29,0.819012757
2020-03-01,0.8073459806
2020-03-02,0.9139096065
2020-03-03,0.8725118894
2020-03-04,0.8727923215
2020-03-05,0.9625047221
2020-03-06,0.986388734
2020-03-07,0.9127630074
2020-03-08,0.6809363439
2020-03-09,0.6208697534
2020-03-10,0.6265877876
2020-03-11,0.6394623871
2020-03-12,-0.2044230255
2020-03-13,0.003826188
2020-03-14,-0.1331163771
2020-03-15,-0.0682577248
2020-03-16,-0.1634619051
2020-03-17,-0.0415981802
2020-03-18,-0.047589501
2020-03-19,0.1906376946
2020-03-20,0.1847883545
2020-03-21,0.1854679809
2020-03-22,0.0838972233
2020-03-23,0.2771214912
2020-03-24,0.3595630589
2020-03-25,0.3348833573
2020-03-26,0.3535577366
2020-03-27,0.2767885485
2020-03-28,0.2012316282
2020-03-29,0.1062799885
2020-03-30,0.2638548074
2020-03-31,0.263311083
2020-04-01,0.3302415479
2020-04-02,0.3743192509
2020-04-03,0.3624418767
2020-04-04,0.394231547
2020-04-05,0.3737229427
2020-04-06,0.5209678394
2020-04-07,0.4888790724
2020-04-08,0.5424116034
2020-04-09,0.5206187666
2020-04-10,0.3972335449
2020-04-11,0.4042695138
2020-04-12,0.432371605
2020-04-13,0.3988173702
2020-04-14,0.4024762514
2020-04-15,0.3294768342
2020-04-16,0.4772633943
2020-04-17,0.4634803152
2020-04-18,0.5165690851
2020-04-19,0.4833376611
2020-04-20,0.3967702099
2020-04-21,0.4022124937
2020-04-22,0.4764974454
2020-04-23,0.5826310893
2020-04-24,0.5868288844
2020-04-25,0.5956187636
2020-04-26,0.6382183686
2020-04-27,0.6624198061
2020-04-28,0.6596421144
2020-04-29,0.9392981514
2020-04-30,0.9027595007
2020-05-01,0.9595593562
2020-05-02,0.993674415
2020-05-03,0.9685670148
2020-05-04,0.9625152677
2020-05-05,0.9914321854
2020-05-06,1.0698680177
2020-05-07,1.2714962135
2020-05-08,1.2278167912
2020-05-09,1.1442991991
2020-05-10,0.8916814605
2020-05-11,0.8569369107
2020-05-12,0.9228267905
2020-05-13,1.0679561918
2020-05-14,1.2048636947
2020-05-15,1.0647936753
2020-05-16,1.083920031
2020-05-17,1.1664202203
2020-05-18,1.1756577459
2020-05-19,1.1807010166
2020-05-20,1.1100293056
2020-05-21,0.9798495761
2020-05-22,1.0065830503
2020-05-23,1.0121035212
2020-05-24,0.9019594163
2020-05-25,0.932713702
2020-05-26,0.9109814479
2020-05-27,1.006916928
2020-05-28,1.1217071476
2020-05-29,1.0808431533
2020-05-30,1.1550565489
2020-05-31,1.0794057189
2020-06-01,1.2958289273
2020-06-02,1.0959356121
2020-06-03,1.1320557427
2020-06-04,1.1795209229
2020-06-05,1.128898148
2020-06-06,1.1355845139
2020-06-07,1.1574200485
2020-06-08,1.1602921621
2020-06-09,1.1615831633
2020-06-10,1.1914886593
2020-06-11,1.0150052942
2020-06-12,1.0658418751
2020-06-13,1.0666122274
2020-06-14,1.0317367997
2020-06-15,1.0591416617
2020-06-16,1.080594571
2020-06-17,1.059301168
2020-06-18,1.0377618997
2020-06-19,1.0074835301
2020-06-20,1.0272894695
2020-06-21,1.0056127663
2020-06-22,1.1189643703
2020-06-23,1.0966032968
2020-06-24,1.0051014714
2020-06-25,0.9918330689
2020-06-26,0.9619427362
2020-06-27,0.9164614039
2020-06-28,0.9465082877
2020-06-29,0.9676454343
2020-06-30,0.9549721997
2020-07-01,0.9821851595
2020-07-02,0.9397218893
2020-07-03,0.931333249
2020-07-04,0.9479058065
2020-07-05,0.9341493028
2020-07-06,1.0074081983
2020-07-07,0.9818585662
2020-07-08,1.0313870225
2020-07-09,0.9724424281
2020-07-10,0.9871852533
2020-07-11,0.9729246403
2020-07-12,0.987208693
2020-07-13,0.9716917264
2020-07-14,0.9772768704
2020-07-15,0.9580974298
2020-07-16,0.9393556802
2020-07-17,0.9458376313
2020-07-18,0.9509142333
2020-07-19,0.9623986278
2020-07-20,0.9472613165
2020-07-21,1.0093603921
2020-07-22,1.0483476086
2020-07-23,1.0689155217
2020-07-24,1.0504079821
2020-07-25,1.0930489054
2020-07-26,1.1572681226
2020-07-27,1.4658865865
2020-07-28,1.4310022191
2020-07-29,1.4755405426
2020-07-30,1.4770773883
2020-07-31,1.5303657333
2020-08-01,1.6567544642
2020-08-02,1.4551169625
2020-08-03,1.4889429661
2020-08-04,1.4768933786
2020-08-05,1.6176307102
2020-08-06,1.623234957
2020-08-07,1.5688626998
2020-08-08,1.6047889654
2020-08-09,1.5838119773
2020-08-10,1.6336625855
2020-08-11,1.4954877851
2020-08-12,1.5439570311
2020-08-13,1.5957529701
2020-08-14,1.5922976826
2020-08-15,1.6154667686
2020-08-16,1.6220002738
2020-08-17,1.7311019476
2020-08-18,1.6377061954
2020-08-19,1.5639125332
2020-08-20,1.5974267851
2020-08-21,1.4992012514
2020-08-22,1.5413469595
2020-08-23,1.5349771442
2020-08-24,1.5614999557
2020-08-25,1.4447158616
2020-08-26,1.4742390361
2020-08-27,1.4288733804
2020-08-28,1.4852012227
2020-08-29,1.4736577802
2020-08-30,1.5289818128
2020-08-31,1.519965107
2020-09-01,1.5960813736
2020-09-02,1.4403613591
2020-09-03,1.1228621161
2020-09-04,1.1802208681
2020-09-05,1.0856495077
2020-09-06,1.1196884352
2020-09-07,1.1510944432
2020-09-08,1.0795884629
2020-09-09,1.1109652925
2020-09-10,1.1410391924
2020-09-11,1.15504473
2020-09-12,1.1683448137
2020-09-13,1.1361996482
2020-09-14,1.2286033457
2020-09-15,1.2588292567
2020-09-16,1.3079542362
2020-09-17,1.2973630692
2020-09-18,1.2908628658
2020-09-19,1.3308406464
2020-09-20,1.2875739028
2020-09-21,1.1598975759
2020-09-22,1.1754677664
2020-09-23,1.0971852518
2020-09-24,1.2342561189
2020-09-25,1.2174647051
2020-09-26,1.2322089826
2020-09-27,1.2358259732
2020-09-28,1.2261692477
2020-09-29,1.2536978409
2020-09-30,1.2337870544
2020-10-01,1.1879454722
2020-10-02,1.1771507892
2020-10-03,1.1725466195
2020-10-04,1.2015635238
2020-10-05,1.2292830701
2020-10-06,1.1804981403
2020-10-07,1.198224711
2020-10-08,1.2602504753
2020-10-09,1.3044524414
2020-10-10,1.3648404878
2020-10-11,1.3833307103
2020-10-12,1.4269793903
2020-10-13,1.3940206603
2020-10-14,1.3865914189
2020-10-15,1.4072218623
2020-10-16,1.3615193183
2020-10-17,1.3666979392
2020-10-18,1.3995405422
2020-10-19,1.4629153248
2020-10-20,1.5083123194
2020-10-21,1.7485167108
2020-10-22,1.7730815844
2020-10-23,1.7554581438
2020-10-24,1.7934245907
2020-10-25,1.7705015682
2020-10-26,1.7775390669
2020-10-27,1.929323358
2020-10-28,1.820650082
2020-10-29,1.8640095955
2020-10-30,1.8939673105
2020-10-31,1.9434092622
2020-11-01,1.9196354277
2020-11-02,1.8750606015
2020-11-03,1.9535236136
2020-11-04,1.9811791517
2020-11-05,2.3555055169
2020-11-06,2.3475706429
2020-11-07,2.1436813021
2020-11-08,2.3004414263
2020-11-09,2.2449462282
2020-11-10,2.2376628581
2020-11-11,2.3380543974
2020-11-12,2.4738371715
2020-11-13,2.4746504133
2020-11-14,2.4079971913
2020-11-15,2.3722976755
2020-11-16,2.5608304954
2020-11-17,2.7894900742
2020-11-18,2.7982453076
2020-11-19,2.7908477447
2020-11-20,2.9855291568
2020-11-21,2.9816242187
2020-11-22,2.9137251296
2020-11-23,2.8715233088
2020-11-24,3.053520338
2020-11-25,2.9382848504
2020-11-26,2.5085699214
2020-11-27,2.4967548861
2020-11-28,2.6542929426
2020-11-29,2.759387792
2020-11-30,3.1142783958
2020-12-01,2.884677203
2020-12-02,2.9685179171
2020-12-03,3.0186234687
2020-12-04,2.8221126705
2020-12-05,2.909871794
2020-12-06,2.9617334122
2020-12-07,2.9066287796
2020-12-08,2.6872736092
2020-12-09,2.7314933554
2020-12-10,2.6537415527
2020-12-11,2.58769851
2020-12-12,2.7640569565
2020-12-13,2.8292034991
2020-12-14,2.8506463486
2020-12-15,2.8739677937
2020-12-16,3.3251192183
2020-12-17,3.6337891192
2020-12-18,3.6520319748
2020-12-19,3.8277472006
2020-12-20,3.7242697013
2020-12-21,3.5605657004
2020-12-22,3.7233883525
2020-12-23,3.5842031211
2020-12-24,3.6502748818
2020-12-25,3.8625851248
2020-12-26,4.2652917439
2020-12-27,4.2181640837
2020-12-28,4.2970431071
2020-12-29,4.2908224832
2020-12-30,4.6249793608
2020-12-31,4.6263640896
2021-01-01,4.6642618086
2021-01-02,5.2054899374
2021-01-03,5.4233717439
2021-01-04,5.0270420075
2021-01-05,5.4602392032
2021-01-06,5.9689127331
2021-01-07,6.4256486806
2021-01-08,6.6503742546
2021-01-09,6.4634084345
2021-01-10,5.951538684
2021-01-11,5.2354592871
2021-01-12,4.8610941471
2021-01-13,5.5748153609
2021-01-14,5.880115749
2021-01-15,5.3368941506
2021-01-16,5.1845703041
2021-01-17,5.1243902
2021-01-18,5.186556284
2021-01-19,5.0770494184
2021-01-20,4.8919722475
2021-01-21,3.9579982738
2021-01-22,4.333587362
2021-01-23,4.1202162762
2021-01-24,4.1365153896
2021-01-25,4.1559655444
2021-01-26,4.1781764975
2021-01-27,3.6984213637
2021-01-28,4.2911743095
2021-01-29,4.3841413852
2021-01-30,4.3925832939
2021-01-31,4.1342226714
2021-02-01,4.1911213931
2021-02-02,4.5502965624
2021-02-03,4.8947667454
2021-02-04,4.7689389664
2021-02-05,4.8964050527
2021-02-06,5.1012667787
2021-02-07,4.9968416146
2021-02-08,6.2469731488
2021-02-09,6.2278016829
2021-02-10,5.8858152848
2021-02-11,6.3240470875
2021-02-12,6.1809911699
2021-02-13,6.0701320196
2021-02-14,6.2977892546
2021-02-15,6.0950334188
2021-02-16,6.2086960885
2021-02-17,6.6579248494
2021-02-18,6.4736046588
2021-02-19,7.0560811804
2021-02-20,6.9711878573
2021-02-21,7.1511870361
2021-02-22,6.4850286463
2021-02-23,5.5357027767
2021-02-24,5.6400635632
2021-02-25,5.2665768169
2021-02-26,5.0034329776
2021-02-27,4.915451358
2021-02-28,4.8091762961
2021-03-01,5.4348955128
2021-03-02,5.1838466607
2021-03-03,5.5101349742
2021-03-04,5.1283912289
2021-03-05,5.1384477213
2021-03-06,5.1286467461
2021-03-07,5.4108425757
2021-03-08,5.5112903771
2021-03-09,5.8526271733
2021-03-10,5.9966792611
2021-03-11,6.1769786028
2021-03-12,6.0349271863
2021-03-13,6.5377394911
2021-03-14,6.2727556191
2021-03-15,5.6784895407
2021-03-16,5.6798595962
2021-03-17,5.9299476182
2021-03-18,5.7481755514
2021-03-19,5.7612414659
2021-03-20,5.7242679216
2021-03-21,5.57011195
2021-03-22,5.1231700238
2021-03-23,5.0929864177
2021-03-24,4.7946772447
2021-03-25,4.6210795836
2021-03-26,5.015208094
2021-03-27,5.1371455901
2021-03-28,5.0626686318
2021-03-29,5.264025354
2021-03-30,5.3624106001
2021-03-31,5.3334259249
2021-04-01,5.289808331
2021-04-02,5.2749851504
2021-04-03,5.0215529328
2021-04-04,5.104205636
2021-04-05,5.1372771092
2021-04-06,4.9884629401
2021-04-07,4.7333659015
2021-04-08,4.908915901
2021-04-09,4.8881347986
2021-04-10,5.0440618304
2021-04-11,5.0443091662
2021-04-12,5.0029930429
2021-04-13,5.378124931
2021-04-14,5.259270849
2021-04-15,5.2560856102
2021-04-16,5.0252324402
2021-04-17,4.8418347439
2021-04-18,4.3425742938
2021-04-19,4.2526144003
2021-04-20,4.3071268758
2021-04-21,4.0081503303
2021-04-22,3.7445225958
2021-04-23,3.6242150681
2021-04-24,3.5314701079
2021-04-25,3.3697072361
2021-04-26,3.9121749037
2021-04-27,4.008345897
2021-04-28,3.9620329597
2021-04-29,3.8039525586
2021-04-30,4.2389660883
2021-05-01,4.2306925627
2021-05-02,4.06847754
2021-05-03,4.1197760748
2021-05-04,3.7178762506
2021-05-05,4.089365625
2021-05-06,3.9747215544
2021-05-07,4.0336833539
2021-05-08,4.1632143443
2021-05-09,4.09338163
2021-05-10,3.8209879251
2021-05-11,3.8786465538
2021-05-12,3.2662881915
2021-05-13,3.0878027248
2021-05-14,3.1448892118
2021-05-15,2.8278792405
2021-05-16,2.7147738935
2021-05-17,2.4503360503
2021-05-18,2.3747344601
2021-05-19,1.8492370919
2021-05-20,2.1799693186
2021-05-21,1.805073614
2021-05-22,1.8551984567
2021-05-23,1.5578633558
2021-05-24,1.9499389583
2021-05-25,1.9128872776
2021-05-26,2.0045443739
2021-05-27,1.9332703889
2021-05-28,1.6347504014
2021-05-29,1.5407870886
2021-05-30,1.6370646896
2021-05-31,1.8051959529
2021-06-01,1.7345201053
2021-06-02,1.8333445873
2021-06-03,1.983461702
2021-06-04,1.751318318
2021-06-05,1.6005558023
2021-06-06,1.631484358
2021-06-07,1.430404707
2021-06-08,1.4087638135
2021-06-09,1.7982677755
2021-06-10,1.7419814877
2021-06-11,1.7754276905
2021-06-12,1.6208616221
2021-06-13,1.9465165465
2021-06-14,2.0943664713
2021-06-15,2.0694031054
2021-06-16,1.866875902
2021-06-17,1.8418576884
2021-06-18,1.6101255181
2021-06-19,1.5932064904
2021-06-20,1.5961587764
2021-06-21,1.2118020958
2021-06-22,1.2805617126
2021-06-23,1.4013971112
2021-06-24,1.5043777138
2021-06-25,1.2250009923
2021-06-26,1.2464675813
2021-06-27,1.504572247
2021-06-28,1.4904226285
2021-06-29,1.6436504335
2021-06-30,1.5563078576
2021-07-01,1.4022552911
2021-07-02,1.4335169962
2021-07-03,1.5117480492
2021-07-04,1.585726854
2021-07-05,1.4419571795
2021-07-06,1.4620416661
2021-07-07,1.4417047291
2021-07-08,1.3326135222
2021-07-09,1.4388999999
2021-07-10,1.4079448784
2021-07-11,1.4702194886
2021-07-12,1.3578635782
2021-07-13,1.3096558666
2021-07-14,1.3251862154
2021-07-15,1.2196434477
2021-07-16,1.1959755993
2021-07-17,1.1965568514
2021-07-18,1.2120894156
2021-07-19,1.1318653527
2021-07-20,1.0227311627
2021-07-21,1.2514103163
2021-07-22,1.2677856996
2021-07-23,1.3810767065
2021-07-24,1.4504014017
2021-07-25,1.541534261
2021-07-26,1.7578266873
2021-07-27,1.9052142446
2021-07-28,1.9728816778
2021-07-29,1.9620600342
2021-07-30,2.1207623297
2021-07-31,2.1170529632
2021-08-01,1.9383362062
2021-08-02,1.8713343202
2021-08-03,1.7722551908
2021-08-04,1.9114604079
2021-08-05,2.0194209829
2021-08-06,2.1903836805
2021-08-07,2.3470646164
2021-08-08,2.2930844303
2021-08-09,2.5027642281
2021-08-10,2.4214854162
2021-08-11,2.4330551638
2021-08-12,2.3069780398
2021-08-13,2.6129389904
2021-08-14,2.5476033481
2021-08-15,2.5372696452
2021-08-16,2.4284417311
2021-08-17,2.3041682413
2021-08-18,2.3206983241
2021-08-19,2.4725907062
2021-08-20,2.7062998326
2021-08-21,2.6828832787
2021-08-22,2.7030342826
2021-08-23,2.7142511826
2021-08-24,2.5537092492
2021-08-25,2.6398239097
2021-08-26,2.4645040429
2021-08-27,2.6298103292
2021-08-28,2.6055038586
2021-08-29,2.6085216065
2021-08-30,2.4353168902
2021-08-31,2.4378903619
2021-09-01,2.564624231
2021-09-02,2.6189819532
2021-09-03,2.6563913201
2021-09-04,2.6548786788
2021-09-05,2.8140892847
2021-09-06,2.8860282697
2021-09-07,2.359122205
2021-09-08,2.2949600204
2021-09-09,2.311669876
2021-09-10,2.1571212874
2021-09-11,2.1836455414
2021-09-12,2.2767334159
2021-09-13,2.1670342337
2021-09-14,2.3429772911
2021-09-15,2.4368468505
2021-09-16,2.3980405558
2021-09-17,2.3411099285
2021-09-18,2.4244177113
2021-09-19,2.3323328097
2021-09-20,1.945641703
2021-09-21,1.7399310279
2021-09-22,2.0062625603
2021-09-23,2.1159435705
2021-09-24,1.9325734409
2021-09-25,1.9242854072
2021-09-26,1.9442834301
2021-09-27,1.8859814987
2021-09-28,1.7731529956
2021-09-29,1.7916337447
2021-09-30,1.9916318186
2021-10-01,2.3601125315
2021-10-02,2.3286417035
2021-10-03,2.3596886577
2021-10-04,2.447162144
2021-10-05,2.6351612361
2021-10-06,2.9518465292
2021-10-07,2.7996405081
2021-10-08,2.8022498398
2021-10-09,2.8871746019
2021-10-10,2.8517477611
2021-10-11,3.0629697817
2021-10-12,2.9573283885
2021-10-13,3.044639498
2021-10-14,3.0353083758
2021-10-15,3.3643037107
2021-10-16,3.3082706657
2021-10-17,3.3421763915
2021-10-18,3.363632569
2021-10-19,3.5409181542
2021-10-20,3.6673438669
2021-10-21,3.3420999306
2021-10-22,3.196611315
2021-10-23,3.2287542886
2021-10-24,3.1843769378
2021-10-25,3.347999875
2021-10-26,3.118991909
2021-10-27,2.9609028767
2021-10-28,3.1146621766
2021-10-29,3.2389357714
2021-10-30,3.1892545398
2021-10-31,3.1478332482
2021-11-01,3.1083829953
2021-11-02,3.2466563641
2021-11-03,3.2260530033
2021-11-04,3.0905832125
2021-11-05,3.0477316613
2021-11-06,3.0746935213
2021-11-07,3.1936275412
2021-11-08,3.5343212747
2021-11-09,3.4817767473
2021-11-10,3.2815680125
2021-11-11,3.2853274198
2021-11-12,3.1811198787
2021-11-13,3.1970316453
2021-11-14,3.2377701049
2021-11-15,3.1245770627
2021-11-16,2.8444270959
2021-11-17,2.8226372525
2021-11-18,2.5573784859
2021-11-19,2.6472003488
2021-11-20,2.776057583
2021-11-21,2.7141648598
2021-11-22,2.5050890043
2021-11-23,2.5971740723
2021-11-24,2.5526573566
2021-11-25,2.6783258719
2021-11-26,2.2753276448
2021-11-27,2.3367040654
2021-11-28,2.5325077586
2021-11-29,2.5762037964
2021-11-30,2.5073355497
2021-12-01,2.5065584682
2021-12-02,2.456754162
2021-12-03,2.2327002739
2021-12-04,1.8918629171
2021-12-05,1.9032986001
2021-12-06,1.9945852835
2021-12-07,1.9908801791
2021-12-08,1.983217778
2021-12-09,1.7892313102
2021-12-10,1.7505946132
2021-12-11,1.8904604922
2021-12-12,1.9497144012
2021-12-13,1.6961020221
2021-12-14,1.8065777027
2021-12-15,1.8444939379
2021-12-16,1.7548492306
2021-12-17,1.6549159928
2021-12-18,1.6960612885
2021-12-19,1.6922123222
2021-12-20,1.6972186661
2021-12-21,1.8536395811
2021-12-22,1.822046686
2021-12-23,1.9687517116
2021-12-24,1.9705593655
2021-12-25,1.9541143092
2021-12-26,1.9665495306
2021-12-27,1.9635090756
2021-12-28,1.7306462473
2021-12-29,1.6410242095
2021-12-30,1.6859835451
2021-12-31,1.6291266616
2022-01-01,1.7166759907
2022-01-02,1.6996724619
2022-01-03,1.6320832125
2022-01-04,1.5917648608
2022-01-05,1.4170144184
2022-01-06,1.3890339919
2022-01-07,1.270879665
2022-01-08,1.2919822454
2022-01-09,1.2978456314
2022-01-10,1.2925860363
2022-01-11,1.3623001882
2022-01-12,1.4478867661
2022-01-13,1.3497880707
2022-01-14,1.3840198632
2022-01-15,1.3905361358
2022-01-16,1.3866254779
2022-01-17,1.3169847847
2022-01-18,1.3328677783
2022-01-19,1.2874121887
2022-01-20,1.213155225
2022-01-21,0.9103978681
2022-01-22,0.8033092132
2022-01-23,0.8967485112
2022-01-24,0.9269702061
2022-01-25,0.9484499423
2022-01-26,0.9399861694
2022-01-27,0.9550163419
2022-01-28,1.0111330577
2022-01-29,1.0368825548
2022-01-30,1.0302766071
2022-01-31,1.0649902826
2022-02-01,1.0787632828
2022-02-02,0.9452069054
2022-02-03,0.9541348207
2022-02-04,1.2436116267
2022-02-05,1.2733926394
2022-02-06,1.3339090937
2022-02-07,1.4416774205
2022-02-08,1.4593669802
2022-02-09,1.4743792692
2022-02-10,1.4152786524
2022-02-11,1.3227461345
2022-02-12,1.3079422617
2022-02-13,1.3085990295
2022-02-14,1.3402300441
2022-02-15,1.4719874447
2022-02-16,1.4381562598
2022-02-17,1.1902282714
2022-02-18,1.1498152246
2022-02-19,1.1530718695
2022-02-20,1.042063685
2022-02-21,0.9388427297
2022-02-22,1.0182555843
2022-02-23,0.9537777823
2022-02-24,1.0236833342
2022-02-25,1.0981280332
2022-02-26,1.0789474599
2022-02-27,0.9792836854
2022-02-28,1.3679771559
2022-03-01,1.4477186317
2022-03-02,1.4208514279
2022-03-03,1.3120384025
2022-03-04,1.0718952474
2022-03-05,1.0913018018
2022-03-06,1.0205869654
2022-03-07,1.0030533018
2022-03-08,1.0453323858
2022-03-09,1.2752653272
2022-03-10,1.0936296431
2022-03-11,1.0480627655
2022-03-12,1.0565905235
2022-03-13,0.9748095388
2022-03-14,1.1051387773
2022-03-15,1.0843320364
2022-03-16,1.2061722916
2022-03-17,1.1972423781
2022-03-18,1.2568058888
2022-03-19,1.2816532019
2022-03-20,1.2170930579
2022-03-21,1.1998483123
2022-03-22,1.291397095
2022-03-23,1.3144894322
2022-03-24,1.4000491911
2022-03-25,1.4169489654
2022-03-26,1.4278285605
2022-03-27,1.584249212
2022-03-28,1.6100842224
2022-03-29,1.6222376252
2022-03-30,1.5954942247
2022-03-31,1.4850971405
2022-04-01,1.5307964116
2022-04-02,1.5078798413
2022-04-03,1.5411752481
2022-04-04,1.5544305499
2022-04-05,1.4849919068
2022-04-06,1.318484422
2022-04-07,1.3364602945
2022-04-08,1.242604848
2022-04-09,1.2739309784
2022-04-10,1.2443060605
2022-04-11,1.0555701123
2022-04-12,1.0917584086
2022-04-13,1.164765169
2022-04-14,1.0764154356
2022-04-15,1.1184145009
2022-04-16,1.1119058061
2022-04-17,1.0602144321
2022-04-18,1.1374325168
2022-04-19,1.1830930102
2022-04-20,1.1756532421
2022-04-21,1.1066565143
2022-04-22,1.0574662683
2022-04-23,1.0462653706
2022-04-24,1.0410262704
2022-04-25,1.1077437336
2022-04-26,0.9426101471
2022-04-27,1.0220049564
2022-04-28,1.0583534261
2022-04-29,0.9801649588
2022-04-30,0.9186758543
2022-05-01,0.9699428058
2022-05-02,0.9794624059
2022-05-03,0.9215348066
2022-05-04,1.0545144507
2022-05-05,0.8389462758
2022-05-06,0.8085125063
2022-05-07,0.771923504
2022-05-08,0.6728951163
2022-05-09,0.4334583604
2022-05-10,0.4740226567
2022-05-11,0.3319852026
2022-05-12,0.3522554648
2022-05-13,0.3731552988
2022-05-14,0.4235666079
2022-05-15,0.5015804455
2022-05-16,0.4136016441
2022-05-17,0.4528182785
2022-05-18,0.3397301005
2022-05-19,0.4443508864
2022-05-20,0.3750407854
2022-05-21,0.3889702465
2022-05-22,0.451892062
2022-05-23,0.3680006101
2022-05-24,0.4066879233
2022-05-25,0.4028312212
2022-05-26,0.3873597511
2022-05-27,0.3402481617
2022-05-28,0.370273678
2022-05-29,0.3967112146
2022-05-30,0.5554150188
2022-05-31,0.5604073162
2022-06-01,0.4243454936
2022-06-02,0.4747363016
2022-06-03,0.4181148594
2022-06-04,0.4286115013
2022-06-05,0.4374715269
2022-06-06,0.5361552805
2022-06-07,0.5269677948
2022-06-08,0.462411533
2022-06-09,0.4532188358
2022-06-10,0.3858952142
2022-06-11,0.3385181267
2022-06-12,0.234744315
2022-06-13,-0.060401352
2022-06-14,-0.0657721705
2022-06-15,-0.0276666164
2022-06-16,-0.1736860802
2022-06-17,-0.156722227
2022-06-18,-0.2513397672
2022-06-19,-0.1488172225
2022-06-20,-0.1419734553
2022-06-21,-0.1311127516
2022-06-22,-0.1754805334
2022-06-23,-0.0993130122
2022-06-24,-0.0838299154
2022-06-25,-0.0724944564
2022-06-26,-0.0999185646
2022-06-27,-0.1196999202
2022-06-28,-0.1518797124
2022-06-29,-0.162866973
2022-06-30,-0.2091738655
2022-07-01,-0.2060796538
2022-07-02,-0.2129330695
2022-07-03,-0.2088118206
2022-07-04,-0.1430844832
2022-07-05,-0.1446627161
2022-07-06,-0.1163233836
2022-07-07,-0.0406546603
2022-07-08,-0.0287213535
2022-07-09,-0.0422437301
2022-07-10,-0.0939977891
2022-07-11,-0.1484270143
2022-07-12,-0.1909114472
2022-07-13,-0.1341641466
2022-07-14,-0.1052827359
2022-07-15,-0.0802716727
2022-07-16,-0.0550373377
2022-07-17,-0.080293585
2022-07-19,0.0976187242
2022-07-20,0.0908352915
2022-07-21,0.0846254999
2022-07-22,0.0565459826
2022-07-23,0.0421798408
2022-07-24,0.0542099505
2022-07-25,-0.023140665
2022-07-26,-0.0447226164
2022-07-27,0.0736055569
2022-07-28,0.1380584286
2022-07-29,0.1458704147
2022-07-30,0.1232175585
2022-07-31,0.1051456229
2022-08-01,0.1032975063
2022-08-02,0.0831523483
2022-08-03,0.0681956104
2022-08-04,0.0568706195
2022-08-05,0.0998520633
2022-08-06,0.0823782159
2022-08-07,0.0933185241
2022-08-08,0.1382310467
2022-08-09,0.0973574244
2022-08-10,0.1474564251
2022-08-11,0.1485689625
2022-08-12,0.1801485483
2022-08-13,0.1822527215
2022-08-14,0.174636007
2022-08-15,0.1591888887
2022-08-16,0.1443582847
2022-08-17,0.1083146006
2022-08-18,0.1005889517
2022-08-19,-0.0570417685
2022-08-20,-0.0400286888
2022-08-21,-0.0116800552
2022-08-22,-0.0283300689
2022-08-23,-0.0116258719
2022-08-24,-0.0186438897
2022-08-25,-0.0067188106
2022-08-26,-0.0986282619
2022-08-27,-0.1117756742
2022-08-28,-0.1373734119
2022-08-29,-0.0959127337
2022-08-30,-0.1249485676
2022-08-31,-0.1104340748
2022-09-01,-0.1039491998
2022-09-02,-0.1135878392
2022-09-03,-0.1234346921
2022-09-04,-0.1126261536
2022-09-05,-0.1235810833
2022-09-06,-0.1876121489
2022-09-07,-0.1559104622
2022-09-08,-0.1532665259
2022-09-09,-0.012007818
2022-09-10,0.0124096335
2022-09-11,0.0138854717
2022-09-12,0.0576485406
2022-09-13,-0.0906231386
2022-09-14,-0.083422301
2022-09-15,-0.1196114977
2022-09-16,-0.1160378244
2022-09-17,-0.089455708
2022-09-18,-0.1371910607
2022-09-19,-0.1270845617
2022-09-20,-0.1735831719
2022-09-21,-0.1978292736
2022-09-22,-0.1346012977
2022-09-23,-0.1403417797
2022-09-24,-0.1680758293
2022-09-25,-0.1768432921
2022-09-26,-0.1481905045
2022-09-27,-0.1536811406
2022-09-28,-0.128462996
2022-09-29,-0.1219189167
2022-09-30,-0.1282361272
2022-10-01,-0.1366081775
2022-10-02,-0.1569419187
2022-10-03,-0.113756802
2022-10-04,-0.0644248876
2022-10-05,-0.0768762457
2022-10-06,-0.09064021
2022-10-07,-0.1185877688
2022-10-08,-0.1265289233
2022-10-09,-0.1255399689
2022-10-10,-0.143990797
2022-10-11,-0.1514637363
2022-10-12,-0.1417043843
2022-10-13,-0.1252657719
2022-10-14,-0.1394302689
2022-10-15,-0.1467714754
2022-10-16,-0.1331903675
2022-10-17,-0.1112694006
2022-10-18,-0.1271453547
2022-10-19,-0.1409367874
2022-10-20,-0.147355079
2022-10-21,-0.1371433388
2022-10-22,-0.1338512688
2022-10-23,-0.1088509235
2022-10-24,-0.124310432
2022-10-25,-0.0720662829
2022-10-26,-0.0237289323
2022-10-27,-0.0596494427
2022-10-28,-0.0369300967
2022-10-29,-0.0229986722
2022-10-30,-0.0357023572
2022-10-31,-0.0441686604
2022-11-01,-0.0442287718
2022-11-02,-0.0671860096
2022-11-03,-0.0634990351
2022-11-04,0.0014515919
2022-11-05,0.010512868
2022-11-06,-0.0126978852
2022-11-07,-0.0352522414
2022-11-08,-0.1754712866
2022-11-09,-0.3598658982
2022-11-10,-0.234012681
2022-11-11,-0.2753370293
2022-11-12,-0.2819052982
2022-11-13,-0.3124434671
2022-11-14,-0.2886259732
2022-11-15,-0.2702770446
2022-11-16,-0.280678501
2022-11-17,-0.2735510932
2022-11-18,-0.2588053183
2022-11-19,-0.2557133803
2022-11-20,-0.2860578381
2022-11-21,-0.3162543545
2022-11-22,-0.2868360788
2022-11-23,-0.259438801
2022-11-24,-0.2580178801
2022-11-25,-0.2611898104
2022-11-26,-0.2657406062
2022-11-27,-0.2729235944
2022-11-28,-0.2801079419
2022-11-29,-0.2632915493
2022-11-30,-0.2113100064
2022-12-01,-0.2257758617
2022-12-02,-0.216926775
2022-12-03,-0.228869248
2022-12-04,-0.2125845039
2022-12-05,-0.2189079544
2022-12-06,-0.2108352504
2022-12-07,-0.2261441916
2022-12-08,-0.1986932971
2022-12-09,-0.2041183208
2022-12-10,-0.204927235
2022-12-11,-0.2065765676
2022-12-12,-0.1990364869
2022-12-13,-0.157937418
2022-12-14,-0.1542655874
2022-12-15,-0.1865106833
2022-12-16,-0.2373622049
2022-12-17,-0.2251533858
2022-12-18,-0.2248385288
2022-12-19,-0.2474254011
2022-12-20,-0.2136262058
2022-12-21,-0.2197060035
2022-12-22,-0.2182509415
2022-12-23,-0.2200072922
2022-12-24,-0.215770121
2022-12-25,-0.2159531376
2022-12-26,-0.2119108746
2022-12-27,-0.2239298683
2022-12-28,-0.2333262906
2022-12-29,-0.2254101509
2022-12-30,-0.2275368435
2022-12-31,-0.229473249
2023-01-01,-0.223528817
2023-01-02,-0.217583363
2023-01-03,-0.2183053369
2023-01-04,-0.2050118528
2023-01-05,-0.206181262
2023-01-06,-0.1961139735
2023-01-07,-0.192316319
2023-01-08,-0.1885180533
2023-01-09,-0.1797093818
2023-01-10,-0.1613301825
2023-01-11,-0.1321443011
2023-01-12,-0.0598980756
2023-01-13,0.0093751065
2023-01-14,0.089015215
2023-01-15,0.0793152774
2023-01-16,0.1001767485
2023-01-17,0.0993775257
2023-01-18,0.0665557699
2023-01-19,0.092413579
2023-01-20,0.2029741487
2023-01-21,0.2044328223
2023-01-22,0.2058914033
2023-01-23,0.2019348332
2023-01-24,0.1979784556
2023-01-25,0.2324144995
2023-01-26,0.226121251
2023-01-27,0.2313239453
2023-01-28,0.2268085844
2023-01-29,0.2803444438
2023-01-30,0.211539325
2023-01-31,0.2343219352
2023-02-01,0.2747039746
2023-02-02,0.2587493291
2023-02-03,0.254102379
2023-02-04,0.2472274036
2023-02-05,0.2191648979
2023-02-06,0.2041483644
2023-02-07,0.2406106761
2023-02-08,0.2172792715
2023-02-09,0.1388030247
2023-02-10,0.1253227355
2023-02-11,0.1425965895
2023-02-12,0.1362022423
2023-02-13,0.1382363115
2023-02-14,0.1680413281
2023-02-15,0.3136966398
2023-02-16,0.2736224205
2023-02-17,0.3338287946
2023-02-18,0.3356958167
2023-02-19,0.3164895713
2023-02-20,0.3465213472
2023-02-21,0.318306693
2023-02-22,0.3018865879
2023-02-23,0.2837727383
2023-02-24,0.2323904544
2023-02-25,0.2453339377
2023-02-26,0.2582763295
2023-02-27,0.2449816874
2023-02-28,0.2316881237
2023-03-01,0.2650132396
2023-03-02,0.2552270309
2023-03-03,0.1767218627
2023-03-04,0.1756279644
2023-03-05,0.1825248497
2023-03-06,0.1824945046
2023-03-07,0.1704333576
2023-03-08,0.1374696043
2023-03-09,0.0433699314
2023-03-10,0.1049733256
2023-03-17,0.5360484984
2023-03-18,0.5027789276
2023-03-19,0.5864405406
2023-03-20,0.5604160723
2023-03-21,0.5828497388
2023-03-22,0.5236013639
2023-03-23,0.5952337013
2023-03-24,0.5295387629
2023-03-25,0.5213171629
2023-03-27,0.5048814273
2023-03-28,0.5134794766
2023-03-29,0.590329265
2023-03-30,0.5859695326
2023-03-31,0.6192076794
2023-04-01,0.6171770813
2023-04-02,0.5934848131
2023-04-03,0.5711237295
2023-04-04,0.58921746
2023-04-05,0.5846572824
2023-04-06,0.580098774
2023-04-07,0.5755419125
2023-04-08,0.5772832372
2023-04-09,0.6296188135
2023-04-10,0.6819314074
2023-04-11,0.7342179781
2023-04-12,0.7381453996
2023-04-13,0.7420705664
2023-04-14,0.7459934599
2023-04-15,0.7220084111
2023-04-16,0.6980355637
2023-04-17,0.674074267
2023-04-18,0.6501238839
2023-04-19,0.6261837908
2023-04-20,0.5731342109
2023-04-21,0.5201027426
2023-04-22,0.5576459292
2023-04-23,0.5416490311
2023-04-24,0.5660525318
2023-04-25,0.590447282
2023-04-26,0.5955996153
2023-04-27,0.6710859645
2023-04-28,0.6619303623
2023-04-29,0.6525702694
2023-04-30,0.6622676419
2023-05-01,0.5746430996
2023-05-02,0.614682905
2023-05-03,0.637178891
2023-05-04,0.6546787575
2023-05-05,0.6721707444
2023-05-06,0.6267804749
2023-05-07,0.5814079569
2023-05-08,0.536051189
2023-05-09,0.5303004718
2023-05-10,0.5307107809
2023-05-11,0.4845023808
2023-05-12,0.4694244007
2023-05-13,0.4742320723
2023-05-14,0.4794795619
2023-05-15,0.500025766
2023-05-16,0.4850428095
2023-05-17,0.4786332218
2023-05-18,0.4722253987
2023-05-19,0.475676853
2023-05-20,0.4904337057
2023-05-21,0.4676084039
2023-05-22,0.471387169
2023-05-23,0.4969991472
2023-05-24,0.4349323032
2023-05-25,0.4439928053
2023-05-26,0.4605539894
2023-05-27,0.4699526666
2023-05-28,0.5568894795
2023-05-29,0.5331499036
2023-05-30,0.5288735844
2023-05-31,0.4939570623
2023-06-01,0.4661574884
2023-06-02,0.4960711348
2023-06-03,0.4926498774
2023-06-04,0.4892296274
2023-06-05,0.3932527323
2023-06-06,0.4928853726
2023-06-07,0.4315772834
2023-06-08,0.4443232401
2023-06-09,0.440708273
2023-06-10,0.3983015124
2023-06-11,0.4015291909
2023-06-12,0.4017630983
2023-06-13,0.4001117517
2023-06-14,0.3452381532
2023-06-15,0.3779475005
2023-06-16,0.4320095703
2023-06-17,0.4448830598
2023-06-18,0.4331747884
2023-06-19,0.4635936314
2023-06-20,0.5705333963
2023-06-21,0.6268652756
2023-06-22,0.683172487
2023-06-23,0.7298404643
2023-06-24,0.7227367629
2023-06-25,0.7164368111
2023-06-26,0.7006990029
2023-06-27,0.6938676793
2023-06-28,0.687039439
2023-06-29,0.7119306692
2023-06-30,0.7123919648
2023-07-01,0.7171470841
2023-07-02,0.7175926673
2023-07-03,0.7547175806
2023-07-04,0.7307353887
2023-07-05,0.7091310155
2023-07-06,0.6744356831
2023-07-07,0.6985592178
2023-07-08,0.693682208
2023-07-09,0.6863727773
2023-07-10,0.7021182459
2023-07-11,0.7168127057
2023-07-12,0.7000730168
2023-07-13,0.7731266887
2023-07-14,0.6940529643
2023-07-15,0.6925187548
2023-07-16,0.6894402855
2023-07-17,0.6822595068
2023-07-18,0.6601177134
2023-07-19,0.6585913138
2023-07-20,0.6570655875
2023-07-21,0.6653424406
2023-07-22,0.6574407603
2023-07-23,0.6495426414
2023-07-26,0.6258689345
2023-07-27,0.6159830504
2023-07-28,0.6288874878
2023-07-29,0.6318203922
2023-07-30,0.626937867
2023-07-31,0.6220573938
2023-08-01,0.6414465303
2023-08-02,0.6169325105
2023-08-03,0.6202507106
2023-08-04,0.6106560249
2023-08-05,0.6102912991
2023-08-06,0.6097900809
2023-08-07,0.617865953
2023-08-08,0.6607137618
2023-08-09,0.6466238482
2023-08-10,0.6358384747
2023-08-11,0.6334021741
2023-08-12,0.6342466867
2023-08-13,0.6249603753
2023-08-14,0.6333431604
2023-08-15,0.6163261743
2023-08-16,0.5874560798
2023-08-17,0.4418723544
2023-08-18,0.3992627023
2023-08-19,0.4033846569
2023-08-20,0.40423986
2023-08-21,0.4050949642
2023-08-22,0.4059499695
2023-08-23,0.4068048757
2023-08-24,0.4076596827
2023-08-25,0.4021870701
2023-08-26,0.3998529491
2023-08-27,0.4053164271
2023-08-28,0.406757798
2023-08-29,0.5168719383
2023-08-30,0.4907565249
2023-08-31,0.3972465176
2023-09-01,0.3869731933
2023-09-02,0.3916326144
2023-09-03,0.3983576697
2023-09-04,0.3871057153
2023-09-05,0.3862921569
2023-09-06,0.38461722
2023-09-07,0.4165723206
2023-09-08,0.3953157079
2023-09-09,0.394765949
2023-09-10,0.3903977333
2023-09-11,0.3422235224
2023-09-12,0.3931127845
2023-09-13,0.418802059
2023-09-14,0.4413853008
2023-09-15,0.4493123879
2023-09-16,0.4410853811
2023-09-17,0.4373070513
2023-09-18,0.4552566166
2023-09-19,0.4857153909
2023-09-20,0.4800531999
2023-09-21,0.4408887408
2023-09-22,0.4415673426
2023-09-23,0.4411753254
2023-09-24,0.4209736402
2023-09-25,0.4211504619
2023-09-26,0.4146562614
2023-09-27,0.4246768839
2023-09-28,0.4732696567
2023-09-29,0.4645391051
2023-09-30,0.4689918579
2023-10-01,0.5367944015
2023-10-02,0.5098885073
2023-10-03,0.5007521973
2023-10-04,0.5252516951
2023-10-05,0.4994664837
2023-10-06,0.5350076001
2023-10-07,0.5367357485
2023-10-08,0.5340708018
2023-10-09,0.5094492052
2023-10-10,0.4974422742
2023-10-11,0.4561400277
2023-10-12,0.4502246243
2023-10-13,0.4574060779
2023-10-14,0.458101037
2023-10-15,0.4767809468
2023-10-16,0.5723439931
2023-10-17,0.5668653051
2023-10-18,0.5592163855
2023-10-19,0.5847941548
2023-10-20,0.6546946692
2023-10-21,0.6695319798
2023-10-22,0.6734923635
2023-10-23,0.8777950041
2023-10-24,0.9386923524
2023-10-25,0.978981754
2023-10-26,0.954757785
2023-10-27,0.9337995912
2023-10-28,0.9465209264
2023-10-29,0.97939338
2023-10-30,0.9724486806
2023-10-31,0.9808177397
2023-11-01,1.0335495414
2023-11-02,0.9938359432
2023-11-03,0.9801431374
2023-11-04,1.0060697417
2023-11-05,1.006388069
2023-11-06,0.9992105083
2023-11-07,1.0255645924
2023-11-08,1.0505950231
2023-11-09,1.1078988264
2023-11-10,1.1538494412
2023-11-11,1.1259743179
2023-11-12,1.1303442309
2023-11-13,1.0938121016
2023-11-14,1.0269963526
2023-11-15,1.1811932512
2023-11-16,1.0633314221
2023-11-17,1.0907963248
2023-11-18,1.0906961985
2023-11-19,1.1500057834
2023-11-20,1.1532788342
2023-11-21,1.0487342755
2023-11-22,1.1418749518
2023-11-23,1.1346392405
2023-11-24,1.1616557239
2023-11-25,1.1665452746
2023-11-26,1.1436866966
2023-11-27,1.1253687422
2023-11-28,1.1655531409
2023-11-29,1.1648016644
2023-11-30,1.1549477342
2023-12-01,1.2212409392
2023-12-02,1.2725442851
2023-12-03,1.306898891
2023-12-04,1.4355211656
2023-12-05,1.5805820324
2023-12-06,1.5532179082
2023-12-07,1.5181719371
2023-12-08,1.5786989422
2023-12-09,1.5449184983
2023-12-10,1.5429260428
2023-12-11,1.3669693369
2023-12-12,1.3812073151
2023-12-13,1.4807011867
2023-12-14,1.4852712034
2023-12-15,1.4098924168
2023-12-16,1.4238323722
2023-12-17,1.3696344317
2023-12-18,1.4499234925
2023-12-19,1.4228236218
2023-12-20,1.5116089162
2023-12-21,1.5277507653
2023-12-22,1.5347735163
2023-12-23,1.5166429625
2023-12-24,1.4681790764
2023-12-25,1.5030451806
2023-12-26,1.4226071395
2023-12-27,1.4821836204
2023-12-28,1.4278902818
2023-12-29,1.3794498751
2023-12-30,1.3921935875
2023-12-31,1.3918157005
2024-01-01,1.5158219733
2024-01-02,1.5735509311
2024-01-03,1.4229162021
2024-01-04,1.5104222538
2024-01-05,1.5004571741
2024-01-06,1.4835235601
2024-01-07,1.4772917983
2024-01-08,1.6881686588
2024-01-09,1.6230974744
2024-01-10,1.6699020816
2024-01-11,1.6367250115
2024-01-12,1.3938424296
2024-01-13,1.3949806736
2024-01-14,1.3288899044
2024-01-15,1.3714556948
2024-01-16,1.4073049192
2024-01-17,1.3732344134
2024-01-18,1.2727727944
2024-01-19,1.294727831
2024-01-20,1.2983157353
2024-01-21,1.2887424116
2024-01-22,1.1554688105
2024-01-23,1.1652398747
2024-01-24,1.1866117082
2024-01-25,1.1725745801
2024-01-26,1.3027213767
2024-01-27,1.3196316003
2024-01-28,1.3091478258
2024-01-29,1.3910336755
2024-01-30,1.3690022812
2024-01-31,1.3416639675
2024-02-01,1.3696287846
2024-02-02,1.3773784314
2024-02-03,1.3649334271
2024-02-04,1.3365514278
2024-02-05,1.3381867744
2024-02-06,1.3682484664
2024-02-07,1.443922305
2024-02-08,1.5141925106
2024-02-09,1.6354666
2024-02-10,1.6748317708
2024-02-11,1.7001842343
2024-02-12,1.815814781
2024-02-13,1.7879962424
2024-02-14,1.9273071509
2024-02-15,1.9296977328
2024-02-16,1.9405179958
2024-02-17,1.9056449311
2024-02-18,1.9346874375
2024-02-19,1.9054872925
2024-02-20,1.936074513
2024-02-21,1.8946755618
2024-02-22,1.8604246093
2024-02-23,1.8227182751
2024-02-24,1.8732918961
2024-02-25,1.8824543946
2024-02-26,2.0639724484
2024-02-27,2.2208317786
2024-02-28,2.5544764949
2024-02-29,2.4735378327
2024-03-01,2.5348136002
2024-03-02,2.4990199365
2024-03-03,2.5563773277
2024-03-04,2.8790382928
2024-03-05,2.5894275455
2024-03-06,2.7036535576
2024-03-07,2.7516370159
2024-03-08,2.8214505879
2024-03-09,2.8246508532
2024-03-10,2.8421092464
2024-03-11,3.0401684553
2024-03-12,2.9767446775
2024-03-13,3.0496576884
2024-03-14,2.9347490109
2024-03-15,2.7908588577
2024-03-16,2.5262439074
2024-03-17,2.703682998
2024-03-18,2.6639138132
2024-03-19,2.2860149974
2024-03-20,2.6600473147
2024-03-21,2.4989188275
2024-03-22,2.3649035127
2024-03-23,2.4008525498
2024-03-24,2.585263812
2024-03-25,2.7403956664
2024-03-26,2.7363448089
2024-03-27,2.6784418883
2024-03-28,2.767317467
2024-03-29,2.7031039884
2024-03-30,2.6820302813
2024-03-31,2.7768874616
2024-04-01,2.671051984
2024-04-02,2.3906187974
2024-04-03,2.4234361609
2024-04-04,2.5655605117
2024-04-05,2.5272743176
2024-04-06,2.6002808311
2024-04-07,2.6121672371
2024-04-08,2.7519027437
2024-04-09,2.5797505537
2024-04-10,2.6694095836
2024-04-11,2.6306578131
2024-04-12,2.4407876861
2024-04-13,2.2778691332
2024-04-14,2.3435396253
2024-04-15,2.1991588968
2024-04-16,2.2194260043
2024-04-17,2.0633598897
2024-04-18,2.1962553603
2024-04-19,2.2075992981
2024-04-20,2.2765975535
2024-04-21,2.2773868087
2024-04-22,2.3963405964
2024-04-23,2.3576833066
2024-04-24,2.2104793501
2024-04-25,2.2277074491
2024-04-26,2.1792279845
2024-04-27,2.1546437451
2024-04-28,2.1230220399
2024-04-29,2.1772070705
2024-04-30,1.9719820692
2024-05-01,1.8175430183
2024-05-02,1.8799842831
2024-05-03,2.1125282036
2024-05-04,2.1652324433
2024-05-05,2.1742671885
2024-05-06,2.1192513726
2024-05-07,2.0658578825
2024-05-08,1.9819364944
2024-05-09,2.0970516992
2024-05-10,1.9662254891
2024-05-11,1.9607600368
2024-05-12,1.994402437
2024-05-13,2.0805826265
2024-05-14,1.9963800484
2024-05-15,2.2772966701
2024-05-16,2.2113868651
2024-05-17,2.3098313085
2024-05-18,2.3080090053
2024-05-19,2.2610464314
2024-05-20,2.5551222128
2024-05-21,2.4884780632
2024-05-22,2.4141290226
2024-05-23,2.3298307909
2024-05-24,2.3770782099
2024-05-25,2.4144762108
2024-05-26,2.3600248883
2024-05-27,2.4095900176
2024-05-28,2.3155463194
2024-05-29,2.2664784285
2024-05-30,2.3106609884
2024-05-31,2.2474226346
2024-06-01,2.2647153251
2024-06-02,2.2671026717
2024-06-03,2.323095315
2024-06-04,2.4206817015
2024-06-05,2.4470343558
2024-06-06,2.4214191209
2024-06-07,2.3303398363
2024-06-08,2.3253168034
2024-06-09,2.3419690479
2024-06-10,2.3276661687
2024-06-11,2.1966747671
2024-06-12,2.2431080062
2024-06-13,2.155614497
2024-06-14,2.1055205804
2024-06-15,2.1159299625
2024-06-16,2.1382372378
2024-06-17,2.1270748195
2024-06-18,2.044124546
2024-06-19,2.0277026956
2024-06-20,2.0267893333
2024-06-21,1.9759802716
2024-06-22,1.9792415464
2024-06-23,1.9238587595
2024-06-24,1.742546184
2024-06-25,1.8280323313
2024-06-26,1.7713123635
2024-06-27,1.8120078671
2024-06-28,1.7364787591
2024-06-29,1.7693362837
2024-06-30,1.8770367431
2024-07-01,1.8785384987
2024-07-02,1.8300889283
2024-07-03,1.7213620616
2024-07-04,1.5583216976
2024-07-05,1.5144771266
2024-07-06,1.6029506657
2024-07-07,1.4769601474
2024-07-08,1.5112507672
2024-07-09,1.584158518
2024-07-10,1.5674138162
2024-07-11,1.5425579002
2024-07-12,1.5731509007
2024-07-13,1.6567241694
2024-07-14,1.7527148631
2024-07-15,1.9633339058
2024-07-16,1.9803488838
2024-07-17,1.9250488951
2024-07-18,1.9092969682
2024-07-19,2.0630631059
2024-07-20,2.0851796875
2024-07-21,2.1324574055
2024-07-22,2.0988485477
2024-07-23,1.9987216949
2024-07-24,1.9642267142
2024-07-25,1.9822670877
2024-07-26,2.1038662168
2024-07-27,2.1099847602
2024-07-28,2.1127777964
2024-07-29,2.0347206015
2024-07-30,1.9930732187
2024-07-31,1.9060318455
2024-08-01,1.9305142424
2024-08-02,1.720666653
2024-08-03,1.6726398339
2024-08-04,1.5361457779
2024-08-05,1.3136211804
2024-08-06,1.4112651121
2024-08-07,1.3584925121
2024-08-08,1.7406553899
2024-08-09,1.6706939484
2024-08-10,1.6758372978
2024-08-11,1.5595055322
2024-08-12,1.5899588888
2024-08-13,1.6537755388
2024-08-14,1.557547104
2024-08-15,1.4891976287
2024-08-16,1.5609666775
2024-08-17,1.5875564118
2024-08-18,1.5513442725
2024-08-19,1.5850538858
2024-08-20,1.5681394074
2024-08-21,1.6797057369
2024-08-22,1.6364278072
2024-08-23,1.8419505862
2024-08-24,1.8348568434
2024-08-25,1.8598145331
2024-08-26,1.7727297053
2024-08-27,1.5810034362
2024-08-28,1.5531152256
2024-08-29,1.5656108437
2024-08-30,1.5535488098
2024-08-31,1.5419863988
2024-09-01,1.451114986
2024-09-02,1.5515987821
2024-09-03,1.4662840785
2024-09-04,1.487286139
2024-09-05,1.3799670794
2024-09-06,1.2531348448
2024-09-07,1.2655232627
2024-09-08,1.3094186505
2024-09-09,1.4344339635
2024-09-10,1.4632548216
2024-09-11,1.4482978855
2024-09-12,1.4869410137
2024-09-13,1.6176778798
2024-09-14,1.5868983784
2024-09-15,1.5370387498
2024-09-16,1.485563197
2024-09-17,1.595477231
2024-09-18,1.652265564
2024-09-19,1.7429241684
2024-09-20,1.7478167039
2024-09-21,1.7578544158
2024-09-22,1.7675177367
2024-09-23,1.7510965416
2024-09-24,1.8042608981
2024-09-25,1.7301657787
2024-09-26,1.8372572915
2024-09-27,1.8734446194
2024-09-28,1.870959435
2024-09-29,1.8606814579
2024-09-30,1.7293792629
2024-10-01,1.5966361885
2024-10-02,1.5864405114
2024-10-03,1.5899501202
2024-10-04,1.6586891764
2024-10-05,1.6561460262
2024-10-06,1.6963282483
2024-10-07,1.6742234436
2024-10-08,1.6421397608
2024-10-09,1.5584547236
2024-10-10,1.5366497527
2024-10-11,1.6529174166
2024-10-12,1.6917032267
2024-10-13,1.6657121073
2024-10-14,1.8443001717
2024-10-15,1.8844877716
2024-10-16,1.9205452875
2024-10-17,1.8996049431
2024-10-18,1.9535500288
2024-10-19,1.9490253819
2024-10-20,1.9788995506
2024-10-21,1.887231097
2024-10-22,1.8836204525
2024-10-23,1.8390767659
2024-10-24,1.9167616957
2024-10-25,1.8132218551
2024-10-26,1.8526605751
2024-10-27,1.9035070219
2024-10-28,2.0002991325
2024-10-29,2.1453520812
2024-10-30,2.1286729807
2024-10-31,2.013328376
2024-11-01,1.9624080363
2024-11-02,1.9470168081
2024-11-03,1.9182677235
2024-11-04,1.8634129555
2024-11-05,1.9551318597
2024-11-06,2.2738016083
2024-11-07,2.2819825668
2024-11-08,2.3039864519
2024-11-09,2.3159872743
2024-11-10,2.5016801641
2024-11-11,2.9344963694
2024-11-12,2.8753705763
2024-11-13,2.981866173
2024-11-14,2.7983078698
2024-11-15,2.9934145862
2024-11-16,2.9557821239
2024-11-17,2.9054954263
2024-11-18,2.9408244311
2024-11-19,3.0113702918
2024-11-20,3.0960639659
2024-11-21,3.2922987651
2024-11-22,3.2931783537
2024-11-23,3.2153088198
2024-11-24,3.2197749129
2024-11-25,2.9675895812
2024-11-26,2.8814175187
2024-11-27,3.0841613288
2024-11-28,3.0612649708
2024-11-29,3.1366350135
2024-11-30,3.081257578
2024-12-01,3.1258438531
2024-12-02,3.0246950813
2024-12-03,3.0278755663
2024-12-04,3.1638216594
2024-12-05,3.0402579188
2024-12-06,3.1726349666
2024-12-07,3.1659522223
2024-12-08,3.2001082772
2024-12-09,3.0065679677
2024-12-10,2.9658463888
2024-12-11,3.1790844842
2024-12-12,3.1085888628
2024-12-13,3.1586131873
2024-12-14,3.1547803702
2024-12-15,3.3055575057
2024-12-16,3.3542845356
2024-12-17,3.3500255236
2024-12-18,3.05588636
2024-12-19,2.9000848103
2024-12-20,2.8846985038
2024-12-21,2.8531507483
2024-12-22,2.7452013832
2024-12-23,2.7127060992
2024-12-24,2.8919292491
2024-12-25,2.9157148547
2024-12-26,2.7307365211
2024-12-27,2.6539075621
2024-12-28,2.6936481406
2024-12-29,2.6054625359
2024-12-30,2.5500291309
2024-12-31,2.5850046251
2025-01-01,2.6305525779
2025-01-02,2.7413777217
2025-01-03,2.7973999745
2025-01-04,2.7973101187
2025-01-05,2.8012349648
2025-01-06,2.9761190467
2025-01-07,2.7143549633
2025-01-08,2.6152886483
2025-01-09,2.4812187393
2025-01-10,2.5932313814
2025-01-11,2.5815562598
2025-01-12,2.5652391749
2025-01-13,2.5618344647
2025-01-14,2.6617728959
2025-01-15,2.8270549035
2025-01-16,2.8084184839
2025-01-17,3.0060841744
2025-01-18,3.0029741334
2025-01-19,2.8318684146
2025-01-20,2.9017829805
2025-01-21,3.0534528278
2025-01-22,2.9374830512
2025-01-23,2.9408688911
2025-01-24,2.9590125612
2025-01-25,2.9598718212
2025-01-26,2.8582178292
2025-01-27,2.8073958634
2025-01-28,2.7651329367
2025-01-29,2.8901025895
2025-01-30,2.9328024579
2025-01-31,2.7991133696
2025-02-01,2.7169135551
2025-02-02,2.5637565174
2025-02-03,2.7512265493
2025-02-04,2.5695945774
2025-02-05,2.502380743
2025-02-06,2.4958378378
2025-02-07,2.4845530302
2025-02-08,2.4908285752
2025-02-09,2.4707909618
2025-02-10,2.5159694073
2025-02-11,2.4384946341
2025-02-12,2.5242729115
2025-02-13,2.4641477661
2025-02-14,2.5004484
2025-02-15,2.5040987702
2025-02-16,2.4363676263
2025-02-17,2.4150765656
2025-02-18,2.3955305354
2025-02-19,2.446900797
2025-02-20,2.5223411915
2025-02-21,2.4115095894
2025-02-22,2.4327907097
2025-02-23,2.4059474724
2025-02-24,2.2108446131
2025-02-25,2.0674805567
2025-02-26,1.8503228487
2025-02-27,1.877157575
2025-02-28,1.8586881747
2025-03-01,1.9297482632
2025-03-02,2.309713084
2025-03-03,1.9456906004
2025-03-04,1.9892356359
2025-03-05,2.1341460044
2025-03-06,2.1124234374
2025-03-07,1.9452599541
2025-03-08,1.9262168067
2025-03-09,1.6764563988
2025-03-10,1.6021649784
2025-03-11,1.7678901519
2025-03-12,1.8048218253
2025-03-13,1.6906113395
2025-03-14,1.8226645467
2025-03-15,1.8320636796
2025-03-16,1.7472248222
2025-03-17,1.8139504734
2025-03-18,1.7528017207
2025-03-19,1.932771886
2025-03-20,1.8122237693
2025-03-21,1.8079321234
2025-03-22,1.7953387487
2025-03-23,1.879923059
2025-03-24,1.9466296452
2025-03-25,1.9489276324
2025-03-26,1.9204867855
2025-03-27,1.9351321074
2025-03-28,1.8027344869
2025-03-29,1.7214146925
2025-03-30,1.708131048
2025-03-31,1.7180272534
2025-04-01,1.8388346031
2025-04-02,1.7186105795
2025-04-03,1.7312068488
2025-04-04,1.766409564
2025-04-05,1.7440621207
2025-04-06,1.5074770261
2025-04-07,1.5704605989
2025-04-08,1.4356030041
2025-04-09,1.7128360183
2025-04-10,1.5721834979
2025-04-11,1.7373085853
2025-04-12,1.8191106185
2025-04-13,1.7424975443
2025-04-14,1.7849927287
2025-04-15,1.745297432
2025-04-16,1.7642373118
2025-04-17,1.8018238682
2025-04-18,1.7780457867
2025-04-19,1.8067690635
2025-04-20,1.8041035372
2025-04-21,1.8998996322
2025-04-22,2.16158061
2025-04-23,2.1621427765
2025-04-24,2.1636606857
2025-04-25,2.1949472751
2025-04-26,2.188423779
2025-04-27,2.1474558152
2025-04-28,2.1968445517
2025-04-29,2.1500264582
2025-04-30,2.152058913
2025-05-01,2.2411592193
2025-05-02,2.254640859
2025-05-03,2.2126609378
2025-05-04,2.1429192181
2025-05-05,2.1573044718
2025-05-06,2.2299904518
2025-05-07,2.2450537965
2025-05-08,2.4923044752
2025-05-09,2.479704584
2025-05-10,2.5456576554
2025-05-11,2.5154562851
2025-05-12,2.4646713261
2025-05-13,2.5083863428
2025-05-14,2.4787449465
2025-05-15,2.4771826954
2025-05-16,2.4652282725
2025-05-17,2.4457787251
2025-05-18,2.560965358
2025-05-19,2.5359881512
2025-05-20,2.5830126692
2025-05-21,2.6925712001
2025-05-22,2.7582831763
2025-05-23,2.5759509052
2025-05-24,2.5979064807
2025-05-25,2.6351621674
2025-05-26,2.6460036492
2025-05-27,2.6242805182
2025-05-28,2.5689974431
2025-05-29,2.4724854032
2025-05-30,2.3950040504
2025-05-31,2.422190889
2025-06-01,2.4619903841
2025-06-02,2.459412613
2025-06-03,2.4347304392
2025-06-04,2.399799536
2025-06-05,2.2682110813
2025-06-06,2.3782109313
2025-06-07,2.4265333319
2025-06-08,2.4244732026
2025-06-09,2.6031670654
2025-06-10,2.5916607625
2025-06-11,2.5277514117
2025-06-12,2.4147158674
2025-06-13,2.4103353642
2025-06-14,2.3842969759
2025-06-15,2.3827075427
2025-06-16,2.4464995637
2025-06-17,2.3364415064
2025-06-18,2.3403033937
2025-06-19,2.332347451
2025-06-20,2.2706251155
2025-06-21,2.1972975933
2025-06-22,2.1682251275
2025-06-23,2.3499992016
2025-06-24,2.363783251
2025-06-25,2.412534059
2025-06-26,2.3938124285
2025-06-27,2.3898741579
2025-06-28,2.3973477916
2025-06-29,2.4339220175
2025-06-30,2.377663375
2025-07-01,2.3102027462
2025-07-02,2.440283665
2025-07-03,2.4625892638
2025-07-04,2.3793752895
2025-07-05,2.3826887339
2025-07-06,2.4165975846
2025-07-07,2.3735129042
2025-07-08,2.3955278362
2025-07-09,2.4855182263
2025-07-10,2.6561970562
2025-07-11,2.7154560698
2025-07-12,2.6991286921
2025-07-13,2.7536088936
2025-07-14,2.7810038647
2025-07-15,2.6877371467
2025-07-16,2.7111829309
2025-07-17,2.7301020127
2025-07-18,2.6622755675
2025-07-19,2.6542050596
2025-07-20,2.6260704536
2025-07-21,2.624136905
2025-07-22,2.7180514573
2025-07-23,2.654869509
2025-07-24,2.637882559
2025-07-25,2.5967459937
2025-07-26,2.6102985689
2025-07-27,2.662163803
2025-07-28,2.6013651392
2025-07-29,2.5885697914
2025-07-30,2.5771341227
2025-07-31,2.4999502133
2025-08-01,2.3972440533
2025-08-02,2.3656717202
2025-08-03,2.4277101902
2025-08-04,2.4594144722
2025-08-05,2.4132281823
2025-08-06,2.4451065516
2025-08-07,2.5314754712
2025-08-08,2.4993188713
2025-08-09,2.4868652625
2025-08-10,2.5849232616
2025-08-11,2.5625060683
2025-08-12,2.6105007506
2025-08-13,2.7285862377
2025-08-14,2.5354446288
2025-08-15,2.4853425066
2025-08-16,2.4816594088
2025-08-17,2.4833843199
2025-08-18,2.4308034852
2025-08-19,2.2970257188
2025-08-20,2.3457483682
2025-08-21,2.269843779
2025-08-22,2.4313526795
2025-08-23,2.3707305136
2025-08-24,2.3015246692
2025-08-25,2.1700928078
2025-08-26,2.2345927044
2025-08-27,2.2074423457
2025-08-28,2.2489417643
2025-08-29,2.089149513
2025-08-30,2.0967275035
2025-08-31,2.0784850194
2025-09-01,2.1008010043
2025-09-02,2.1778699449
2025-09-03,2.1986721293
2025-09-04,2.1620020054
2025-09-05,2.1488274057
2025-09-06,2.1287923472
2025-09-07,2.1654081514
2025-09-08,2.1916877761
2025-09-09,2.1656092527
2025-09-10,2.2519528947
2025-09-11,2.3031719035
2025-09-12,2.3251856129
2025-09-13,2.314704488
2025-09-14,2.2906882339
2025-09-15,2.2872230161
2025-09-16,2.3330396581
2025-09-17,2.3197103924
2025-09-18,2.3318543309
2025-09-19,2.2746001035
2025-09-20,2.2764532419
2025-09-21,2.2575303628
2025-09-22,2.1607959922
2025-09-23,2.1321298293
2025-09-24,2.1743092749
2025-09-25,2.0196954878
2025-09-26,2.0349321925
2025-09-27,2.0318066126
2025-09-28,2.1207554038
2025-09-29,2.1956017727
2025-09-30,2.1772189459
2025-10-01,2.3273457088
2025-10-02,2.3992119813
2025-10-03,2.4562304403
2025-10-04,2.4526151255
2025-10-05,2.4893057559
2025-10-06,2.5301002243
2025-10-07,2.4032533065
2025-10-08,2.4619981034
2025-10-09,2.3919509223
2025-10-10,2.1090141408
2025-10-11,2.0064497437
2025-10-12,2.1542955484
2025-10-13,2.1577366595
2025-10-14,2.0801253975
2025-10-15,1.9842597587
2025-10-16,1.8866914
2025-10-17,1.8301601478
2025-10-18,1.8466507201
2025-10-19,1.9002405506
2025-10-20,1.9666945195
2025-10-21,1.8952719246
2025-10-22,1.8537549314
2025-10-23,1.9354810614
2025-10-24,1.9670114835
2025-10-25,1.9854529735
2025-10-26,2.0857904596
2025-10-27,2.0653314459
2025-10-28,2.0571
2025-10-29,1.9483
2025-10-30,1.9471
2025-10-31,1.8851
2025-11-01,1.929
2025-11-02,1.941
2025-11-03,1.962
2025-11-04,1.8138
2025-11-05,1.6245
2025-11-06,1.7177
2025-11-07,1.6266
2025-11-08,1.6931
2025-11-09,1.6571
2025-11-10,1.7319
2025-11-11,1.7865
2025-11-12,1.6707
2025-11-13,1.6183
2025-11-14,1.5795
2025-11-15,1.3649
2025-11-16,1.4096
2025-11-17,1.3629
2025-11-18,1.2901
2025-11-19,1.312
2025-11-20,1.2682
2025-11-21,1.0929
2025-11-22,1.0484
2025-11-23,1.0282
2025-11-24,1.0922
2025-11-25,1.1375
2025-11-26,1.1082
2025-11-27,1.2078
2025-11-28,1.2398
2025-11-29,1.2271
2025-11-30,1.2229
2025-12-01,1.2099
2025-12-02,1.0664
2025-12-03,1.2403
2025-12-04,1.3189
2025-12-05,1.2667
2025-12-06,1.1704
2025-12-07,1.1582
2025-12-08,1.1987
2025-12-09,1.2149
2025-12-10,1.2886
2025-12-11,1.2593
2025-12-12,1.2755
2025-12-13,1.1994
2025-12-14,1.1972
2025-12-15,1.1256
2025-12-16,1.0643
2025-12-17,1.1101
2025-12-18,1.0541
2025-12-19,1.032
2025-12-20,1.127
2025-12-21,1.1338
2025-12-22,1.1379
2025-12-23,1.1362
2025-12-24,1.0986
2025-12-25,1.1074
2025-12-26,1.0938
2025-12-27,1.0964
2025-12-28,1.114
2025-12-29,1.1155
2025-12-30,1.0911
2025-12-31,1.1366
2026-01-01,1.1064
2026-01-02,1.1476
2026-01-03,1.1839
2026-01-04,1.208
2026-01-05,1.2346
2026-01-06,1.3209
2026-01-07,1.3062
2026-01-08,1.2291
2026-01-09,1.2194
2026-01-10,1.2042
2026-01-11,1.1986
2026-01-12,1.2134
2026-01-13,1.2231
2026-01-14,1.3539
2026-01-15,1.4164
2026-01-16,1.3682
2026-01-17,1.361
2026-01-18,1.3268
2026-01-19,1.3268
2026-01-20,1.2589
2026-01-21,1.1133
2026-01-22,1.1513
2026-01-23,1.1562
2026-01-24,1.1644
2026-01-25,1.157
2026-01-26,1.0594
2026-01-27,1.1278
2026-01-28,1.1577
2026-01-29,1.154
2026-01-30,0.9977
2026-01-31,0.9841
2026-02-01,0.7979
2026-02-02,0.7506
2026-02-03,0.8051
2026-02-04,0.701
2026-02-05,0.6168
2026-02-06,0.3219
2026-02-07,0.5424
2026-02-08,0.4977
2026-02-09,0.5342
2026-02-10,0.5333
2026-02-11,0.4844
2026-02-12,0.4282
2026-02-13,0.4036
2026-02-14,0.4931
2026-02-15,0.5243
2026-02-16,0.4824
2026-02-17,0.496
2026-02-18,0.4438
2026-02-19,0.4144
2026-02-20,0.4319
2026-02-21,0.4685
2026-02-22,0.4713
2026-02-23,0.4567
2026-02-24,0.355
2026-02-25,0.3376
2026-02-26,0.4713
2026-02-27,0.4549
2026-02-28,0.4022
2026-03-01,0.4348
2026-03-02,0.397
2026-03-03,0.502
2026-03-04,0.4894
2026-03-05,0.622
2026-03-06,0.5745
2026-03-07,0.4828
2026-03-08,0.4517
2026-03-09,0.4104
2026-03-10,0.4901
2026-03-11,0.5398
2026-03-12,0.5522
2026-03-13,0.565
2026-03-14,0.5778
2026-03-15,0.5858
2026-03-16,0.6395
2026-03-17,0.701
2026-03-18,0.6768
2026-03-19,0.5914
2026-03-20,0.5446
2026-03-21,0.5639
2026-03-22,0.5523
2026-03-23,0.4794
2026-03-24,0.5774
2026-03-25,0.5672
2026-03-26,0.59
2026-03-27,0.5086
2026-03-29,0.4311
2026-03-30,0.4131
2026-03-31,0.4423
2026-04-01,0.4924
2026-04-02,0.4892
2026-04-03,0.4481
2026-04-04,0.4504
2026-04-05,0.4622
2026-04-06,0.5184
2026-04-07,0.5154
2026-04-08,0.6184
2026-04-09,0.5899
2026-04-10,0.6122
2026-04-11,0.6474
2026-04-12,0.6538
2026-04-13,0.5766
2026-04-14,0.7036
2026-04-15,0.6901
2026-04-16,0.708
2026-04-17,0.7214
2026-04-18,0.7881
2026-04-19,0.7408
2026-04-20,0.6825
2026-04-21,0.7456
2026-04-22,0.762
2026-04-23,0.824
2026-04-24,0.8254
2026-04-25,0.8009
2026-04-26,0.8072
2026-04-27,0.8327
2026-04-28,0.7952
2026-04-29,0.7624
2026-04-30,0.7476
2026-05-01,0.7634
2026-05-02,0.8227
2026-05-03,0.8432
2026-05-04,0.8362
2026-05-05,0.8753
2026-05-06,0.9117
2026-05-07,0.925
2026-05-08,0.8836
2026-05-09,0.8857
2026-05-10,0.9025
2026-05-11,0.9575
2026-05-12,0.9338
2026-05-13,0.8938
2026-05-14,0.8539
2026-05-15,0.9132
2026-05-16,0.8479
2026-05-17,0.8177
2026-05-18,0.8019
2026-05-19,0.7759
2026-05-20,0.7722
2026-05-21,0.7931
2026-05-22,0.7997
2026-05-23,0.728
2026-05-24,0.7682
2026-05-25,0.7806
2026-05-26,0.7886
2026-05-27,0.742
2026-05-28,0.6893
2026-05-29,0.6645
2026-05-30,0.6631
2026-05-31,0.6766
