date,value
2012-01-01,1.075975706
2012-01-02,1.0590509002
2012-01-03,0.9904601315
2012-01-04,1.1314905136
2012-01-05,1.3748894307
2012-01-06,1.3293350349
2012-01-07,1.3476613601
2012-01-08,1.4014316835
2012-01-09,1.238145945
2012-01-10,1.2848515466
2012-01-11,1.3515510012
2012-01-12,1.3221102938
2012-01-13,1.2582991298
2012-01-14,1.3150849785
2012-01-15,1.3680238934
2012-01-16,1.3021182523
2012-01-17,1.0881765273
2012-01-18,1.1471983582
2012-01-19,1.223921146
2012-01-20,1.2587454672
2012-01-21,1.1964133264
2012-01-22,1.219505744
2012-01-23,1.2324280314
2012-01-24,1.2123855558
2012-01-25,1.1236556826
2012-01-26,1.0410799931
2012-01-27,1.0303591645
2012-01-28,1.0997613111
2012-01-29,1.0486637803
2012-01-30,1.0709574805
2012-01-31,1.0787535681
2012-02-01,1.1810040055
2012-02-02,1.1846464556
2012-02-03,1.1556551653
2012-02-04,1.1447589893
2012-02-05,1.1029610507
2012-02-06,1.0669218062
2012-02-07,1.1018211165
2012-02-08,1.0935792626
2012-02-09,1.1354600739
2012-02-10,1.1554558428
2012-02-11,1.0902045161
2012-02-12,1.0723673289
2012-02-13,1.0480319728
2012-02-14,0.8861947705
2012-02-15,0.8586487644
2012-02-16,0.8474343791
2012-02-17,0.8755829985
2012-02-18,0.8542781876
2012-02-19,0.8790743462
2012-02-20,0.8749333303
2012-02-21,0.866036197
2012-02-22,0.8878180775
2012-02-23,1.0105329789
2012-02-24,1.0071004339
2012-02-25,0.9563219304
2012-02-26,0.9872010524
2012-02-27,0.9921701988
2012-02-28,0.9728462488
2012-02-29,0.9831277786
2012-03-01,0.9927427626
2012-03-02,0.9519996426
2012-03-03,0.9357078151
2012-03-04,0.9771866047
2012-03-05,1.0067202968
2012-03-06,1.0074287804
2012-03-07,0.9994457567
2012-03-08,0.9967585718
2012-03-09,0.9845807663
2012-03-10,0.9786961872
2012-03-11,0.9895382064
2012-03-12,0.9935359324
2012-03-13,1.0688804545
2012-03-14,1.0872904132
2012-03-15,1.0763009675
2012-03-16,1.0747645608
2012-03-17,1.0540103164
2012-03-18,1.0615846589
2012-03-19,0.9446183915
2012-03-20,0.9758804195
2012-03-21,0.9752532768
2012-03-22,0.9587374547
2012-03-23,0.9511275637
2012-03-24,0.944337184
2012-03-25,0.9251902522
2012-03-26,0.9421052094
2012-03-27,0.9783965957
2012-03-28,0.9741835397
2012-03-29,0.9755122145
2012-03-30,1.0038607817
2012-03-31,1.0095153416
2012-04-01,0.9898373774
2012-04-02,1.0285341271
2012-04-03,1.0261543677
2012-04-04,1.018149625
2012-04-05,1.0185467473
2012-04-06,1.0237179017
2012-04-07,0.9748027206
2012-04-08,0.9891761258
2012-04-09,1.0035295931
2012-04-10,1.0014903354
2012-04-11,1.0163054039
2012-04-12,1.0127983362
2012-04-13,1.0192904159
2012-04-14,1.0234765334
2012-04-15,1.0239875289
2012-04-16,1.0212359116
2012-04-17,1.0247354583
2012-04-18,1.0557390393
2012-04-19,1.0563177736
2012-04-20,1.1025096082
2012-04-21,1.08509422
2012-04-22,1.0664304846
2012-04-23,1.0503574712
2012-04-24,1.0456035092
2012-04-25,1.0527251387
2012-04-26,1.0436274857
2012-04-27,1.0433122631
2012-04-28,1.0180675784
2012-04-29,1.0046333645
2012-04-30,1.0154705413
2012-05-01,1.0246609639
2012-05-02,1.038144708
2012-05-03,1.0512062752
2012-05-04,1.0443192271
2012-05-05,1.0383606655
2012-05-06,1.0389206203
2012-05-07,1.0429733154
2012-05-08,1.0342046273
2012-05-09,1.0377092583
2012-05-10,1.0146148924
2012-05-11,1.0225800882
2012-05-12,1.0163119914
2012-05-13,1.0170470495
2012-05-14,1.0310357564
2012-05-15,1.0357160515
2012-05-16,1.0476552966
2012-05-17,1.0493684756
2012-05-18,1.057030931
2012-05-19,1.05577993
2012-05-20,1.0559409834
2012-05-21,1.0590557406
2012-05-22,1.0584916384
2012-05-23,1.0663101394
2012-05-24,1.0673197732
2012-05-25,1.0708642034
2012-05-26,1.0669424607
2012-05-27,1.0729784193
2012-05-28,1.0733052193
2012-05-29,1.0757700915
2012-05-30,1.0736766299
2012-05-31,1.0877413047
2012-06-01,1.104760166
2012-06-02,1.0995726795
2012-06-03,1.0929974251
2012-06-04,1.1023097027
2012-06-05,1.1359321413
2012-06-06,1.1392412526
2012-06-07,1.1670414695
2012-06-08,1.172963881
2012-06-09,1.1587745221
2012-06-10,1.1380033287
2012-06-11,1.1633395055
2012-06-12,1.1907609902
2012-06-13,1.2262991987
2012-06-14,1.2363431797
2012-06-15,1.3457741213
2012-06-16,1.3266528191
2012-06-17,1.2749960876
2012-06-18,1.2962852318
2012-06-19,1.3321930064
2012-06-20,1.3719468819
2012-06-21,1.3653018705
2012-06-22,1.3410761877
2012-06-23,1.3164576413
2012-06-24,1.2962472876
2012-06-25,1.2892893783
2012-06-26,1.310716204
2012-06-27,1.3457502724
2012-06-28,1.339222766
2012-06-29,1.3517964603
2012-06-30,1.3551077202
2012-07-01,1.3435375395
2012-07-02,1.3649867124
2012-07-03,1.3060768597
2012-07-04,1.3178539379
2012-07-05,1.3421547391
2012-07-06,1.3468640214
2012-07-07,1.3750862555
2012-07-08,1.3706800931
2012-07-09,1.4152773564
2012-07-10,1.4577183846
2012-07-11,1.4556138047
2012-07-12,1.5263361953
2012-07-13,1.5355636609
2012-07-14,1.5355618962
2012-07-15,1.5432571223
2012-07-16,1.7045063293
2012-07-17,1.734444424
2012-07-18,1.7915857111
2012-07-19,1.7410654656
2012-07-20,1.6714049191
2012-07-21,1.7319218931
2012-07-22,1.6584143593
2012-07-23,1.660873237
2012-07-24,1.6659700878
2012-07-25,1.6992399269
2012-07-26,1.7138951998
2012-07-27,1.7125818339
2012-07-28,1.6994900478
2012-07-29,1.6773316377
2012-07-30,1.7375188213
2012-07-31,1.7727815437
2012-08-01,1.8120701547
2012-08-02,1.975069432
2012-08-03,2.029114677
2012-08-04,2.0197134471
2012-08-05,1.9889167069
2012-08-06,1.9925893865
2012-08-07,2.0001535362
2012-08-08,2.0112993029
2012-08-09,2.0104214106
2012-08-10,2.06430101
2012-08-11,2.0746240082
2012-08-12,2.0778041909
2012-08-13,2.1354820884
2012-08-14,2.1589149878
2012-08-15,2.3134100814
2012-08-16,2.3413946616
2012-08-17,2.0910969009
2012-08-18,1.9999191809
2012-08-19,1.3700278403
2012-08-20,1.7223822456
2012-08-21,1.7079401113
2012-08-22,1.6830495987
2012-08-23,1.733285368
2012-08-24,1.8115936613
2012-08-25,1.8048308092
2012-08-26,1.7954431309
2012-08-27,1.8357719493
2012-08-28,1.8343314159
2012-08-29,1.8208023212
2012-08-30,1.7965164875
2012-08-31,1.6785211071
2012-09-01,1.6642802023
2012-09-02,1.6986980795
2012-09-03,1.7406101282
2012-09-04,1.7155197464
2012-09-05,1.8163568841
2012-09-06,1.8334076746
2012-09-07,1.8172561506
2012-09-08,1.8091587162
2012-09-09,1.8072446511
2012-09-10,1.7900559666
2012-09-11,1.8093576285
2012-09-12,1.8126934234
2012-09-13,1.820029699
2012-09-14,1.8701661814
2012-09-15,1.8623474246
2012-09-16,1.8836587333
2012-09-17,1.88131259
2012-09-18,1.9280674812
2012-09-19,1.9559668532
2012-09-20,1.9223747679
2012-09-21,1.9105390423
2012-09-22,1.8881080714
2012-09-23,1.8779094605
2012-09-24,1.8660941965
2012-09-25,1.8719305815
2012-09-26,1.8876445062
2012-09-27,1.8822568751
2012-09-28,1.8836441412
2012-09-29,1.8821673224
2012-09-30,1.8766196231
2012-10-01,1.8733601149
2012-10-02,1.9278386133
2012-10-03,1.9418871878
2012-10-04,1.92270876
2012-10-05,1.9037295062
2012-10-06,1.8658353673
2012-10-07,1.773529142
2012-10-08,1.7490486503
2012-10-09,1.7634628556
2012-10-10,1.802530211
2012-10-11,1.7948333405
2012-10-12,1.7873838704
2012-10-13,1.77173268
2012-10-14,1.7300405778
2012-10-15,1.7655795997
2012-10-16,1.7546398968
2012-10-17,1.7601646372
2012-10-18,1.758661548
2012-10-19,1.7327589321
2012-10-20,1.7230139328
2012-10-21,1.7124107143
2012-10-22,1.7233596913
2012-10-23,1.7173441787
2012-10-24,1.7047801503
2012-10-25,1.5778744761
2012-10-26,1.490055295
2012-10-27,1.5393876402
2012-10-28,1.5756728153
2012-10-29,1.5636028673
2012-10-30,1.5959768805
2012-10-31,1.6348441329
2012-11-01,1.5589111599
2012-11-02,1.548173938
2012-11-03,1.5653034664
2012-11-04,1.5840457364
2012-11-05,1.5750653093
2012-11-06,1.592594964
2012-11-07,1.6029664392
2012-11-08,1.5929648362
2012-11-09,1.5811472209
2012-11-10,1.58726779
2012-11-11,1.5830039163
2012-11-12,1.6076710259
2012-11-13,1.6009255974
2012-11-14,1.5942120651
2012-11-15,1.623271804
2012-11-16,1.6930144081
2012-11-17,1.6966166713
2012-11-18,1.6824052962
2012-11-19,1.6913115817
2012-11-20,1.6823347493
2012-11-21,1.6842365648
2012-11-22,1.7599968655
2012-11-23,1.754654198
2012-11-24,1.7697148176
2012-11-25,1.7818565944
2012-11-26,1.7294915952
2012-11-27,1.7239041607
2012-11-28,1.7452066465
2012-11-29,1.7659479081
2012-11-30,1.7744173365
2012-12-01,1.7733969638
2012-12-02,1.7589790053
2012-12-03,1.7780294611
2012-12-04,1.862943758
2012-12-05,1.8485728659
2012-12-06,1.8656869861
2012-12-07,1.8586789534
2012-12-08,1.8595238057
2012-12-09,1.8353355406
2012-12-10,1.851739215
2012-12-11,1.8642823708
2012-12-12,1.8659638048
2012-12-13,1.8696659034
2012-12-14,1.8461327111
2012-12-15,1.8356418602
2012-12-16,1.8075903652
2012-12-17,1.8054449699
2012-12-18,1.7969044182
2012-12-19,1.8291787082
2012-12-20,1.8294002496
2012-12-21,1.8080839075
2012-12-22,1.8070684747
2012-12-23,1.7920066485
2012-12-24,1.8056817625
2012-12-25,1.7969067972
2012-12-26,1.8073968873
2012-12-27,1.7990035417
2012-12-28,1.8046239925
2012-12-29,1.7931365743
2012-12-30,1.801004536
2012-12-31,1.8086158906
2013-01-01,1.7797344238
2013-01-02,1.7723995093
2013-01-03,1.7845609571
2013-01-04,1.7908607008
2013-01-05,1.7905315213
2013-01-06,1.7952714119
2013-01-07,1.8003382926
2013-01-08,1.8251087891
2013-01-09,1.8282424548
2013-01-10,1.8619572094
2013-01-11,1.8714267507
2013-01-12,1.8676563859
2013-01-13,1.8580320787
2013-01-14,1.8756155237
2013-01-15,1.8723203276
2013-01-16,1.9175084188
2013-01-17,2.0192729802
2013-01-18,2.0259281393
2013-01-19,2.0056838598
2013-01-20,2.0189255566
2013-01-21,2.1401101521
2013-01-22,2.178470025
2013-01-23,2.1968863034
2013-01-24,2.1089336616
2013-01-25,2.1616203821
2013-01-26,2.1710479418
2013-01-27,2.1906206457
2013-01-28,2.2868431034
2013-01-29,2.33957807
2013-01-30,2.3368326845
2013-01-31,2.3952383782
2013-02-01,2.3425230049
2013-02-02,2.2467241467
2013-02-03,2.3415964236
2013-02-04,2.3165662642
2013-02-05,2.3280833418
2013-02-06,2.3749232294
2013-02-07,2.4582971793
2013-02-08,2.5054376953
2013-02-09,2.5857030407
2013-02-10,2.5915709323
2013-02-11,2.6364272628
2013-02-12,2.6666803352
2013-02-13,2.6039628123
2013-02-14,2.8384150444
2013-02-15,2.7851562091
2013-02-16,2.7772758262
2013-02-17,2.7136795988
2013-02-18,2.695776143
2013-02-19,2.9017015812
2013-02-20,2.9099889368
2013-02-21,2.8876010112
2013-02-22,2.9197477688
2013-02-23,2.8400012178
2013-02-24,2.8285269572
2013-02-25,2.8009941065
2013-02-26,2.8450887901
2013-02-27,2.8401003554
2013-02-28,2.9606801087
2013-03-01,3.0287317381
2013-03-02,2.9703520065
2013-03-03,2.9819093032
2013-03-04,3.1104188197
2013-03-05,3.3726793549
2013-03-06,3.4533115324
2013-03-07,3.2859581544
2013-03-08,3.3976539888
2013-03-09,3.5547496023
2013-03-10,3.4599048797
2013-03-11,3.5765483156
2013-03-12,3.2644906367
2013-03-13,3.4007022161
2013-03-14,3.3575151713
2013-03-15,3.3185971948
2013-03-16,3.3137125821
2013-03-17,3.3018830067
2013-03-18,3.5211181172
2013-03-19,3.9231963319
2013-03-20,4.0721329989
2013-03-21,4.3247120182
2013-03-22,4.1304748887
2013-03-23,3.7728644593
2013-03-24,4.0967669247
2013-03-25,4.095826476
2013-03-26,4.2247278994
2013-03-27,4.5872361452
2013-03-28,4.3788821662
2013-03-29,4.3893016134
2013-03-30,4.3350321268
2013-03-31,4.3529582505
2013-04-01,4.5440800017
2013-04-02,4.8430250773
2013-04-03,4.9604080668
2013-04-04,4.8490562269
2013-04-05,4.8171012231
2013-04-06,4.7166342322
2013-04-07,5.1673445534
2013-04-08,5.4573501996
2013-04-09,5.7924229388
2013-04-10,3.8946445197
2013-04-11,2.1469856534
2013-04-12,2.900554718
2013-04-13,2.5501496141
2013-04-14,2.3396734431
2013-04-15,2.156226861
2013-04-16,1.8441018457
2013-04-17,2.4664793572
2013-04-18,2.8382118482
2013-04-19,3.0565416954
2013-04-20,3.2429964363
2013-04-21,2.9669533732
2013-04-22,3.1273356661
2013-04-23,3.4444177107
2013-04-24,3.5888358589
2013-04-25,3.212616564
2013-04-26,3.1065761798
2013-04-27,2.8818878271
2013-04-28,3.0102820368
2013-04-29,3.1696301623
2013-04-30,3.0454562963
2013-05-01,2.5628922788
2013-05-02,2.3576227686
2013-05-03,2.1403459234
2013-05-04,2.4920205531
2013-05-05,2.5696145803
2013-05-06,2.4695196012
2013-05-07,2.4541262369
2013-05-08,2.4839859644
2013-05-09,2.4556010119
2013-05-10,2.5807511681
2013-05-11,2.5186531338
2013-05-12,2.5011813889
2013-05-13,2.5498378821
2013-05-14,2.3465595785
2013-05-15,2.3652811463
2013-05-16,2.4453188209
2013-05-17,2.5320147403
2013-05-18,2.5352431382
2013-05-19,2.5076994964
2013-05-20,2.5199007733
2013-05-21,2.5041714095
2013-05-22,2.5346515672
2013-05-23,2.6264665858
2013-05-24,2.7229964679
2013-05-25,2.6864638625
2013-05-26,2.7097691684
2013-05-27,2.6258436273
2013-05-28,2.6102690681
2013-05-29,2.6725001589
2013-05-30,2.6016417769
2013-05-31,2.6188950202
2013-06-01,2.6318365763
2013-06-02,2.500899578
2013-06-03,2.5019656336
2013-06-04,2.4403114851
2013-06-05,2.445657942
2013-06-06,2.3947559753
2013-06-07,2.2180709999
2013-06-08,2.1970972358
2013-06-09,2.0122405876
2013-06-10,2.1018380685
2013-06-11,2.1593213798
2013-06-12,2.1362930249
2013-06-13,2.0377783664
2013-06-14,1.9961960092
2013-06-15,2.0088089645
2013-06-16,1.9908324512
2013-06-17,2.0124909702
2013-06-18,2.0946033825
2013-06-19,2.0956877765
2013-06-20,2.0929604873
2013-06-21,2.0358347321
2013-06-22,2.0077699509
2013-06-23,2.0129523127
2013-06-24,1.9857434784
2013-06-25,1.9621689487
2013-06-26,1.9769665732
2013-06-27,1.939685427
2013-06-28,1.7943256536
2013-06-29,1.7825122272
2013-06-30,1.7972913886
2013-07-01,1.6645338312
2013-07-02,1.7606280617
2013-07-03,1.5627044072
2013-07-04,1.5939344619
2013-07-05,1.3707327583
2013-07-06,1.357473558
2013-07-07,1.4748979719
2013-07-08,1.5128053042
2013-07-09,1.5317275646
2013-07-10,1.7286757564
2013-07-11,1.7767743377
2013-07-12,1.8224429595
2013-07-13,1.8475224757
2013-07-14,1.8124095348
2013-07-15,1.8885303398
2013-07-16,1.8477713488
2013-07-17,1.8310329464
2013-07-18,1.7138241379
2013-07-19,1.7408436091
2013-07-20,1.7149857278
2013-07-21,1.7301329124
2013-07-22,1.7299837973
2013-07-23,1.7560310185
2013-07-24,1.778521509
2013-07-25,1.8175272168
2013-07-26,1.8129163954
2013-07-27,1.7762912409
2013-07-28,1.8659487567
2013-07-29,1.8768494158
2013-07-30,1.9407934753
2013-07-31,1.9631053169
2013-08-01,1.932177873
2013-08-02,1.9185446431
2013-08-03,1.8939290264
2013-08-04,1.9091490417
2013-08-05,1.9281343963
2013-08-06,1.929840259
2013-08-07,1.9157977095
2013-08-08,1.8600197446
2013-08-09,1.8242956209
2013-08-10,1.8395245103
2013-08-11,1.8576188917
2013-08-12,1.879627293
2013-08-13,1.9152338567
2013-08-14,1.9385299327
2013-08-15,1.9148216859
2013-08-16,1.9165516597
2013-08-17,1.9397514851
2013-08-18,1.9282252269
2013-08-19,1.9938368236
2013-08-20,2.0229703254
2013-08-21,2.1381365874
2013-08-22,2.110424311
2013-08-23,2.0709804346
2013-08-24,2.0913958322
2013-08-25,2.1678913897
2013-08-26,2.1453848688
2013-08-27,2.2453256212
2013-08-28,2.2496847508
2013-08-29,2.2515421005
2013-08-30,2.3552670064
2013-08-31,2.4101044774
2013-09-01,2.4390286525
2013-09-02,2.4117392594
2013-09-03,2.3894980023
2013-09-04,2.2646084746
2013-09-05,2.25945327
2013-09-06,2.1744755447
2013-09-07,2.2070892738
2013-09-08,2.1733639166
2013-09-09,2.2237564745
2013-09-10,2.2339953129
2013-09-11,2.3149008983
2013-09-12,2.2965516603
2013-09-13,2.303235457
2013-09-14,2.2395319896
2013-09-15,2.2498159553
2013-09-16,2.2646665738
2013-09-17,2.2736470307
2013-09-18,2.2688960143
2013-09-19,2.2063724015
2013-09-20,2.182232486
2013-09-21,2.1904864473
2013-09-22,2.1789021247
2013-09-23,2.1723330024
2013-09-24,2.1841856316
2013-09-25,2.1771459454
2013-09-26,2.1927676768
2013-09-27,2.2228035024
2013-09-28,2.2237159885
2013-09-29,2.2262127154
2013-09-30,2.2044139104
2013-10-01,2.2254729156
2013-10-02,1.8261056864
2013-10-03,2.0551731971
2013-10-04,2.1277408122
2013-10-05,2.1156585711
2013-10-06,2.1312082553
2013-10-07,2.1371455118
2013-10-08,2.1489479394
2013-10-09,2.1639972853
2013-10-10,2.1740801897
2013-10-11,2.1801750985
2013-10-12,2.1866908627
2013-10-13,2.2584460532
2013-10-14,2.3000524601
2013-10-15,2.3920986793
2013-10-16,2.3240973975
2013-10-17,2.4049806562
2013-10-18,2.5429941881
2013-10-19,2.7360785061
2013-10-20,2.7340661309
2013-10-21,2.8934310318
2013-10-22,3.0008448846
2013-10-23,3.1560930702
2013-10-24,2.9749930874
2013-10-25,2.7456540495
2013-10-26,2.6545941677
2013-10-27,2.8573640069
2013-10-28,2.8706998611
2013-10-29,2.9493660718
2013-10-30,2.8444925563
2013-10-31,2.9041568894
2013-11-01,2.8834478742
2013-11-02,2.8977755128
2013-11-03,2.9590142472
2013-11-04,3.1386384182
2013-11-05,3.2743833517
2013-11-06,3.4868522854
2013-11-07,3.6999876126
2013-11-08,4.1094895936
2013-11-09,3.9900045169
2013-11-10,3.8916371762
2013-11-11,3.9964058236
2013-11-12,4.0464688106
2013-11-13,4.3604983696
2013-11-14,4.4594033321
2013-11-15,4.2756208912
2013-11-16,4.4729270522
2013-11-17,4.83824158
2013-11-18,6.0644075284
2013-11-19,4.8729702323
2013-11-20,5.0731405429
2013-11-21,5.8797654608
2013-11-22,5.8942423979
2013-11-23,5.7892375043
2013-11-24,5.4885304247
2013-11-25,5.3343506352
2013-11-26,5.3416696838
2013-11-27,5.3374884054
2013-11-28,5.1851917511
2013-11-29,5.4344290661
2013-11-30,5.2506377844
2013-12-01,4.4701723106
2013-12-02,4.7186285572
2013-12-03,4.6848498921
2013-12-04,4.9045323423
2013-12-05,4.3590706054
2013-12-06,3.4997460115
2013-12-07,2.9728178418
2013-12-08,3.2862541387
2013-12-09,3.7308432914
2013-12-10,4.0244357148
2013-12-11,3.5609743691
2013-12-12,3.5368203174
2013-12-13,3.5291772059
2013-12-14,3.432933193
2013-12-15,3.4590137848
2013-12-16,2.7169401302
2013-12-17,2.7327806228
2013-12-18,2.1158121854
2013-12-19,2.7454999671
2013-12-20,2.4092980595
2013-12-21,2.3504056504
2013-12-22,2.4586402507
2013-12-23,2.6224468231
2013-12-24,2.5793213268
2013-12-25,2.6357208709
2013-12-26,2.9006341944
2013-12-27,2.7780174833
2013-12-28,2.7495423047
2013-12-29,2.7889942034
2013-12-30,2.816353106
2013-12-31,2.7878498811
2014-01-01,2.8749764649
2014-01-02,2.9865496146
2014-01-03,3.0533941245
2014-01-04,3.0815492658
2014-01-05,3.3229406103
2014-01-06,3.3458855007
2014-01-07,2.9312933184
2014-01-08,2.961167786
2014-01-09,2.9901583847
2014-01-10,3.0618316925
2014-01-11,3.1656382581
2014-01-12,2.9921721498
2014-01-13,2.9080271011
2014-01-14,2.8688132717
2014-01-15,2.9400418254
2014-01-16,2.8435557582
2014-01-17,2.7604701947
2014-01-18,2.8149279255
2014-01-19,2.9061074044
2014-01-20,2.8658113715
2014-01-21,2.8429552668
2014-01-22,2.8166544377
2014-01-23,2.784910117
2014-01-24,2.6764317511
2014-01-25,2.7494886449
2014-01-26,2.7798986305
2014-01-27,2.5337949999
2014-01-28,2.6894953539
2014-01-29,2.6936802515
2014-01-30,2.7091689683
2014-01-31,2.7175972443
2014-02-01,2.7395799334
2014-02-02,2.7389203034
2014-02-03,2.709658255
2014-02-04,2.6851045305
2014-02-05,2.5782673598
2014-02-06,2.4764252657
2014-02-07,2.314357611
2014-02-08,2.2058960154
2014-02-09,2.2353280926
2014-02-10,2.2272074295
2014-02-11,2.1839786642
2014-02-12,2.1265159521
2014-02-13,1.9948308939
2014-02-14,2.1727845027
2014-02-15,2.1256402465
2014-02-16,2.0249012455
2014-02-17,2.0518053239
2014-02-18,2.0381628663
2014-02-19,2.0281788404
2014-02-20,1.8359440283
2014-02-21,1.8892743606
2014-02-22,1.9763581759
2014-02-23,1.9855525852
2014-02-24,1.772364129
2014-02-25,1.758061097
2014-02-26,1.9324058809
2014-02-27,1.9261683962
2014-02-28,1.8113226823
2014-03-01,1.8662600091
2014-03-02,1.8358467137
2014-03-03,2.2143415181
2014-03-04,2.2039498201
2014-03-05,2.1840510863
2014-03-06,2.1717987775
2014-03-07,1.9898221445
2014-03-08,1.9553553422
2014-03-09,1.9768527178
2014-03-10,1.9351264375
2014-03-11,1.9497341863
2014-03-12,1.9484151057
2014-03-13,1.973148619
2014-03-14,1.92750704
2014-03-15,1.9505284859
2014-03-16,1.9432600667
2014-03-17,1.9070201352
2014-03-18,1.8794708385
2014-03-19,1.867170585
2014-03-20,1.7951249674
2014-03-21,1.7385866461
2014-03-22,1.7228440317
2014-03-23,1.7054183306
2014-03-24,1.7834987868
2014-03-25,1.7786600454
2014-03-26,1.7635603224
2014-03-27,1.4739723612
2014-03-28,1.5235313582
2014-03-29,1.4960328323
2014-03-30,1.4044350346
2014-03-31,1.3963910099
2014-04-01,1.4693734465
2014-04-02,1.3489724388
2014-04-03,1.3810948315
2014-04-04,1.3828023784
2014-04-05,1.4243487539
2014-04-06,1.4148144729
2014-04-07,1.3847368643
2014-04-08,1.3982996361
2014-04-09,1.3672223306
2014-04-10,1.1384759739
2014-04-11,1.3123092552
2014-04-12,1.319653815
2014-04-13,1.2952132294
2014-04-14,1.4334989897
2014-04-15,1.6195979864
2014-04-16,1.6424860018
2014-04-17,1.5435243843
2014-04-18,1.4925605451
2014-04-19,1.5579409194
2014-04-20,1.5498111877
2014-04-21,1.53892483
2014-04-22,1.5130802941
2014-04-23,1.5139341116
2014-04-24,1.552157346
2014-04-25,1.4397682088
2014-04-26,1.4177307378
2014-04-27,1.354858158
2014-04-28,1.3649427385
2014-04-29,1.3847242479
2014-04-30,1.3884105966
2014-05-01,1.423204984
2014-05-02,1.398557314
2014-05-03,1.357980601
2014-05-04,1.3510979919
2014-05-05,1.3385280095
2014-05-06,1.3326259672
2014-05-07,1.3700613823
2014-05-08,1.3644755382
2014-05-09,1.4023222017
2014-05-10,1.4147038343
2014-05-11,1.360217367
2014-05-12,1.3671861246
2014-05-13,1.3606440503
2014-05-14,1.3792446739
2014-05-15,1.385832385
2014-05-16,1.3917663109
2014-05-17,1.3932430477
2014-05-18,1.3859091439
2014-05-19,1.3875800057
2014-05-20,1.5189732724
2014-05-21,1.5290907701
2014-05-22,1.6282438036
2014-05-23,1.6173462824
2014-05-24,1.628847006
2014-05-25,1.7634699728
2014-05-26,1.7964923318
2014-05-27,1.7481433928
2014-05-28,1.7622447098
2014-05-29,1.7343906128
2014-05-30,1.8755281864
2014-05-31,1.8933521463
2014-06-01,1.8970393583
2014-06-02,1.9905397314
2014-06-03,2.0125603963
2014-06-04,1.9252482675
2014-06-05,1.9753396486
2014-06-06,1.9405994842
2014-06-07,1.9587826589
2014-06-08,1.9596861072
2014-06-09,1.9276749255
2014-06-10,1.9317742419
2014-06-11,1.872302767
2014-06-12,1.7308252835
2014-06-13,1.7440018182
2014-06-14,1.6814997949
2014-06-15,1.7222228172
2014-06-16,1.7234264877
2014-06-17,1.7764301315
2014-06-18,1.7710272372
2014-06-19,1.7360331805
2014-06-20,1.7231240857
2014-06-21,1.7261024538
2014-06-22,1.7451212099
2014-06-23,1.7144885702
2014-06-24,1.6853286112
2014-06-25,1.6340114824
2014-06-26,1.6855919674
2014-06-27,1.7418641972
2014-06-28,1.723112434
2014-06-29,1.7381169213
2014-06-30,1.8442984123
2014-07-01,1.8526399286
2014-07-02,1.8705007223
2014-07-03,1.8533145437
2014-07-04,1.8071501351
2014-07-05,1.8056203407
2014-07-06,1.8166735681
2014-07-07,1.7817803134
2014-07-08,1.786948593
2014-07-09,1.7750769412
2014-07-10,1.7585189659
2014-07-11,1.8085790644
2014-07-12,1.8144698814
2014-07-13,1.7935876044
2014-07-14,1.7627578418
2014-07-15,1.7695427387
2014-07-16,1.753074568
2014-07-17,1.7743453615
2014-07-18,1.7915500198
2014-07-19,1.7868237989
2014-07-20,1.7748074453
2014-07-21,1.7614888971
2014-07-22,1.7566023545
2014-07-23,1.7544006826
2014-07-24,1.7060708646
2014-07-25,1.7019097196
2014-07-26,1.6822585255
2014-07-27,1.6728694118
2014-07-28,1.661046745
2014-07-29,1.6517302741
2014-07-30,1.5921355304
2014-07-31,1.6449219702
2014-08-01,1.6861179625
2014-08-02,1.6662423001
2014-08-03,1.6576640049
2014-08-04,1.6581868866
2014-08-05,1.6322786996
2014-08-06,1.6326186551
2014-08-07,1.6423629729
2014-08-08,1.6501394179
2014-08-09,1.649042027
2014-08-10,1.6494138161
2014-08-11,1.6046973475
2014-08-12,1.5900404947
2014-08-13,1.5344968069
2014-08-14,1.4160525321
2014-08-15,1.4033120088
2014-08-16,1.4629376908
2014-08-17,1.3956966126
2014-08-18,1.317971037
2014-08-19,1.3683110957
2014-08-20,1.4471569523
2014-08-21,1.459375447
2014-08-22,1.450289977
2014-08-23,1.3963932271
2014-08-24,1.4280164811
2014-08-25,1.4090731425
2014-08-26,1.4372412617
2014-08-27,1.4326141708
2014-08-28,1.4284761593
2014-08-29,1.4363498161
2014-08-30,1.4149757934
2014-08-31,1.3508940374
2014-09-01,1.3395076694
2014-09-02,1.3402659488
2014-09-03,1.3391577669
2014-09-04,1.3827132875
2014-09-05,1.3521147874
2014-09-06,1.3566602418
2014-09-07,1.3502586659
2014-09-08,1.3241987389
2014-09-09,1.3378612273
2014-09-10,1.3501359818
2014-09-11,1.3487611445
2014-09-12,1.3403826489
2014-09-13,1.3515129376
2014-09-14,1.3448597215
2014-09-15,1.3367539964
2014-09-16,1.3131989494
2014-09-17,1.2912054207
2014-09-18,1.2101544997
2014-09-19,1.1195329537
2014-09-20,1.1706765544
2014-09-21,1.1410292526
2014-09-22,1.1431872947
2014-09-23,1.2503255125
2014-09-24,1.2088428814
2014-09-25,1.1691408529
2014-09-26,1.1586834432
2014-09-27,1.1458599417
2014-09-28,1.0749482355
2014-09-29,1.0706036659
2014-09-30,1.1178640743
2014-10-01,1.1007328289
2014-10-02,1.0717826555
2014-10-03,1.0308211409
2014-10-04,0.9495779692
2014-10-05,0.9329508856
2014-10-06,0.9518661627
2014-10-07,0.9727000098
2014-10-08,1.0333710736
2014-10-09,1.0557116651
2014-10-10,1.0482928746
2014-10-11,1.0572576119
2014-10-12,1.1048443776
2014-10-13,1.1443026594
2014-10-14,1.169994711
2014-10-15,1.1542396901
2014-10-16,1.1183687589
2014-10-17,1.1191936247
2014-10-18,1.1455856353
2014-10-19,1.1379496243
2014-10-20,1.1164133452
2014-10-21,1.1283788969
2014-10-22,1.1163502254
2014-10-23,1.0488111363
2014-10-24,1.0507260923
2014-10-25,1.0172658113
2014-10-26,1.0389619988
2014-10-27,1.0309677884
2014-10-28,1.044873947
2014-10-29,0.9842775406
2014-10-30,1.017485584
2014-10-31,0.9974999369
2014-11-01,0.9603804114
2014-11-02,0.960486684
2014-11-03,0.964761844
2014-11-04,0.9785728635
2014-11-05,1.0060602692
2014-11-06,1.0381761141
2014-11-07,1.0149817311
2014-11-08,1.025571451
2014-11-09,1.0793337028
2014-11-10,1.084974357
2014-11-11,1.0921688198
2014-11-12,1.2530985386
2014-11-13,1.2470402713
2014-11-14,1.1781412348
2014-11-15,1.118292209
2014-11-16,1.1542669851
2014-11-17,1.1472274036
2014-11-18,1.107575007
2014-11-19,1.1196271541
2014-11-20,1.0577573078
2014-11-21,1.0423722767
2014-11-22,1.0476612159
2014-11-23,1.0931768972
2014-11-24,1.1203981947
2014-11-25,1.1199904859
2014-11-26,1.0931932544
2014-11-27,1.0993024639
2014-11-28,1.1420929619
2014-11-29,1.1368067028
2014-11-30,1.1445793287
2014-12-01,1.146096224
2014-12-02,1.1589075158
2014-12-03,1.1378275963
2014-12-04,1.1198676081
2014-12-05,1.1488581603
2014-12-06,1.1390142489
2014-12-07,1.1437171909
2014-12-08,1.111752586
2014-12-09,1.0747486867
2014-12-10,1.0656037366
2014-12-11,1.0683392678
2014-12-12,1.0830718525
2014-12-13,1.0712576588
2014-12-14,1.0922398466
2014-12-15,1.0655367874
2014-12-16,1.0096070821
2014-12-17,0.9850550051
2014-12-18,0.965287459
2014-12-19,0.9807172277
2014-12-20,1.0176620571
2014-12-21,0.993581005
2014-12-22,1.0274901241
2014-12-23,1.0411234558
2014-12-24,1.0061785558
2014-12-25,0.99397335
2014-12-26,1.025959158
2014-12-27,0.9851122086
2014-12-28,0.9885274039
2014-12-29,0.9775048425
2014-12-30,0.9718132355
2014-12-31,1.0051791941
2015-01-01,0.9869070093
2015-01-02,0.990809236
2015-01-03,0.8980473918
2015-01-04,0.8295865727
2015-01-05,0.8680996086
2015-01-06,0.9077766888
2015-01-07,0.9396406995
2015-01-08,0.9012519557
2015-01-09,0.9277535994
2015-01-10,0.8770929211
2015-01-11,0.8538663312
2015-01-12,0.8546379992
2015-01-13,0.7159727649
2015-01-14,0.5649585239
2015-01-15,0.6835916234
2015-01-16,0.6693364139
2015-01-17,0.6448753705
2015-01-18,0.6817248913
2015-01-19,0.7007361596
2015-01-20,0.6852769171
2015-01-21,0.7412216766
2015-01-22,0.760107104
2015-01-23,0.7589388284
2015-01-24,0.8109808719
2015-01-25,0.8288429002
2015-01-26,0.8943842136
2015-01-27,0.8648420559
2015-01-28,0.7710413026
2015-01-29,0.7660154695
2015-01-30,0.7504324202
2015-01-31,0.7139412797
2015-02-01,0.7463001221
2015-02-02,0.7892807236
2015-02-03,0.7492100935
2015-02-04,0.7467452071
2015-02-05,0.715555874
2015-02-06,0.7346408532
2015-02-07,0.7544742012
2015-02-08,0.7396070605
2015-02-09,0.7296094911
2015-02-10,0.7304098996
2015-02-11,0.7266066887
2015-02-12,0.7371314479
2015-02-13,0.7834748045
2015-02-14,0.8531775632
2015-02-15,0.776814937
2015-02-16,0.7793668867
2015-02-17,0.808693286
2015-02-18,0.782769864
2015-02-19,0.8035144604
2015-02-20,0.8145254141
2015-02-21,0.8149748083
2015-02-22,0.7858217593
2015-02-23,0.7943220704
2015-02-24,0.7978431053
2015-02-25,0.793406861
2015-02-26,0.7897684932
2015-02-27,0.8497174166
2015-02-28,0.8495162895
2015-03-01,0.8680153357
2015-03-02,0.919844413
2015-03-03,0.9399823004
2015-03-04,0.9091568618
2015-03-05,0.919221292
2015-03-06,0.9092808918
2015-03-07,0.9203337082
2015-03-08,0.9180666646
2015-03-09,0.9684447138
2015-03-10,0.9738520046
2015-03-11,0.9877642794
2015-03-12,0.9843624839
2015-03-13,0.95288074
2015-03-14,0.9452949762
2015-03-15,0.9579096099
2015-03-16,0.9721031605
2015-03-17,0.9516894456
2015-03-18,0.8597037199
2015-03-19,0.8762710819
2015-03-20,0.8795530431
2015-03-21,0.8737980893
2015-03-22,0.8997442825
2015-03-23,0.8929710847
2015-03-24,0.8270973725
2015-03-25,0.8273702116
2015-03-26,0.8373636317
2015-03-27,0.8305728744
2015-03-28,0.8503349929
2015-03-29,0.8161740483
2015-03-30,0.8346413805
2015-03-31,0.8228389446
2015-04-01,0.8331311259
2015-04-02,0.8547090811
2015-04-03,0.8591384807
2015-04-04,0.8561876616
2015-04-05,0.8803474504
2015-04-06,0.8645202252
2015-04-07,0.8595979044
2015-04-08,0.8296245704
2015-04-09,0.8237810796
2015-04-10,0.7988489776
2015-04-11,0.8042710704
2015-04-12,0.8037609682
2015-04-13,0.7654335693
2015-04-14,0.7466476647
2015-04-15,0.7610498313
2015-04-16,0.7789673255
2015-04-17,0.7600174802
2015-04-18,0.7622918284
2015-04-19,0.7620796041
2015-04-20,0.7680624276
2015-04-21,0.8027393351
2015-04-22,0.7991815283
2015-04-23,0.8064099
2015-04-24,0.7915204238
2015-04-25,0.7746332827
2015-04-26,0.7547347467
2015-04-27,0.7784966531
2015-04-28,0.772683466
2015-04-29,0.7734152612
2015-04-30,0.8099139167
2015-05-01,0.7978793413
2015-05-02,0.8075657766
2015-05-03,0.8243733923
2015-05-04,0.8194060055
2015-05-05,0.8096440058
2015-05-06,0.7875294032
2015-05-07,0.8139365729
2015-05-08,0.8387831055
2015-05-09,0.8330814963
2015-05-10,0.8264470793
2015-05-11,0.832437502
2015-05-12,0.8326029744
2015-05-13,0.8134559706
2015-05-14,0.8151399282
2015-05-15,0.8171559346
2015-05-16,0.8115745331
2015-05-17,0.8156446651
2015-05-18,0.8019761502
2015-05-19,0.7991435796
2015-05-20,0.8069039971
2015-05-21,0.8117508285
2015-05-22,0.8282468647
2015-05-23,0.8238243763
2015-05-24,0.8299194393
2015-05-25,0.8175965198
2015-05-26,0.817112091
2015-05-27,0.8188925451
2015-05-28,0.8185851886
2015-05-29,0.8176648057
2015-05-30,0.8067264637
2015-05-31,0.7955664034
2015-06-01,0.7752199698
2015-06-02,0.7826290224
2015-06-03,0.7827313103
2015-06-04,0.7773499838
2015-06-05,0.7817068499
2015-06-06,0.7833461696
2015-06-07,0.7778337969
2015-06-08,0.7965817587
2015-06-09,0.7987628151
2015-06-10,0.7964511565
2015-06-11,0.8003205964
2015-06-12,0.8012425561
2015-06-13,0.8128531735
2015-06-14,0.8113139861
2015-06-15,0.8263094965
2015-06-16,0.8767001479
2015-06-17,0.8647674424
2015-06-18,0.8683811106
2015-06-19,0.8542097472
2015-06-20,0.8568970914
2015-06-21,0.852377635
2015-06-22,0.8618791685
2015-06-23,0.8522146847
2015-06-24,0.8396249055
2015-06-25,0.8465278451
2015-06-26,0.8488446182
2015-06-27,0.8785708055
2015-06-28,0.8699492631
2015-06-29,0.8962298345
2015-06-30,0.9207667989
2015-07-01,0.9005512216
2015-07-02,0.8894110632
2015-07-03,0.8954238134
2015-07-04,0.9108080139
2015-07-05,0.948539215
2015-07-06,0.940821467
2015-07-07,0.931186552
2015-07-08,0.9453535003
2015-07-09,0.9430117953
2015-07-10,0.9977095079
2015-07-11,1.0264592324
2015-07-12,1.0861907659
2015-07-13,1.0207345585
2015-07-14,1.0036333359
2015-07-15,0.9973274066
2015-07-16,0.9718199326
2015-07-17,0.9771504336
2015-07-18,0.9679295897
2015-07-19,0.9608592967
2015-07-20,0.975007799
2015-07-21,0.9666800048
2015-07-22,0.9706046715
2015-07-23,0.967350387
2015-07-24,1.0105625079
2015-07-25,1.0109281114
2015-07-26,1.0239628993
2015-07-27,1.0276653173
2015-07-28,1.030922938
2015-07-29,1.0118503218
2015-07-30,1.0064738362
2015-07-31,0.9937231526
2015-08-01,0.9836049298
2015-08-02,0.9862352387
2015-08-03,0.985488188
2015-08-04,0.996709571
2015-08-05,0.9864970007
2015-08-06,0.9749705683
2015-08-07,0.9768163608
2015-08-08,0.914359616
2015-08-09,0.9358929563
2015-08-10,0.9313149139
2015-08-11,0.9541129214
2015-08-12,0.9427950953
2015-08-13,0.9309779874
2015-08-14,0.9370279208
2015-08-15,0.9219511489
2015-08-16,0.9121665943
2015-08-17,0.909330603
2015-08-18,0.7701275732
2015-08-19,0.8040714918
2015-08-20,0.8341355398
2015-08-21,0.8252720913
2015-08-22,0.8181028522
2015-08-23,0.8111988481
2015-08-24,0.7539966413
2015-08-25,0.7960966129
2015-08-26,0.8097171247
2015-08-27,0.805773476
2015-08-28,0.8316162274
2015-08-29,0.8235982937
2015-08-30,0.8208736918
2015-08-31,0.8270128821
2015-09-01,0.8175454194
2015-09-02,0.8234306611
2015-09-03,0.8155052928
2015-09-04,0.830278986
2015-09-05,0.8472657947
2015-09-06,0.8648747997
2015-09-07,0.864245776
2015-09-08,0.8768573773
2015-09-09,0.857482546
2015-09-10,0.8582681299
2015-09-11,0.865872881
2015-09-12,0.8499379113
2015-09-13,0.8294034566
2015-09-14,0.8311980668
2015-09-15,0.8294852296
2015-09-16,0.8248475419
2015-09-17,0.8398865733
2015-09-18,0.8399034808
2015-09-19,0.83672254
2015-09-20,0.8337518154
2015-09-21,0.8173182605
2015-09-22,0.831360087
2015-09-23,0.830388656
2015-09-24,0.8454779702
2015-09-25,0.8499944612
2015-09-26,0.8466899298
2015-09-27,0.8419644374
2015-09-28,0.8666101228
2015-09-29,0.8570302278
2015-09-30,0.8550062526
2015-10-01,0.8606725671
2015-10-02,0.859649313
2015-10-03,0.866109708
2015-10-04,0.8654148432
2015-10-05,0.8706237412
2015-10-06,0.8920533749
2015-10-07,0.8811297978
2015-10-08,0.8789750678
2015-10-09,0.8840988206
2015-10-10,0.8898297898
2015-10-11,0.8991753875
2015-10-12,0.891279649
2015-10-13,0.9069096262
2015-10-14,0.9172436723
2015-10-15,0.9227806368
2015-10-16,0.9513864306
2015-10-17,0.9840736248
2015-10-18,0.9535493286
2015-10-19,0.9566822062
2015-10-20,0.9792859392
2015-10-21,0.9691521473
2015-10-22,0.9954518696
2015-10-23,1.0064237845
2015-10-24,1.0239083183
2015-10-25,1.0320982694
2015-10-26,1.0340267377
2015-10-27,1.0646606129
2015-10-28,1.0948968147
2015-10-29,1.1299461281
2015-10-30,1.1749562287
2015-10-31,1.1227242198
2015-11-01,1.1766165406
2015-11-02,1.2947263535
2015-11-03,1.4134243945
2015-11-04,1.4195407863
2015-11-05,1.3418999953
2015-11-06,1.3019571084
2015-11-07,1.3457405373
2015-11-08,1.2968331818
2015-11-09,1.3225106081
2015-11-10,1.1786796152
2015-11-11,1.0811442581
2015-11-12,1.1799946342
2015-11-13,1.1783611332
2015-11-14,1.1635379156
2015-11-15,1.1185808105
2015-11-16,1.1576554345
2015-11-17,1.1722265446
2015-11-18,1.171495191
2015-11-19,1.138761851
2015-11-20,1.1240642162
2015-11-21,1.1377855162
2015-11-22,1.129891191
2015-11-23,1.1275583836
2015-11-24,1.1170631839
2015-11-25,1.1481610117
2015-11-26,1.2411667663
2015-11-27,1.2463852703
2015-11-28,1.2365846513
2015-11-29,1.2877232115
2015-11-30,1.3048066371
2015-12-01,1.2535970277
2015-12-02,1.2419099809
2015-12-03,1.2484661672
2015-12-04,1.2548437816
2015-12-05,1.342481367
2015-12-06,1.3535988087
2015-12-07,1.3583713074
2015-12-08,1.4182667309
2015-12-09,1.425772152
2015-12-10,1.4175659611
2015-12-11,1.5410898547
2015-12-12,1.4784340442
2015-12-13,1.4722692573
2015-12-14,1.4967739928
2015-12-15,1.5646340289
2015-12-16,1.5281927103
2015-12-17,1.5330132575
2015-12-18,1.5538163685
2015-12-19,1.5448454259
2015-12-20,1.4803141716
2015-12-21,1.464916249
2015-12-22,1.456129264
2015-12-23,1.4790626047
2015-12-24,1.5204223149
2015-12-25,1.5191474872
2015-12-26,1.3957400011
2015-12-27,1.410589237
2015-12-28,1.4052023749
2015-12-29,1.4387749221
2015-12-30,1.4208897486
2015-12-31,1.4316443951
2016-01-01,1.4475341496
2016-01-02,1.446319399
2016-01-03,1.4312378771
2016-01-04,1.4414262607
2016-01-05,1.4380527503
2016-01-06,1.4308338098
2016-01-07,1.5195038264
2016-01-08,1.5010531595
2016-01-09,1.4865064235
2016-01-10,1.4796460949
2016-01-11,1.4790984557
2016-01-12,1.4543427544
2016-01-13,1.4236318071
2016-01-14,1.4154979862
2016-01-15,1.2155027572
2016-01-16,1.281963082
2016-01-17,1.2637173267
2016-01-18,1.2721341398
2016-01-19,1.2504273616
2016-01-20,1.3875707468
2016-01-21,1.3502398276
2016-01-22,1.2637294362
2016-01-23,1.2814901282
2016-01-24,1.3367712888
2016-01-25,1.2982229174
2016-01-26,1.2952154259
2016-01-27,1.3063556195
2016-01-28,1.2559512655
2016-01-29,1.2577499143
2016-01-30,1.2514482386
2016-01-31,1.2158281438
2016-02-01,1.2347139687
2016-02-02,1.2407565537
2016-02-03,1.2254215736
2016-02-04,1.2956745043
2016-02-05,1.2782523579
2016-02-06,1.2464016198
2016-02-07,1.2480450903
2016-02-08,1.2342132567
2016-02-09,1.2435286018
2016-02-10,1.2615341137
2016-02-11,1.2564775555
2016-02-12,1.2714723273
2016-02-13,1.2951246122
2016-02-14,1.3484380734
2016-02-15,1.3253283116
2016-02-16,1.3489247717
2016-02-17,1.3735579848
2016-02-18,1.3919695423
2016-02-19,1.384938364
2016-02-20,1.4501904486
2016-02-21,1.4443971227
2016-02-22,1.4393770506
2016-02-23,1.3822893357
2016-02-24,1.3944181666
2016-02-25,1.3940556769
2016-02-26,1.4180678072
2016-02-27,1.4212918687
2016-02-28,1.4205513423
2016-02-29,1.4331915711
2016-03-01,1.4142460785
2016-03-02,1.3823889633
2016-03-03,1.369373853
2016-03-04,1.3332246335
2016-03-05,1.2981714362
2016-03-06,1.3186352597
2016-03-07,1.3484700505
2016-03-08,1.3423777652
2016-03-09,1.3459905133
2016-03-10,1.357594929
2016-03-11,1.3672454976
2016-03-12,1.3371461459
2016-03-13,1.3418411846
2016-03-14,1.3520354367
2016-03-15,1.3522667803
2016-03-16,1.3570693433
2016-03-17,1.361506957
2016-03-18,1.3300040685
2016-03-19,1.3308155971
2016-03-20,1.3401949774
2016-03-21,1.3379380432
2016-03-22,1.3530626833
2016-03-23,1.3552212678
2016-03-24,1.3425345233
2016-03-25,1.3505215111
2016-03-26,1.3512983974
2016-03-27,1.3780846483
2016-03-28,1.3689586305
2016-03-29,1.3459896605
2016-03-30,1.3357897259
2016-03-31,1.345422775
2016-04-01,1.3494452833
2016-04-02,1.357210132
2016-04-03,1.357781057
2016-04-04,1.3557114912
2016-04-05,1.3645461489
2016-04-06,1.3613420134
2016-04-07,1.3568772651
2016-04-08,1.3477723309
2016-04-09,1.3479340952
2016-04-10,1.3564219951
2016-04-11,1.3601039738
2016-04-12,1.3721789915
2016-04-13,1.3637122058
2016-04-14,1.3664634951
2016-04-15,1.3813042964
2016-04-16,1.3854867101
2016-04-17,1.3761146232
2016-04-18,1.3768262588
2016-04-19,1.4010602419
2016-04-20,1.4161495696
2016-04-21,1.4447653245
2016-04-22,1.4307363766
2016-04-23,1.4483214056
2016-04-24,1.4769447701
2016-04-25,1.480191068
2016-04-26,1.4913624424
2016-04-27,1.4165022282
2016-04-28,1.4322147384
2016-04-29,1.4499347666
2016-04-30,1.427255771
2016-05-01,1.4425380013
2016-05-02,1.4106229612
2016-05-03,1.4312003679
2016-05-04,1.4203921603
2016-05-05,1.4229565515
2016-05-06,1.4598521785
2016-05-07,1.4582231458
2016-05-08,1.4575742082
2016-05-09,1.4632706849
2016-05-10,1.4241071328
2016-05-11,1.4320664528
2016-05-12,1.4366730079
2016-05-13,1.4412352699
2016-05-14,1.4429855092
2016-05-15,1.4510218618
2016-05-16,1.4333179864
2016-05-17,1.426542903
2016-05-18,1.4288518495
2016-05-19,1.3765940747
2016-05-20,1.3901474741
2016-05-21,1.3950468149
2016-05-22,1.3838129364
2016-05-23,1.394446458
2016-05-24,1.3986268402
2016-05-25,1.4126780648
2016-05-26,1.4238212395
2016-05-27,1.4724919975
2016-05-28,1.6481513117
2016-05-29,1.6329136207
2016-05-30,1.6458342784
2016-05-31,1.6342672319
2016-06-01,1.6511238182
2016-06-02,1.6498331012
2016-06-03,1.7407635026
2016-06-04,1.7499101245
2016-06-05,1.7495112804
2016-06-06,1.7765461935
2016-06-07,1.7514611521
2016-06-08,1.7617599026
2016-06-09,1.7412873216
2016-06-10,1.7464056397
2016-06-11,1.819171726
2016-06-12,1.9980965523
2016-06-13,2.0745286279
2016-06-14,2.0112953272
2016-06-15,2.0293434271
2016-06-16,2.2105072052
2016-06-17,2.1507628031
2016-06-18,2.1670915165
2016-06-19,2.1853139144
2016-06-20,2.0569948935
2016-06-21,1.9051382163
2016-06-22,1.7002467598
2016-06-23,1.791200246
2016-06-24,1.8904698022
2016-06-25,1.9009777542
2016-06-26,1.7934328161
2016-06-27,1.8522418068
2016-06-28,1.8368031006
2016-06-29,1.8123519818
2016-06-30,1.906987767
2016-07-01,1.912408054
2016-07-02,1.9792253758
2016-07-03,1.8660157397
2016-07-04,1.9115588788
2016-07-05,1.8763563074
2016-07-06,1.9003080758
2016-07-07,1.7959584274
2016-07-08,1.8628350819
2016-07-09,1.8240455014
2016-07-10,1.8163832192
2016-07-11,1.8149383289
2016-07-12,1.8668015782
2016-07-13,1.8335684102
2016-07-14,1.8395578519
2016-07-15,1.8542006384
2016-07-16,1.8489715296
2016-07-17,1.8889755695
2016-07-18,1.8713333211
2016-07-19,1.8670439243
2016-07-20,1.8464368756
2016-07-21,1.8440561061
2016-07-22,1.7992781357
2016-07-23,1.8176943861
2016-07-24,1.825270741
2016-07-25,1.8067913084
2016-07-26,1.8044764966
2016-07-27,1.8071601178
2016-07-28,1.8057649701
2016-07-29,1.8083493497
2016-07-30,1.8010596007
2016-07-31,1.718710274
2016-08-01,1.6705060675
2016-08-02,1.4609393913
2016-08-03,1.5800279645
2016-08-04,1.6162117475
2016-08-05,1.6097802001
2016-08-06,1.6358307204
2016-08-07,1.6463939341
2016-08-08,1.6376539984
2016-08-09,1.6278370494
2016-08-10,1.633738168
2016-08-11,1.6326783254
2016-08-12,1.6259142639
2016-08-13,1.6206496962
2016-08-14,1.5821673686
2016-08-15,1.5697308488
2016-08-16,1.6012057615
2016-08-17,1.5882751221
2016-08-18,1.5870276593
2016-08-19,1.5887423792
2016-08-20,1.6073597575
2016-08-21,1.6041641379
2016-08-22,1.6152131574
2016-08-23,1.6086443337
2016-08-24,1.5980824188
2016-08-25,1.590335547
2016-08-26,1.5975966968
2016-08-27,1.5738959918
2016-08-28,1.5870945449
2016-08-29,1.5830075556
2016-08-30,1.5876461376
2016-08-31,1.5770782347
2016-09-01,1.5768940839
2016-09-02,1.5892008432
2016-09-03,1.6523739781
2016-09-04,1.6788944307
2016-09-05,1.6696758695
2016-09-06,1.6830100895
2016-09-07,1.6890783497
2016-09-08,1.7275068806
2016-09-09,1.7056101929
2016-09-10,1.7096176836
2016-09-11,1.6641005473
2016-09-12,1.6623807239
2016-09-13,1.6632205408
2016-09-14,1.6644065113
2016-09-15,1.6575489341
2016-09-16,1.6584024658
2016-09-17,1.6568019846
2016-09-18,1.6674231983
2016-09-19,1.6597079527
2016-09-20,1.6558770724
2016-09-21,1.6250016587
2016-09-22,1.6212717471
2016-09-23,1.6392174973
2016-09-24,1.6402330922
2016-09-25,1.6332787285
2016-09-26,1.6490232106
2016-09-27,1.6437581101
2016-09-28,1.6420696985
2016-09-29,1.6430920053
2016-09-30,1.6526678342
2016-10-01,1.6696690834
2016-10-02,1.6594212359
2016-10-03,1.6600185175
2016-10-04,1.6515149368
2016-10-05,1.6565032653
2016-10-06,1.6547753695
2016-10-07,1.6705241683
2016-10-08,1.6737411084
2016-10-09,1.6673474754
2016-10-10,1.6693722412
2016-10-11,1.7329356305
2016-10-12,1.7126555673
2016-10-13,1.7086426047
2016-10-14,1.7187310717
2016-10-15,1.7119605684
2016-10-16,1.726051072
2016-10-17,1.7128667
2016-10-18,1.7013835579
2016-10-19,1.684869274
2016-10-20,1.6814875851
2016-10-21,1.6856088127
2016-10-22,1.7468189481
2016-10-23,1.7389835693
2016-10-24,1.7323717143
2016-10-25,1.7455422764
2016-10-26,1.7929661057
2016-10-27,1.8186329363
2016-10-28,1.8266938623
2016-10-29,1.8890112407
2016-10-30,1.8456855209
2016-10-31,1.8413147994
2016-11-01,1.9197873605
2016-11-02,1.9420996717
2016-11-03,1.8100963839
2016-11-04,1.8484859168
2016-11-05,1.8510731805
2016-11-06,1.8731671097
2016-11-07,1.8464784504
2016-11-08,1.8577797833
2016-11-09,1.8795911274
2016-11-10,1.8567432359
2016-11-11,1.8608973437
2016-11-12,1.8295235838
2016-11-13,1.8282544593
2016-11-14,1.8316275167
2016-11-15,1.8466317028
2016-11-16,1.917198332
2016-11-17,1.8964794784
2016-11-18,1.9295227389
2016-11-19,1.9317881175
2016-11-20,1.8778527078
2016-11-21,1.8912971093
2016-11-22,1.917305464
2016-11-23,1.8979473497
2016-11-24,1.879127433
2016-11-25,1.8837158203
2016-11-26,1.869462427
2016-11-27,1.8507784929
2016-11-28,1.8548912812
2016-11-29,1.857510489
2016-11-30,1.8817728145
2016-12-01,1.9073832535
2016-12-02,1.9492748276
2016-12-03,1.9308604351
2016-12-04,1.9301452469
2016-12-05,1.8939169907
2016-12-06,1.9083886522
2016-12-07,1.9206877163
2016-12-08,1.924002715
2016-12-09,1.9327499108
2016-12-10,1.9384333669
2016-12-11,1.9246485947
2016-12-12,1.9419888654
2016-12-13,1.9404043397
2016-12-14,1.9330908331
2016-12-15,1.9285480521
2016-12-16,1.9406756055
2016-12-17,1.9562995914
2016-12-18,1.9559965983
2016-12-19,1.953365501
2016-12-20,1.9730848736
2016-12-21,2.0341450102
2016-12-22,2.0979649227
2016-12-23,2.2206643838
2016-12-24,2.1576615574
2016-12-25,2.1652855244
2016-12-26,2.1774780878
2016-12-27,2.2240993729
2016-12-28,2.3374477331
2016-12-29,2.3116150413
2016-12-30,2.2743681646
2016-12-31,2.2887328511
2017-01-01,2.3480034062
2017-01-02,2.382575998
2017-01-03,2.4057920647
2017-01-04,2.6133976739
2017-01-05,2.2952585534
2017-01-06,2.0491870997
2017-01-07,2.0732622492
2017-01-08,2.091366631
2017-01-09,2.0679754006
2017-01-10,2.0725797453
2017-01-11,1.8106553682
2017-01-12,1.8542599636
2017-01-13,1.8980528724
2017-01-14,1.882821341
2017-01-15,1.8924044082
2017-01-16,1.9059812359
2017-01-17,2.0712722741
2017-01-18,2.0131738321
2017-01-19,2.0580389756
2017-01-20,2.0401105567
2017-01-21,2.1030750211
2017-01-22,2.0950000483
2017-01-23,2.0843522965
2017-01-24,2.0109691401
2017-01-25,2.0256233875
2017-01-26,2.0690767805
2017-01-27,2.0752571491
2017-01-28,2.0789599176
2017-01-29,2.0569520388
2017-01-30,2.0654803433
2017-01-31,2.1675368578
2017-02-01,2.2042341862
2017-02-02,2.2426664779
2017-02-03,2.2509768813
2017-02-04,2.2867877119
2017-02-05,2.2409864377
2017-02-06,2.2548308834
2017-02-07,2.3139362992
2017-02-08,2.3055734218
2017-02-09,2.1526720579
2017-02-10,2.1768879334
2017-02-11,2.2071870255
2017-02-12,2.193410471
2017-02-13,2.1752857869
2017-02-14,2.1979721794
2017-02-15,2.1996279086
2017-02-16,2.244584826
2017-02-17,2.2827795173
2017-02-18,2.2829620116
2017-02-19,2.2756890013
2017-02-20,2.3346708036
2017-02-21,2.4101886081
2017-02-22,2.4007549026
2017-02-23,2.5120060941
2017-02-24,2.4851341341
2017-02-25,2.4097735325
2017-02-26,2.4685181867
2017-02-27,2.4862721473
2017-02-28,2.4685131374
2017-03-01,2.5392790019
2017-03-02,2.5954371781
2017-03-03,2.6317534578
2017-03-04,2.5832194576
2017-03-05,2.5915450272
2017-03-06,2.5920219487
2017-03-07,2.4905323554
2017-03-08,2.3228937304
2017-03-09,2.4016276133
2017-03-10,2.2124445808
2017-03-11,2.3637342348
2017-03-12,2.4678340746
2017-03-13,2.4751575089
2017-03-14,2.4825690027
2017-03-15,2.4953507232
2017-03-16,2.331392655
2017-03-17,2.125402401
2017-03-18,1.912142254
2017-03-19,2.023650379
2017-03-20,2.0554783396
2017-03-21,2.1931211703
2017-03-22,2.0446487866
2017-03-23,2.0275573832
2017-03-24,1.8458164355
2017-03-25,1.9086569568
2017-03-26,1.8958075875
2017-03-27,2.0476252678
2017-03-28,2.0481511292
2017-03-29,2.0357040187
2017-03-30,2.0297231093
2017-03-31,2.1071054182
2017-04-01,2.1187315395
2017-04-02,2.1465920664
2017-04-03,2.2148531909
2017-04-04,2.2053636438
2017-04-05,2.189172058
2017-04-06,2.2940054658
2017-04-07,2.2804423803
2017-04-08,2.263551984
2017-04-09,2.3139244194
2017-04-10,2.3047088157
2017-04-11,2.3322748302
2017-04-12,2.3005191093
2017-04-13,2.2172297901
2017-04-14,2.2174341726
2017-04-15,2.2180939977
2017-04-16,2.2132346316
2017-04-17,2.2406446993
2017-04-18,2.2553111286
2017-04-19,2.2644474974
2017-04-20,2.3069323746
2017-04-21,2.3238445949
2017-04-22,2.3144999816
2017-04-23,2.3231240009
2017-04-24,2.330134113
2017-04-25,2.3652164338
2017-04-26,2.3888482159
2017-04-27,2.4688799365
2017-04-28,2.4610573428
2017-04-29,2.4722051272
2017-04-30,2.5096073773
2017-05-01,2.5902769599
2017-05-02,2.6222789002
2017-05-03,2.7051153856
2017-05-04,2.7155586074
2017-05-05,2.6791528549
2017-05-06,2.7411391864
2017-05-07,2.6531969285
2017-05-08,2.8946415732
2017-05-09,2.9244454204
2017-05-10,3.0071212718
2017-05-11,3.0595839649
2017-05-12,2.8291138662
2017-05-13,2.9378318561
2017-05-14,2.9530669727
2017-05-15,2.8473411057
2017-05-16,2.866516575
2017-05-17,2.9224004613
2017-05-18,3.0406476906
2017-05-19,3.1273839427
2017-05-20,3.2274849684
2017-05-21,3.1997539615
2017-05-22,3.2046514351
2017-05-23,3.4166939052
2017-05-24,3.5888671916
2017-05-25,3.3849966181
2017-05-26,3.2979834572
2017-05-27,2.9566214458
2017-05-28,3.19817954
2017-05-29,3.2609217715
2017-05-30,3.0794795953
2017-05-31,3.2305955393
2017-06-01,3.3364584893
2017-06-02,3.4144845598
2017-06-03,3.4788799315
2017-06-04,3.4224758972
2017-06-05,3.5965804616
2017-06-06,3.7903866299
2017-06-07,3.5518397875
2017-06-08,3.6392309232
2017-06-09,3.6097522628
2017-06-10,3.7031596992
2017-06-11,3.7417478491
2017-06-12,3.3187653858
2017-06-13,3.3290383287
2017-06-14,2.9969437913
2017-06-15,2.9483644823
2017-06-16,3.0095199455
2017-06-17,3.2079926185
2017-06-18,3.0118597994
2017-06-19,3.0851315515
2017-06-20,3.2258607292
2017-06-21,3.1026647834
2017-06-22,3.1375198162
2017-06-23,3.1233716459
2017-06-24,2.9740016309
2017-06-25,2.8964961981
2017-06-26,2.813078954
2017-06-27,2.9200729956
2017-06-28,2.9437464052
2017-06-29,2.905480278
2017-06-30,2.7924028645
2017-07-01,2.7435545554
2017-07-02,2.8543794437
2017-07-03,2.87711561
2017-07-04,2.9202162614
2017-07-05,2.913033632
2017-07-06,2.89917996
2017-07-07,2.768228582
2017-07-08,2.8248573097
2017-07-09,2.7699759473
2017-07-10,2.5687330623
2017-07-11,2.5654690663
2017-07-12,2.6235130313
2017-07-13,2.584583891
2017-07-14,2.4433274734
2017-07-15,2.2037279736
2017-07-16,2.1225491474
2017-07-17,2.4443412242
2017-07-18,2.5326778366
2017-07-19,2.4763211723
2017-07-20,3.053028401
2017-07-21,2.8708554836
2017-07-22,3.0271511932
2017-07-23,2.937149767
2017-07-24,2.9257506488
2017-07-25,2.6942342394
2017-07-26,2.6489645523
2017-07-27,2.7721347549
2017-07-28,2.8456246094
2017-07-29,2.7135540914
2017-07-30,2.7114384432
2017-07-31,2.7404389273
2017-08-01,2.5816190282
2017-08-02,2.5237423926
2017-08-03,2.5858362234
2017-08-04,2.5954336235
2017-08-05,2.8795558328
2017-08-06,2.821580334
2017-08-07,2.9018299216
2017-08-08,2.8785635263
2017-08-09,2.780180229
2017-08-10,2.8269452702
2017-08-11,2.9800829471
2017-08-12,3.1109352089
2017-08-13,3.2234619555
2017-08-14,3.3578005703
2017-08-15,3.2130861777
2017-08-16,3.322238217
2017-08-17,3.2343459431
2017-08-18,3.0610939384
2017-08-19,3.0626027202
2017-08-20,2.9816405749
2017-08-21,2.8986849388
2017-08-22,2.9320932821
2017-08-23,2.9554849768
2017-08-24,3.0616752609
2017-08-25,3.0609658466
2017-08-26,3.0389241207
2017-08-27,3.0219331203
2017-08-28,3.0241326813
2017-08-29,3.1336245722
2017-08-30,3.0985636219
2017-08-31,3.1610932556
2017-09-01,3.2389624936
2017-09-02,3.010218288
2017-09-03,3.0147357168
2017-09-04,2.8383236123
2017-09-05,2.8744071092
2017-09-06,2.9558423942
2017-09-07,2.9391672398
2017-09-08,2.7529629219
2017-09-09,2.7418975345
2017-09-10,2.6820145437
2017-09-11,2.6460494229
2017-09-12,2.6117228198
2017-09-13,2.4386675739
2017-09-14,2.0530461965
2017-09-15,2.3258090327
2017-09-16,2.3288485046
2017-09-17,2.3276478439
2017-09-18,2.5477190022
2017-09-19,2.4471230804
2017-09-20,2.4246536354
2017-09-21,2.2534786115
2017-09-22,2.2508378635
2017-09-23,2.3440720146
2017-09-24,2.2820785646
2017-09-25,2.404058908
2017-09-26,2.380386914
2017-09-27,2.5615628002
2017-09-28,2.5376793647
2017-09-29,2.5118863902
2017-09-30,2.6059601521
2017-10-01,2.6272827123
2017-10-02,2.6160292961
2017-10-03,2.5604491542
2017-10-04,2.5022278706
2017-10-05,2.5448522744
2017-10-06,2.5637187347
2017-10-07,2.5986806047
2017-10-08,2.6803148603
2017-10-09,2.7562768591
2017-10-10,2.7171621715
2017-10-11,2.7485207992
2017-10-12,3.0472330366
2017-10-13,3.1268893854
2017-10-14,3.1980972497
2017-10-15,3.1253221499
2017-10-16,3.1324157265
2017-10-17,3.0219102928
2017-10-18,3.003199358
2017-10-19,3.0409956465
2017-10-20,3.1733775205
2017-10-21,3.1707072186
2017-10-22,3.1231062711
2017-10-23,3.0139402294
2017-10-24,2.8077782089
2017-10-25,2.9012489026
2017-10-26,2.9696431835
2017-10-27,2.8946246269
2017-10-28,2.8828452369
2017-10-29,3.069557587
2017-10-30,3.022411566
2017-10-31,3.1507720848
2017-11-01,3.2544407719
2017-11-02,3.3519238911
2017-11-03,3.3886519317
2017-11-04,3.4613117171
2017-11-05,3.4052660722
2017-11-06,3.2097850164
2017-11-07,3.2414385055
2017-11-08,3.3622273758
2017-11-09,3.1835957307
2017-11-10,2.9435974818
2017-11-11,2.8041244502
2017-11-12,2.529811971
2017-11-13,2.7924378235
2017-11-14,2.8053790398
2017-11-15,3.0453401036
2017-11-16,3.2309530553
2017-11-17,3.1352162519
2017-11-18,3.1369296712
2017-11-19,3.1975759823
2017-11-20,3.2551462672
2017-11-21,3.1459937185
2017-11-22,3.1826412736
2017-11-23,3.0949969245
2017-11-24,3.1151555173
2017-11-25,3.2702842037
2017-11-26,3.423415578
2017-11-27,3.5077254523
2017-11-28,3.5125697298
2017-11-29,3.4016511345
2017-11-30,3.4246374119
2017-12-01,3.6429024028
2017-12-02,3.6345623819
2017-12-03,3.6905729826
2017-12-04,3.7453937385
2017-12-05,3.7438533438
2017-12-06,4.3190195341
2017-12-07,4.8721744281
2017-12-08,4.4958322926
2017-12-09,4.0983919696
2017-12-10,4.1418515804
2017-12-11,4.4029701766
2017-12-12,4.3757065867
2017-12-13,4.0636224523
2017-12-14,4.0243410646
2017-12-15,4.2061153166
2017-12-16,4.5699012822
2017-12-17,4.381852533
2017-12-18,4.2584120589
2017-12-19,3.9234619021
2017-12-20,3.598233482
2017-12-21,3.4018701794
2017-12-22,3.0991477212
2017-12-23,3.2152447847
2017-12-24,3.0155263352
2017-12-25,3.022179433
2017-12-26,3.3391164356
2017-12-27,3.2296943841
2017-12-28,2.9924202466
2017-12-29,3.0323564943
2017-12-30,2.680894225
2017-12-31,2.8686803656
2018-01-01,2.7729800587
2018-01-02,3.0093909412
2018-01-03,3.0450196765
2018-01-04,3.0290321519
2018-01-05,3.355256891
2018-01-06,3.3376484799
2018-01-07,3.1273733229
2018-01-08,2.8783557359
2018-01-09,2.7637879966
2018-01-10,2.8072030291
2018-01-11,2.522751253
2018-01-12,2.6276417236
2018-01-13,2.7035019724
2018-01-14,2.5948714549
2018-01-15,2.5763620725
2018-01-16,2.1772410729
2018-01-17,2.1278486136
2018-01-18,2.1479133748
2018-01-19,2.1841900952
2018-01-20,2.4314959167
2018-01-21,2.1806347613
2018-01-22,2.0538281073
2018-01-23,2.0769679829
2018-01-24,2.1490181965
2018-01-25,2.1309955635
2018-01-26,2.1080364973
2018-01-27,2.1604166865
2018-01-28,2.206327812
2018-01-29,2.1146066945
2018-01-30,1.8984069907
2018-01-31,1.9176523359
2018-02-01,1.732626376
2018-02-02,1.6940404849
2018-02-03,1.7626248595
2018-02-04,1.592411243
2018-02-05,1.3333261497
2018-02-06,1.5086699628
2018-02-07,1.4924009846
2018-02-08,1.6108087559
2018-02-09,1.6945390302
2018-02-10,1.6700124302
2018-02-11,1.5866405319
2018-02-12,1.7433086469
2018-02-13,1.6705131806
2018-02-14,1.8503345396
2018-02-15,1.967449969
2018-02-16,1.9802570084
2018-02-17,2.1492188832
2018-02-18,2.0247473446
2018-02-19,2.1504908576
2018-02-20,2.1631303833
2018-02-21,2.0108647019
2018-02-22,1.8757834519
2018-02-23,1.926453033
2018-02-24,1.8386817248
2018-02-25,1.8229578643
2018-02-26,1.9554014243
2018-02-27,2.0171041678
2018-02-28,1.9442677916
2018-03-01,2.0556975892
2018-03-02,2.069572648
2018-03-03,2.1442926923
2018-03-04,2.1468360978
2018-03-05,2.1541382456
2018-03-06,1.9926447579
2018-03-07,1.8526403912
2018-03-08,1.7490770936
2018-03-09,1.7481527538
2018-03-10,1.658202578
2018-03-11,1.793327924
2018-03-12,1.7261876577
2018-03-13,1.7295012123
2018-03-14,1.5571960048
2018-03-15,1.568030602
2018-03-16,1.5903287569
2018-03-17,1.4984496068
2018-03-18,1.5574076489
2018-03-19,1.6235998474
2018-03-20,1.6917710454
2018-03-21,1.6887883309
2018-03-22,1.6581183085
2018-03-23,1.6699873477
2018-03-24,1.6390604383
2018-03-25,1.6086311969
2018-03-26,1.5609163853
2018-03-27,1.4995028711
2018-03-28,1.5199667173
2018-03-29,1.3670316004
2018-03-30,1.3178586909
2018-03-31,1.3364158051
2018-04-01,1.3154480923
2018-04-02,1.3606432155
2018-04-03,1.4364634244
2018-04-04,1.3152906797
2018-04-05,1.3203852518
2018-04-06,1.2863636561
2018-04-07,1.3409431356
2018-04-08,1.3651854344
2018-04-09,1.3141341247
2018-04-10,1.3307721444
2018-04-11,1.356327347
2018-04-12,1.5415818156
2018-04-13,1.5431277379
2018-04-14,1.5601027861
2018-04-15,1.6247283685
2018-04-16,1.5675841572
2018-04-17,1.5374005833
2018-04-18,1.5901817471
2018-04-19,1.6064275865
2018-04-20,1.7129965181
2018-04-21,1.715591515
2018-04-22,1.7025523261
2018-04-23,1.7253133027
2018-04-24,1.8590809046
2018-04-25,1.7063325642
2018-04-26,1.7797629236
2018-04-27,1.7259986932
2018-04-28,1.7938090597
2018-04-29,1.8035883347
2018-04-30,1.7698980675
2018-05-01,1.7395859828
2018-05-02,1.761018132
2018-05-03,1.8627375697
2018-05-04,1.8501101497
2018-05-05,1.8676568537
2018-05-06,1.8290072534
2018-05-07,1.780223863
2018-05-08,1.7562792393
2018-05-09,1.7698039327
2018-05-10,1.7206183221
2018-05-11,1.6052659005
2018-05-12,1.6179375344
2018-05-13,1.6577515223
2018-05-14,1.6442482429
2018-05-15,1.6097765248
2018-05-16,1.581082288
2018-05-17,1.5231477267
2018-05-18,1.5587141285
2018-05-19,1.5576751556
2018-05-20,1.6104463039
2018-05-21,1.5886699138
2018-05-22,1.5159087222
2018-05-23,1.4256772348
2018-05-24,1.4359560649
2018-05-25,1.4088644466
2018-05-26,1.3907598802
2018-05-27,1.3935598404
2018-05-28,1.3525020445
2018-05-29,1.4182103734
2018-05-30,1.403774657
2018-05-31,1.4242512503
2018-06-01,1.432694684
2018-06-02,1.4550498665
2018-06-03,1.4670714312
2018-06-04,1.4269632883
2018-06-05,1.4514541416
2018-06-06,1.4591870886
2018-06-07,1.4623694947
2018-06-08,1.4546581284
2018-06-09,1.4425438056
2018-06-10,1.2910858814
2018-06-11,1.3133098843
2018-06-12,1.2538494145
2018-06-13,1.2155368188
2018-06-14,1.2785003434
2018-06-15,1.2357489404
2018-06-16,1.2544543169
2018-06-17,1.246497917
2018-06-18,1.295924795
2018-06-19,1.302101002
2018-06-20,1.3067338628
2018-06-21,1.3000240994
2018-06-22,1.1748120055
2018-06-23,1.1978887412
2018-06-24,1.1934870076
2018-06-25,1.2131049749
2018-06-26,1.1855043001
2018-06-27,1.2039972766
2018-06-28,1.1509919046
2018-06-29,1.2225000176
2018-06-30,1.2530741951
2018-07-01,1.2531526008
2018-07-02,1.3014813371
2018-07-03,1.2806900478
2018-07-04,1.2964742706
2018-07-05,1.2882520398
2018-07-06,1.3017631156
2018-07-07,1.3294379044
2018-07-08,1.3242634672
2018-07-09,1.3165364686
2018-07-10,1.2478070598
2018-07-11,1.2625663579
2018-07-12,1.2207823673
2018-07-13,1.2319289764
2018-07-14,1.2415225651
2018-07-15,1.2598642168
2018-07-16,1.3315616213
2018-07-17,1.4504553239
2018-07-18,1.4609205804
2018-07-19,1.4779303108
2018-07-20,1.4500707568
2018-07-21,1.4660294028
2018-07-22,1.4633617571
2018-07-23,1.5246343271
2018-07-24,1.6559281084
2018-07-25,1.6162871349
2018-07-26,1.5596750685
2018-07-27,1.6094932538
2018-07-28,1.6119222022
2018-07-29,1.6181152867
2018-07-30,1.6062275941
2018-07-31,1.5188598088
2018-08-01,1.4940168714
2018-08-02,1.4839574303
2018-08-03,1.4590470966
2018-08-04,1.3799417319
2018-08-05,1.3860465276
2018-08-06,1.367244604
2018-08-07,1.3275354107
2018-08-08,1.2397335157
2018-08-09,1.2985518135
2018-08-10,1.2162777484
2018-08-11,1.2523084752
2018-08-12,1.2529084566
2018-08-13,1.2435706378
2018-08-14,1.2293358726
2018-08-15,1.2476556028
2018-08-16,1.2520487402
2018-08-17,1.3054753771
2018-08-18,1.2732789427
2018-08-19,1.2910334261
2018-08-20,1.2482180994
2018-08-21,1.2879293655
2018-08-22,1.2668572193
2018-08-23,1.2963869589
2018-08-24,1.33221525
2018-08-25,1.3405852026
2018-08-26,1.329005669
2018-08-27,1.3577384016
2018-08-28,1.4065928557
2018-08-29,1.393791399
2018-08-30,1.3799692802
2018-08-31,1.3915895209
2018-09-01,1.424089681
2018-09-02,1.442255722
2018-09-03,1.4363176326
2018-09-04,1.4557235971
2018-09-05,1.345015575
2018-09-06,1.2866396189
2018-09-07,1.2719162993
2018-09-08,1.228859094
2018-09-09,1.2415714455
2018-09-10,1.2514978321
2018-09-11,1.2494799324
2018-09-12,1.260002581
2018-09-13,1.295039209
2018-09-14,1.295904501
2018-09-15,1.3018873686
2018-09-16,1.2966536399
2018-09-17,1.2496705871
2018-09-18,1.2663100968
2018-09-19,1.2753166008
2018-09-20,1.2985098899
2018-09-21,1.3486885289
2018-09-22,1.3417474427
2018-09-23,1.3412267548
2018-09-24,1.3162279667
2018-09-25,1.2859356268
2018-09-26,1.2955311872
2018-09-27,1.338274989
2018-09-28,1.3273534337
2018-09-29,1.3200303246
2018-09-30,1.3241224165
2018-10-01,1.3164529459
2018-10-02,1.3064367159
2018-10-03,1.2981955872
2018-10-04,1.3146918358
2018-10-05,1.3227450663
2018-10-06,1.3159316699
2018-10-07,1.3188547301
2018-10-08,1.3267692672
2018-10-09,1.3240880012
2018-10-10,1.3118931693
2018-10-11,1.2434267585
2018-10-12,1.2503972707
2018-10-13,1.2521035445
2018-10-14,1.2496251549
2018-10-15,1.3020803286
2018-10-16,1.3067608466
2018-10-17,1.3034722133
2018-10-18,1.2946829197
2018-10-19,1.2915040121
2018-10-20,1.3029224436
2018-10-21,1.3044620065
2018-10-22,1.3034232233
2018-10-23,1.301403752
2018-10-24,1.3052692108
2018-10-25,1.3032812179
2018-10-26,1.3048866186
2018-10-27,1.3061172425
2018-10-28,1.3056853569
2018-10-29,1.2770290459
2018-10-30,1.2792785213
2018-10-31,1.2867264363
2018-11-01,1.2949137649
2018-11-02,1.2960307013
2018-11-03,1.2929495704
2018-11-04,1.3108692848
2018-11-05,1.3074405976
2018-11-06,1.3152422481
2018-11-07,1.3272185402
2018-11-08,1.3080998323
2018-11-09,1.292757944
2018-11-10,1.297256291
2018-11-11,1.2936872663
2018-11-12,1.2908754019
2018-11-13,1.2806791021
2018-11-14,1.1413488579
2018-11-15,1.1422899196
2018-11-16,1.1350151305
2018-11-17,1.136628919
2018-11-18,1.1481235325
2018-11-19,0.9943730629
2018-11-20,0.9030947388
2018-11-21,0.9535846114
2018-11-22,0.9040029161
2018-11-23,0.902778262
2018-11-24,0.8028182953
2018-11-25,0.8345479334
2018-11-26,0.7850336665
2018-11-27,0.8037539032
2018-11-28,0.896276673
2018-11-29,0.9022393206
2018-11-30,0.8482627666
2018-12-01,0.8840324175
2018-12-02,0.8740784864
2018-12-03,0.8182206673
2018-12-04,0.8230195054
2018-12-05,0.7939554324
2018-12-06,0.7574841028
2018-12-07,0.7296994568
2018-12-08,0.737947849
2018-12-09,0.7669732501
2018-12-10,0.7409104791
2018-12-11,0.7310795437
2018-12-12,0.7474646639
2018-12-13,0.7128238038
2018-12-14,0.7008139505
2018-12-15,0.6985092741
2018-12-16,0.7014432723
2018-12-17,0.768535357
2018-12-18,0.8046623492
2018-12-19,0.81377116
2018-12-20,0.8949843082
2018-12-21,0.8460782647
2018-12-22,0.8739046254
2018-12-23,0.8695251691
2018-12-24,0.891428709
2018-12-25,0.8308866495
2018-12-26,0.8414686097
2018-12-27,0.7934107559
2018-12-28,0.8599929288
2018-12-29,0.8488961468
2018-12-30,0.8500114824
2018-12-31,0.8204403676
2019-01-01,0.8476805049
2019-01-02,0.8678576803
2019-01-03,0.8433974352
2019-01-04,0.8533146267
2019-01-05,0.8470842284
2019-01-06,0.9024622122
2019-01-07,0.8927440927
2019-01-08,0.8916739318
2019-01-09,0.8943870457
2019-01-10,0.8135823164
2019-01-11,0.8181244047
2019-01-12,0.8169060139
2019-01-13,0.7929164047
2019-01-14,0.8289403901
2019-01-15,0.8090056576
2019-01-16,0.8147950967
2019-01-17,0.8227610294
2019-01-18,0.816251836
2019-01-19,0.8342066976
2019-01-20,0.8009009317
2019-01-21,0.8006732146
2019-01-22,0.8118155353
2019-01-23,0.8065225434
2019-01-24,0.8104030205
2019-01-25,0.809517298
2019-01-26,0.8089621779
2019-01-27,0.8048279562
2019-01-28,0.7824745382
2019-01-29,0.774346423
2019-01-30,0.7847930601
2019-01-31,0.7789934814
2019-02-01,0.7874754542
2019-02-02,0.7915791705
2019-02-03,0.7807042281
2019-02-04,0.7809521195
2019-02-05,0.7847984641
2019-02-06,0.7721189679
2019-02-07,0.7708509839
2019-02-08,0.8293257182
2019-02-09,0.8314120531
2019-02-10,0.8362692109
2019-02-11,0.8248280333
2019-02-12,0.824571973
2019-02-13,0.8237416206
2019-02-14,0.820734219
2019-02-15,0.8217832992
2019-02-16,0.8270281131
2019-02-17,0.836091122
2019-02-18,0.8921734487
2019-02-19,0.8992720915
2019-02-20,0.9069919844
2019-02-21,0.8985883017
2019-02-22,0.9115511418
2019-02-23,0.9493960593
2019-02-24,0.8678515421
2019-02-25,0.8843207234
2019-02-26,0.8785409427
2019-02-27,0.8795507074
2019-02-28,0.8784791038
2019-03-01,0.8827588974
2019-03-02,0.8827431157
2019-03-03,0.8765748757
2019-03-04,0.8581275023
2019-03-05,0.8909672937
2019-03-06,0.8938721686
2019-03-07,0.8949215314
2019-03-08,0.8914149687
2019-03-09,0.9079727648
2019-03-10,0.9066571504
2019-03-11,0.8949329804
2019-03-12,0.8971206747
2019-03-13,0.8956788328
2019-03-14,0.8963984776
2019-03-15,0.9077928201
2019-03-16,0.9282948435
2019-03-17,0.9230885893
2019-03-18,0.9239045288
2019-03-19,0.9301080419
2019-03-20,0.9381859853
2019-03-21,0.9259177908
2019-03-22,0.9279134945
2019-03-23,0.9275536174
2019-03-24,0.9251045824
2019-03-25,0.910944731
2019-03-26,0.9134898851
2019-03-27,0.9390296183
2019-03-28,0.9353813627
2019-03-29,0.9532196377
2019-03-30,0.9537873588
2019-03-31,0.9553088556
2019-04-01,0.9655237384
2019-04-02,1.1400596844
2019-04-03,1.1518344592
2019-04-04,1.1396528039
2019-04-05,1.1676875397
2019-04-06,1.1700089443
2019-04-07,1.2031571464
2019-04-08,1.2239678798
2019-04-09,1.2030588038
2019-04-10,1.2288121836
2019-04-11,1.1685397184
2019-04-12,1.1753333827
2019-04-13,1.1732080993
2019-04-14,1.1932208855
2019-04-15,1.1671632087
2019-04-16,1.2043113287
2019-04-17,1.2082811531
2019-04-18,1.2198469865
2019-04-19,1.2194307183
2019-04-20,1.2247696953
2019-04-21,1.2206220772
2019-04-22,1.2399308826
2019-04-23,1.27567135
2019-04-24,1.2510149876
2019-04-25,1.1817703327
2019-04-26,1.1882764418
2019-04-27,1.1956688478
2019-04-28,1.1879953797
2019-04-29,1.1886063145
2019-04-30,1.2151825108
2019-05-01,1.2300595853
2019-05-02,1.2479389939
2019-05-03,1.3081060148
2019-05-04,1.3342232849
2019-05-05,1.3226647791
2019-05-06,1.3133447537
2019-05-07,1.3434165578
2019-05-08,1.3661761356
2019-05-09,1.4149132396
2019-05-10,1.4609515346
2019-05-11,1.6742571644
2019-05-12,1.5832266113
2019-05-13,1.7673612126
2019-05-14,1.7931344581
2019-05-15,1.8398377394
2019-05-16,1.7558002854
2019-05-17,1.6365486937
2019-05-18,1.6251306778
2019-05-19,1.8309110862
2019-05-20,1.7752913393
2019-05-21,1.7730032788
2019-05-22,1.7024868461
2019-05-23,1.7509015728
2019-05-24,1.7670836348
2019-05-25,1.7813427307
2019-05-26,1.9246374564
2019-05-27,1.9379338782
2019-05-28,1.9115592645
2019-05-29,1.8700007907
2019-05-30,1.7858865424
2019-05-31,1.843659651
2019-06-01,1.8414693127
2019-06-02,1.8801084688
2019-06-03,1.753453134
2019-06-04,1.6489788922
2019-06-05,1.6815409703
2019-06-06,1.6766297267
2019-06-07,1.7280124565
2019-06-08,1.7094298368
2019-06-09,1.6432991222
2019-06-10,1.7182945731
2019-06-11,1.7018505465
2019-06-12,1.7456258382
2019-06-13,1.7623413162
2019-06-14,1.8562778609
2019-06-15,1.8865581678
2019-06-16,1.9187634963
2019-06-17,1.9804514705
2019-06-18,1.9158849401
2019-06-19,1.9607214253
2019-06-20,2.0112462403
2019-06-21,2.1168501393
2019-06-22,2.231191715
2019-06-23,2.2477890463
2019-06-24,2.2819305004
2019-06-25,2.4169258316
2019-06-26,2.6173457081
2019-06-27,2.2551175303
2019-06-28,2.4835312344
2019-06-29,2.3934833103
2019-06-30,2.1666562641
2019-07-01,2.1110479262
2019-07-02,2.1433972812
2019-07-03,2.3697827496
2019-07-04,2.2097912079
2019-07-05,2.1738173998
2019-07-06,2.2134931098
2019-07-07,2.260045936
2019-07-08,2.4184180726
2019-07-09,2.4595693336
2019-07-10,2.3520639257
2019-07-11,2.1932864899
2019-07-12,2.2864614395
2019-07-13,2.1951781734
2019-07-14,1.9914144811
2019-07-15,2.1135691155
2019-07-16,1.8348413657
2019-07-17,1.870894753
2019-07-18,2.057197697
2019-07-19,2.0215501545
2019-07-20,2.0816473269
2019-07-21,2.0270078733
2019-07-22,1.9746604589
2019-07-23,1.8887967744
2019-07-24,1.8687995244
2019-07-25,1.8861292042
2019-07-26,1.8736324671
2019-07-27,1.7997045292
2019-07-28,1.8152692815
2019-07-29,1.7773873597
2019-07-30,1.7923237281
2019-07-31,1.8781857721
2019-08-01,1.9394022671
2019-08-02,1.9610838433
2019-08-03,2.011438895
2019-08-04,2.042197926
2019-08-05,2.1793331118
2019-08-06,2.1040054056
2019-08-07,2.1970347774
2019-08-08,2.1853836247
2019-08-09,2.1677559404
2019-08-10,2.0658237389
2019-08-11,2.104777636
2019-08-12,2.0760802125
2019-08-13,1.9795718752
2019-08-14,1.8251155554
2019-08-15,1.8767818036
2019-08-16,1.8873606244
2019-08-17,1.8572446076
2019-08-18,1.8792033185
2019-08-19,1.9774431776
2019-08-20,1.9542477985
2019-08-21,1.8316796527
2019-08-22,1.8359296024
2019-08-23,1.8812055244
2019-08-24,1.8327295034
2019-08-25,1.823770738
2019-08-26,1.8697511983
2019-08-27,1.8334553353
2019-08-28,1.753838013
2019-08-29,1.7114455478
2019-08-30,1.7284288942
2019-08-31,1.7334355659
2019-09-01,1.7613004369
2019-09-02,1.8699416856
2019-09-03,1.9108584574
2019-09-04,1.9020190266
2019-09-05,1.9008668388
2019-09-06,1.8410109996
2019-09-07,1.8689385922
2019-09-08,1.8525513574
2019-09-09,1.8381122009
2019-09-10,1.7943617389
2019-09-11,1.7933166746
2019-09-12,1.8381993919
2019-09-13,1.8268623903
2019-09-14,1.8293799181
2019-09-15,1.8187822047
2019-09-16,1.809994769
2019-09-17,1.7986033858
2019-09-18,1.7903612646
2019-09-19,1.8085265005
2019-09-20,1.7908414666
2019-09-21,1.7584838962
2019-09-22,1.7688951611
2019-09-23,1.7071616189
2019-09-24,1.5203210259
2019-09-25,1.4905141
2019-09-26,1.4331553412
2019-09-27,1.4503449864
2019-09-28,1.4539240699
2019-09-29,1.4300306578
2019-09-30,1.4690939434
2019-10-01,1.4760051283
2019-10-02,1.4847331209
2019-10-03,1.4662105242
2019-10-04,1.450844439
2019-10-05,1.4466531906
2019-10-06,1.3962361142
2019-10-07,1.4621780356
2019-10-08,1.45574823
2019-10-09,1.5278036951
2019-10-10,1.5240765849
2019-10-11,1.4735045296
2019-10-12,1.4793866862
2019-10-13,1.4738043994
2019-10-14,1.4747577391
2019-10-15,1.4431676504
2019-10-16,1.4164402513
2019-10-17,1.4288783327
2019-10-18,1.4093312153
2019-10-19,1.4073969294
2019-10-20,1.4540833153
2019-10-21,1.4528356483
2019-10-22,1.4210232402
2019-10-23,1.3224589334
2019-10-24,1.3243176256
2019-10-25,1.5349701237
2019-10-26,1.6376703653
2019-10-27,1.690811294
2019-10-28,1.6468954212
2019-10-29,1.6643923851
2019-10-30,1.620238732
2019-10-31,1.6142907439
2019-11-01,1.6286094831
2019-11-02,1.6366640032
2019-11-03,1.6206862902
2019-11-04,1.6564848122
2019-11-05,1.6454732467
2019-11-06,1.649382272
2019-11-07,1.6234759347
2019-11-08,1.5507612254
2019-11-09,1.5544135188
2019-11-10,1.5949686667
2019-11-11,1.5369269574
2019-11-12,1.5504165321
2019-11-13,1.543184018
2019-11-14,1.5221346851
2019-11-15,1.4908745537
2019-11-16,1.4930934218
2019-11-17,1.4978779622
2019-11-18,1.4420456772
2019-11-19,1.4307570525
2019-11-20,1.4242847753
2019-11-21,1.3440318678
2019-11-22,1.2882173303
2019-11-23,1.2982321155
2019-11-24,1.2308608691
2019-11-25,1.2670899181
2019-11-26,1.2733298281
2019-11-27,1.3380996151
2019-11-28,1.3223565505
2019-11-29,1.3778296396
2019-11-30,1.3447345663
2019-12-01,1.3204730135
2019-12-02,1.3035295753
2019-12-03,1.3025074012
2019-12-04,1.2872463725
2019-12-05,1.3210123795
2019-12-06,1.3439756765
2019-12-07,1.3400951099
2019-12-08,1.3431619313
2019-12-09,1.3100405673
2019-12-10,1.2923087316
2019-12-11,1.2872713446
2019-12-12,1.2864765878
2019-12-13,1.2958992751
2019-12-14,1.265311542
2019-12-15,1.2725426954
2019-12-16,1.2324973576
2019-12-17,1.184974313
2019-12-18,1.3072837123
2019-12-19,1.2826119802
2019-12-20,1.2899980375
2019-12-21,1.2821236413
2019-12-22,1.3427934182
2019-12-23,1.3138723269
2019-12-24,1.2988125454
2019-12-25,1.2929357013
2019-12-26,1.2935785179
2019-12-27,1.3015838576
2019-12-28,1.314121524
2019-12-29,1.3292786126
2019-12-30,1.3000984155
2019-12-31,1.2893502689
2020-01-01,1.289961185
2020-01-02,1.2499761338
2020-01-03,1.3158995612
2020-01-04,1.3210991741
2020-01-05,1.3214939247
2020-01-06,1.3962267542
2020-01-07,1.4616509068
2020-01-08,1.447299406
2020-01-09,1.4031454344
2020-01-10,1.4586106779
2020-01-11,1.4409526217
2020-01-12,1.4644245947
2020-01-13,1.4563068677
2020-01-14,1.5803708051
2020-01-15,1.5746132529
2020-01-16,1.5565229292
2020-01-17,1.5901649631
2020-01-18,1.5923398973
2020-01-19,1.5491291735
2020-01-20,1.5399758908
2020-01-21,1.5562839155
2020-01-22,1.5412448032
2020-01-23,1.4910727119
2020-01-24,1.5005669532
2020-01-25,1.4863358729
2020-01-26,1.5266780484
2020-01-27,1.5838942653
2020-01-28,1.6522381976
2020-01-29,1.6517269291
2020-01-30,1.6838978981
2020-01-31,1.6544649095
2020-02-01,1.6581378965
2020-02-02,1.6506684719
2020-02-03,1.6393261938
2020-02-04,1.6183357203
2020-02-05,1.698959187
2020-02-06,1.7140143819
2020-02-07,1.7182401092
2020-02-08,1.7352265881
2020-02-09,1.7750410494
2020-02-10,1.7225597816
2020-02-11,1.7887320674
2020-02-12,1.8018912578
2020-02-13,1.7785051181
2020-02-14,1.7984280201
2020-02-15,1.7202210513
2020-02-16,1.7264882168
2020-02-17,1.6798267935
2020-02-18,1.7640180682
2020-02-19,1.6674973242
2020-02-20,1.6637226634
2020-02-21,1.6782993641
2020-02-22,1.6733219483
2020-02-23,1.7236262038
2020-02-24,1.6673480768
2020-02-25,1.612872352
2020-02-26,1.5200126024
2020-02-27,1.5176047588
2020-02-28,1.5127981701
2020-02-29,1.4840669077
2020-03-01,1.4774703158
2020-03-02,1.5395287444
2020-03-03,1.5153082162
2020-03-04,1.5135091013
2020-03-05,1.5660797545
2020-03-06,1.5799519434
2020-03-07,1.5371025788
2020-03-08,1.4017707824
2020-03-09,1.3673431165
2020-03-10,1.3704355309
2020-03-11,1.3785985238
2020-03-12,0.8770662627
2020-03-13,1.0018887645
2020-03-14,0.919080037
2020-03-15,0.9581521626
2020-03-16,0.9001639108
2020-03-17,0.9742927252
2020-03-18,0.9704929314
2020-03-19,1.1157652346
2020-03-20,1.1123163061
2020-03-21,1.1127137796
2020-03-22,1.0507639631
2020-03-23,1.1683930677
2020-03-24,1.2188019971
2020-03-25,1.2046599742
2020-03-26,1.2161079686
2020-03-27,1.1691127652
2020-03-28,1.1230816115
2020-03-29,1.0652025494
2020-03-30,1.1614434633
2020-03-31,1.1611974793
2020-04-01,1.2023518612
2020-04-02,1.2292977233
2020-04-03,1.2218775495
2020-04-04,1.2415127539
2020-04-05,1.2290054758
2020-04-06,1.3190433203
2020-04-07,1.2995843334
2020-04-08,1.3321514926
2020-04-09,1.3189398081
2020-04-10,1.2412902287
2020-04-11,1.2456615373
2020-04-12,1.2628846839
2020-04-13,1.2431347963
2020-04-14,1.2454403396
2020-04-15,1.2007242116
2020-04-16,1.2913598795
2020-04-17,1.2829447173
2020-04-18,1.3155410971
2020-04-19,1.295155639
2020-04-20,1.2418981791
2020-04-21,1.2453687524
2020-04-22,1.2909307413
2020-04-23,1.3557197354
2020-04-24,1.3582165501
2020-04-25,1.3635706209
2020-04-26,1.3897001967
2020-04-27,1.4057013808
2020-04-28,1.4039409123
2020-04-29,1.576114525
2020-04-30,1.5530886307
2020-05-01,1.5872630454
2020-05-02,1.6077692007
2020-05-03,1.5926452771
2020-05-04,1.5886723617
2020-05-05,1.606273856
2020-05-06,1.6533647831
2020-05-07,1.7771340356
2020-05-08,1.7486444205
2020-05-09,1.6974343459
2020-05-10,1.5454333573
2020-05-11,1.5243961881
2020-05-12,1.5648559935
2020-05-13,1.6520524428
2020-05-14,1.7339060236
2020-05-15,1.6494989645
2020-05-16,1.6608837153
2020-05-17,1.7105656481
2020-05-18,1.7155925806
2020-05-19,1.7193508975
2020-05-20,1.6766372643
2020-05-21,1.5986844625
2020-05-22,1.6148207655
2020-05-23,1.6182448243
2020-05-24,1.5520683237
2020-05-25,1.5705042097
2020-05-26,1.5575960829
2020-05-27,1.6152345377
2020-05-28,1.684065947
2020-05-29,1.6597900211
2020-05-30,1.7044995855
2020-05-31,1.659195835
2020-06-01,1.7883024283
2020-06-02,1.6678435809
2020-06-03,1.6895119013
2020-06-04,1.7176661478
2020-06-05,1.6874260236
2020-06-06,1.6915024198
2020-06-07,1.7047327101
2020-06-08,1.7057274427
2020-06-09,1.706371771
2020-06-10,1.7242379962
2020-06-11,1.6185663243
2020-06-12,1.6492683813
2020-06-13,1.6498738212
2020-06-14,1.6290301486
2020-06-15,1.6455275394
2020-06-16,1.6584389572
2020-06-17,1.6456952828
2020-06-18,1.63136979
2020-06-19,1.6135026666
2020-06-20,1.6255437565
2020-06-21,1.6125914988
2020-06-22,1.6805240207
2020-06-23,1.6670417803
2020-06-24,1.6120696601
2020-06-25,1.6044241831
2020-06-26,1.5851347147
2020-06-27,1.5578849128
2020-06-28,1.5759671452
2020-06-29,1.5887221884
2020-06-30,1.58101656
2020-07-01,1.5974027746
2020-07-02,1.5720754932
2020-07-03,1.567065524
2020-07-04,1.5771557727
2020-07-05,1.5690520155
2020-07-06,1.613081767
2020-07-07,1.5977679035
2020-07-08,1.6269057755
2020-07-09,1.5915839976
2020-07-10,1.6004360712
2020-07-11,1.5920160969
2020-07-12,1.6000209531
2020-07-13,1.5910623235
2020-07-14,1.5943810768
2020-07-15,1.5827747518
2020-07-16,1.5717771842
2020-07-17,1.5758632227
2020-07-18,1.5789718419
2020-07-19,1.5859341254
2020-07-20,1.5769874215
2020-07-21,1.6143864785
2020-07-22,1.6377101963
2020-07-23,1.6499804725
2020-07-24,1.6387815176
2020-07-25,1.6643151735
2020-07-26,1.7027510313
2020-07-27,1.8853358891
2020-07-28,1.8629912437
2020-07-29,1.8886883998
2020-07-30,1.8886494682
2020-07-31,1.9194118309
2020-08-01,1.9938199888
2020-08-02,1.8737954894
2020-08-03,1.8917726717
2020-08-04,1.8843721136
2020-08-05,1.9690198301
2020-08-06,1.9691205332
2020-08-07,1.9349229902
2020-08-08,1.9573056181
2020-08-09,1.9451970382
2020-08-10,1.9740992529
2020-08-11,1.8936118688
2020-08-12,1.9216047639
2020-08-13,1.9517507039
2020-08-14,1.9487976312
2020-08-15,1.9626721877
2020-08-16,1.9664237302
2020-08-17,2.0286088169
2020-08-18,1.9734586682
2020-08-19,1.9304693322
2020-08-20,1.9497670957
2020-08-21,1.8925368072
2020-08-22,1.9175044294
2020-08-23,1.9140808247
2020-08-24,1.9298467874
2020-08-25,1.8614645856
2020-08-26,1.8788695606
2020-08-27,1.8523380675
2020-08-28,1.8850831092
2020-08-29,1.8785586624
2020-08-30,1.9111805983
2020-08-31,1.9054489315
2020-09-01,1.9489612583
2020-09-02,1.857588222
2020-09-03,1.673324508
2020-09-04,1.7068652052
2020-09-05,1.6518089498
2020-09-06,1.6720859127
2020-09-07,1.6905706683
2020-09-08,1.6488749665
2020-09-09,1.667575763
2020-09-10,1.6855677576
2020-09-11,1.6941152277
2020-09-12,1.7019283124
2020-09-13,1.6832098662
2020-09-14,1.7377882385
2020-09-15,1.7552731461
2020-09-16,1.783661611
2020-09-17,1.7770405966
2020-09-18,1.773183539
2020-09-19,1.7961583596
2020-09-20,1.7707400393
2020-09-21,1.695916559
2020-09-22,1.7050116058
2020-09-23,1.6592488847
2020-09-24,1.7391861442
2020-09-25,1.7292144993
2020-09-26,1.738004663
2020-09-27,1.7403202026
2020-09-28,1.7347743639
2020-09-29,1.750185272
2020-09-30,1.7385516047
2020-10-01,1.7119760097
2020-10-02,1.705210026
2020-10-03,1.7027166509
2020-10-04,1.7200199621
2020-10-05,1.7364331102
2020-10-06,1.7078344631
2020-10-07,1.7179577982
2020-10-08,1.7542254422
2020-10-09,1.7799951181
2020-10-10,1.8155396775
2020-10-11,1.8268005375
2020-10-12,1.8519167893
2020-10-13,1.8323854016
2020-10-14,1.8277817181
2020-10-15,1.8400121874
2020-10-16,1.8132309415
2020-10-17,1.816566462
2020-10-18,1.8361425138
2020-10-19,1.8728518252
2020-10-20,1.899620294
2020-10-21,2.0383043104
2020-10-22,2.0505032501
2020-10-23,2.0341726325
2020-10-24,2.0549711733
2020-10-25,2.0414323046
2020-10-26,2.0453631578
2020-10-27,2.1317993719
2020-10-28,2.0669369383
2020-10-29,2.0917683361
2020-10-30,2.1085097536
2020-10-31,2.1363798294
2020-11-01,2.1221581701
2020-11-02,2.0945022342
2020-11-03,2.1234487687
2020-11-04,2.1391170108
2020-11-05,2.3425370446
2020-11-06,2.3344226846
2020-11-07,2.2205325111
2020-11-08,2.3043804458
2020-11-09,2.2721566
2020-11-10,2.2666706837
2020-11-11,2.3207839577
2020-11-12,2.393402987
2020-11-13,2.3922888605
2020-11-14,2.3548241112
2020-11-15,2.3353460604
2020-11-16,2.4377699943
2020-11-17,2.5604040042
2020-11-18,2.559282007
2020-11-19,2.5536226759
2020-11-20,2.6476854186
2020-11-21,2.6411772733
2020-11-22,2.6042446768
2020-11-23,2.5818821669
2020-11-24,2.6709900603
2020-11-25,2.6074841747
2020-11-26,2.374855484
2020-11-27,2.3670768806
2020-11-28,2.4524095395
2020-11-29,2.5093567761
2020-11-30,2.69318297
2020-12-01,2.5661353279
2020-12-02,2.6047721526
2020-12-03,2.629778039
2020-12-04,2.5222611221
2020-12-05,2.5702375175
2020-12-06,2.5988728094
2020-12-07,2.568556642
2020-12-08,2.4526296068
2020-12-09,2.4774855897
2020-12-10,2.431021624
2020-12-11,2.3955331192
2020-12-12,2.4873929419
2020-12-13,2.5132218583
2020-12-14,2.52353278
2020-12-15,2.5339907682
2020-12-16,2.7610075322
2020-12-17,2.9030851371
2020-12-18,2.8877578657
2020-12-19,2.9736288779
2020-12-20,2.9180489924
2020-12-21,2.8316790815
2020-12-22,2.898768158
2020-12-23,2.817525355
2020-12-24,2.8360910255
2020-12-25,2.9425859052
2020-12-26,3.1378553045
2020-12-27,3.1082849209
2020-12-28,3.102025917
2020-12-29,3.0750130698
2020-12-30,3.2196351555
2020-12-31,3.2152430634
2021-01-01,3.2190058515
2021-01-02,3.4468651417
2021-01-03,3.5302517611
2021-01-04,3.3247399841
2021-01-05,3.498415811
2021-01-06,3.6979285841
2021-01-07,3.8515148719
2021-01-08,3.8992888898
2021-01-09,3.8008700834
2021-01-10,3.5809022918
2021-01-11,3.2727067305
2021-01-12,3.1147918018
2021-01-13,3.4197271035
2021-01-14,3.547648718
2021-01-15,3.3159522919
2021-01-16,3.257251042
2021-01-17,3.2391279608
2021-01-18,3.2694337845
2021-01-19,3.2242826661
2021-01-20,3.1511912861
2021-01-21,2.7546476915
2021-01-22,2.9232189704
2021-01-23,2.8355814408
2021-01-24,2.8489003729
2021-01-25,2.8624340577
2021-01-26,2.8773219352
2021-01-27,2.6624688448
2021-01-28,2.9229592829
2021-01-29,2.958633752
2021-01-30,2.9656141967
2021-01-31,2.8541529371
2021-02-01,2.883694361
2021-02-02,3.0432578213
2021-02-03,3.1964758216
2021-02-04,3.1381497443
2021-02-05,3.1886617997
2021-02-06,3.2810503797
2021-02-07,3.234995525
2021-02-08,3.769454789
2021-02-09,3.7295966816
2021-02-10,3.5777889077
2021-02-11,3.7638829987
2021-02-12,3.7000408845
2021-02-13,3.6595752845
2021-02-14,3.7704503232
2021-02-15,3.6664923356
2021-02-16,3.7201540572
2021-02-17,3.9107566294
2021-02-18,3.8238589872
2021-02-19,4.0711114479
2021-02-20,4.0237714823
2021-02-21,4.1062290127
2021-02-22,3.8260962526
2021-02-23,3.4097678615
2021-02-24,3.4506797892
2021-02-25,3.2960643998
2021-02-26,3.1739849935
2021-02-27,3.1412660608
2021-02-28,3.1039684438
2021-03-01,3.3768308117
2021-03-02,3.2705609555
2021-03-03,3.4180717475
2021-03-04,3.2611304218
2021-03-05,3.2707454931
2021-03-06,3.2757827795
2021-03-07,3.4092677751
2021-03-08,3.4534507118
2021-03-09,3.6075420855
2021-03-10,3.6736528721
2021-03-11,3.7439749425
2021-03-12,3.6819627552
2021-03-13,3.9093785227
2021-03-14,3.8002656289
2021-03-15,3.5523394771
2021-03-16,3.5502291956
2021-03-17,3.6658342025
2021-03-18,3.5960014796
2021-03-19,3.6132913618
2021-03-20,3.606651035
2021-03-21,3.5489120489
2021-03-22,3.3528246076
2021-03-23,3.3469825362
2021-03-24,3.2172882763
2021-03-25,3.1390963609
2021-03-26,3.3228860378
2021-03-27,3.3786128075
2021-03-28,3.3531275187
2021-03-29,3.4482644145
2021-03-30,3.498304908
2021-03-31,3.4875727522
2021-04-01,3.4664788529
2021-04-02,3.46468435
2021-04-03,3.3590785214
2021-04-04,3.4063881819
2021-04-05,3.4288003109
2021-04-06,3.3332218342
2021-04-07,3.2233738491
2021-04-08,3.3102852744
2021-04-09,3.307505529
2021-04-10,3.3883369405
2021-04-11,3.3911573628
2021-04-12,3.3728190282
2021-04-13,3.5475620113
2021-04-14,3.486853011
2021-04-15,3.4854829142
2021-04-16,3.384995183
2021-04-17,3.3064149095
2021-04-18,3.0554719012
2021-04-19,3.0220984743
2021-04-20,3.0496532527
2021-04-21,2.9164213969
2021-04-22,2.7933961982
2021-04-23,2.7411941893
2021-04-24,2.6995075318
2021-04-25,2.6278999685
2021-04-26,2.8863435299
2021-04-27,2.9305082507
2021-04-28,2.911999311
2021-04-29,2.8355183689
2021-04-30,3.0394998228
2021-05-01,3.0404842918
2021-05-02,2.9683472562
2021-05-03,2.9957251293
2021-05-04,2.8080247689
2021-05-05,2.9875457241
2021-05-06,2.9373968003
2021-05-07,2.9582833575
2021-05-08,3.0225430231
2021-05-09,2.993251719
2021-05-10,2.8659766088
2021-05-11,2.8967501749
2021-05-12,2.6028358503
2021-05-13,2.5196626882
2021-05-14,2.5495588228
2021-05-15,2.3995758702
2021-05-16,2.3476249152
2021-05-17,2.2248925495
2021-05-18,2.1901127751
2021-05-19,1.9350706887
2021-05-20,2.101910896
2021-05-21,1.9195178092
2021-05-22,1.9459398229
2021-05-23,1.7995876886
2021-05-24,1.9932431987
2021-05-25,1.9777275853
2021-05-26,2.0243365389
2021-05-27,1.991106272
2021-05-28,1.8439077279
2021-05-29,1.7985381685
2021-05-30,1.8470818172
2021-05-31,1.9328536868
2021-06-01,1.8969546101
2021-06-02,1.9475963834
2021-06-03,2.0243298528
2021-06-04,1.909265414
2021-06-05,1.8344482562
2021-06-06,1.8514129827
2021-06-07,1.7510143653
2021-06-08,1.7425004014
2021-06-09,1.9411993259
2021-06-10,1.9113385612
2021-06-11,1.9285365217
2021-06-12,1.8509377627
2021-06-13,2.0181986339
2021-06-14,2.0939511424
2021-06-15,2.0819795517
2021-06-16,1.9796119883
2021-06-17,1.9684067835
2021-06-18,1.8506603762
2021-06-19,1.8430699752
2021-06-20,1.8454118593
2021-06-21,1.6489550556
2021-06-22,1.6857364061
2021-06-23,1.7494134757
2021-06-24,1.8028230491
2021-06-25,1.6612314727
2021-06-26,1.6725002378
2021-06-27,1.8078014477
2021-06-28,1.8009271381
2021-06-29,1.8819115461
2021-06-30,1.8375881558
2021-07-01,1.7578833583
2021-07-02,1.7770299772
2021-07-03,1.8190128144
2021-07-04,1.8588448993
2021-07-05,1.783403448
2021-07-06,1.7948037853
2021-07-07,1.7847807257
2021-07-08,1.728040178
2021-07-09,1.7850280579
2021-07-10,1.7690851763
2021-07-11,1.8028788567
2021-07-12,1.7437303726
2021-07-13,1.7188479167
2021-07-14,1.7277520581
2021-07-15,1.6720087521
2021-07-16,1.6597831298
2021-07-17,1.6578090102
2021-07-18,1.6662940883
2021-07-19,1.6237524029
2021-07-20,1.5656846326
2021-07-21,1.6889196183
2021-07-22,1.6984505377
2021-07-23,1.7574682529
2021-07-24,1.7952240437
2021-07-25,1.8448678274
2021-07-26,1.9586173896
2021-07-27,2.0317185181
2021-07-28,2.0641326022
2021-07-29,2.0463481104
2021-07-30,2.1297087849
2021-07-31,2.1286617853
2021-08-01,2.0357318822
2021-08-02,2.001465823
2021-08-03,1.9502254672
2021-08-04,2.0242069134
2021-08-05,2.0818631913
2021-08-06,2.172361026
2021-08-07,2.2557217638
2021-08-08,2.2286345689
2021-08-09,2.3383822675
2021-08-10,2.2957266574
2021-08-11,2.3024688788
2021-08-12,2.2369489485
2021-08-13,2.3987868781
2021-08-14,2.363441371
2021-08-15,2.3596747056
2021-08-16,2.3030147157
2021-08-17,2.2382927034
2021-08-18,2.2471743357
2021-08-19,2.3287071526
2021-08-20,2.4522586929
2021-08-21,2.4408234606
2021-08-22,2.4535900894
2021-08-23,2.4583915148
2021-08-24,2.3749463823
2021-08-25,2.4165736943
2021-08-26,2.3237273188
2021-08-27,2.4117797784
2021-08-28,2.4002622128
2021-08-29,2.4036571196
2021-08-30,2.3130770637
2021-08-31,2.3150504032
2021-09-01,2.3829734022
2021-09-02,2.4119219012
2021-09-03,2.4323801298
2021-09-04,2.4329494216
2021-09-05,2.5194853441
2021-09-06,2.5585520395
2021-09-07,2.2787345768
2021-09-08,2.2463384285
2021-09-09,2.2548796556
2021-09-10,2.1738354577
2021-09-11,2.189516962
2021-09-12,2.2407057856
2021-09-13,2.1835781614
2021-09-14,2.2786752223
2021-09-15,2.3288077888
2021-09-16,2.3079342892
2021-09-17,2.2784557267
2021-09-18,2.324502123
2021-09-19,2.2762790324
2021-09-20,2.0700188692
2021-09-21,1.960591468
2021-09-22,2.1058004003
2021-09-23,2.1662271098
2021-09-24,2.068532425
2021-09-25,2.0652087186
2021-09-26,2.0699509773
2021-09-27,2.0392301385
2021-09-28,1.9796624811
2021-09-29,1.9905260153
2021-09-30,2.0989499421
2021-10-01,2.2979804038
2021-10-02,2.2811628427
2021-10-03,2.2990947141
2021-10-04,2.3458742269
2021-10-05,2.4458633073
2021-10-06,2.6156079056
2021-10-07,2.5336464677
2021-10-08,2.5352958992
2021-10-09,2.5826909548
2021-10-10,2.5642214963
2021-10-11,2.6778511741
2021-10-12,2.6195627039
2021-10-13,2.6660663554
2021-10-14,2.6601771416
2021-10-15,2.8339353289
2021-10-16,2.8047445166
2021-10-17,2.8253548838
2021-10-18,2.837844958
2021-10-19,2.9207276839
2021-10-20,2.9844396791
2021-10-21,2.808027654
2021-10-22,2.7329984006
2021-10-23,2.752722398
2021-10-24,2.7288739475
2021-10-25,2.8121696141
2021-10-26,2.6906732136
2021-10-27,2.6092697572
2021-10-28,2.6919553101
2021-10-29,2.757437283
2021-10-30,2.7331699295
2021-10-31,2.7135745021
2021-11-01,2.6859154994
2021-11-02,2.7541377186
2021-11-03,2.7399866361
2021-11-04,2.6703823945
2021-11-05,2.6469937269
2021-11-06,2.6633490747
2021-11-07,2.7292150181
2021-11-08,2.906231389
2021-11-09,2.8788699543
2021-11-10,2.7721930275
2021-11-11,2.7748789452
2021-11-12,2.6994821713
2021-11-13,2.7102474406
2021-11-14,2.7345028061
2021-11-15,2.6751704399
2021-11-16,2.5289850734
2021-11-17,2.5179462237
2021-11-18,2.3817972737
2021-11-19,2.4312242541
2021-11-20,2.5013191503
2021-11-21,2.4705862567
2021-11-22,2.3607905756
2021-11-23,2.4109810021
2021-11-24,2.3886045893
2021-11-25,2.4474600548
2021-11-26,2.2364486877
2021-11-27,2.2710865933
2021-11-28,2.3767737239
2021-11-29,2.3994353239
2021-11-30,2.3639267611
2021-12-01,2.3639501616
2021-12-02,2.3385559897
2021-12-03,2.2206940294
2021-12-04,2.0415347804
2021-12-05,2.0491365436
2021-12-06,2.1006771081
2021-12-07,2.0973056287
2021-12-08,2.0942253841
2021-12-09,1.991720364
2021-12-10,1.9722556776
2021-12-11,2.0486843521
2021-12-12,2.0819747644
2021-12-13,1.945289951
2021-12-14,2.0055774381
2021-12-15,2.0271269455
2021-12-16,1.9791706655
2021-12-17,1.925869089
2021-12-18,1.9492852447
2021-12-19,1.9479321359
2021-12-20,1.9516729604
2021-12-21,2.0379083485
2021-12-22,2.0213877353
2021-12-23,2.1037853531
2021-12-24,2.105569064
2021-12-25,2.0979334136
2021-12-26,2.1057056305
2021-12-27,2.1047120034
2021-12-28,1.977412285
2021-12-29,1.9293542034
2021-12-30,1.9560318273
2021-12-31,1.9250598266
2022-01-01,1.9744997217
2022-01-02,1.9658616567
2022-01-03,1.9291395673
2022-01-04,1.9082514697
2022-01-05,1.8118773665
2022-01-06,1.7973795334
2022-01-07,1.7328756627
2022-01-08,1.7453695346
2022-01-09,1.7492839626
2022-01-10,1.7471947976
2022-01-11,1.7872041456
2022-01-12,1.8355698529
2022-01-13,1.7810611573
2022-01-14,1.8008573864
2022-01-15,1.8050167799
2022-01-16,1.8032439853
2022-01-17,1.7648685479
2022-01-18,1.7745890438
2022-01-19,1.7501958602
2022-01-20,1.7091843937
2022-01-21,1.538419145
2022-01-22,1.4779873273
2022-01-23,1.5317546638
2022-01-24,1.5498361133
2022-01-25,1.5623819785
2022-01-26,1.55822213
2022-01-27,1.566571586
2022-01-28,1.5999951377
2022-01-29,1.6160765947
2022-01-30,1.6130259261
2022-01-31,1.6338370284
2022-02-01,1.6343578636
2022-02-02,1.5580049931
2022-02-03,1.5633635707
2022-02-04,1.7299812204
2022-02-05,1.7473270297
2022-02-06,1.7824192236
2022-02-07,1.8438240743
2022-02-08,1.8533386226
2022-02-09,1.8621168757
2022-02-10,1.8277126945
2022-02-11,1.7743734353
2022-02-12,1.7664441301
2022-02-13,1.7672205966
2022-02-14,1.7859142419
2022-02-15,1.8613049796
2022-02-16,1.8421255443
2022-02-17,1.7000544441
2022-02-18,1.6774620646
2022-02-19,1.6797115723
2022-02-20,1.6159123275
2022-02-21,1.5565384233
2022-02-22,1.6028922067
2022-02-23,1.5658105122
2022-02-24,1.6069115256
2022-02-25,1.6506106469
2022-02-26,1.6398846393
2022-02-27,1.5822474817
2022-02-28,1.806457169
2022-03-01,1.8520363376
2022-03-02,1.8364598699
2022-03-03,1.7733488633
2022-03-04,1.6352768086
2022-03-05,1.6468501749
2022-03-06,1.6059768759
2022-03-07,1.5961361858
2022-03-08,1.6200382682
2022-03-09,1.7545298303
2022-03-10,1.651410681
2022-03-11,1.6217947136
2022-03-12,1.6269742112
2022-03-13,1.5796049973
2022-03-14,1.6556630237
2022-03-15,1.6439250749
2022-03-16,1.7147131781
2022-03-17,1.709859375
2022-03-18,1.7448223246
2022-03-19,1.7593453277
2022-03-20,1.722013106
2022-03-21,1.712585088
2022-03-22,1.7660832781
2022-03-23,1.7793613384
2022-03-24,1.8290783559
2022-03-25,1.835272837
2022-03-26,1.8419063131
2022-03-27,1.9323769551
2022-03-28,1.9466910896
2022-03-29,1.9528101491
2022-03-30,1.9377068393
2022-03-31,1.8741846295
2022-04-01,1.9004395852
2022-04-02,1.8877111904
2022-04-03,1.9072472648
2022-04-04,1.9148999607
2022-04-05,1.8751157779
2022-04-06,1.779248871
2022-04-07,1.7903118642
2022-04-08,1.7363834743
2022-04-09,1.7550552376
2022-04-10,1.7382271036
2022-04-11,1.6287941862
2022-04-12,1.649291441
2022-04-13,1.6919617839
2022-04-14,1.6398491081
2022-04-15,1.6645850004
2022-04-16,1.6611077581
2022-04-17,1.6311710274
2022-04-18,1.6767004813
2022-04-19,1.7037125594
2022-04-20,1.6998040285
2022-04-21,1.6584358927
2022-04-22,1.6303432795
2022-04-23,1.6240786185
2022-04-24,1.6212924522
2022-04-25,1.6609674778
2022-04-26,1.5648816408
2022-04-27,1.6117710013
2022-04-28,1.6334918721
2022-04-29,1.5880871796
2022-04-30,1.5520221182
2022-05-01,1.5826141723
2022-05-02,1.5889736693
2022-05-03,1.5549699358
2022-05-04,1.6334634981
2022-05-05,1.5068241633
2022-05-06,1.4893655797
2022-05-07,1.4679864647
2022-05-08,1.409661711
2022-05-09,1.2684213429
2022-05-10,1.2933562716
2022-05-11,1.2092481836
2022-05-12,1.2219519999
2022-05-13,1.2340976912
2022-05-14,1.2645442924
2022-05-15,1.3118718118
2022-05-16,1.2590919561
2022-05-17,1.2830948723
2022-05-18,1.2147510366
2022-05-19,1.2786063664
2022-05-20,1.2372992591
2022-05-21,1.245861469
2022-05-22,1.2842560595
2022-05-23,1.2332456645
2022-05-24,1.2570420323
2022-05-25,1.2547946002
2022-05-26,1.2455942358
2022-05-27,1.2166093682
2022-05-28,1.235072455
2022-05-29,1.2514338495
2022-05-30,1.3489978914
2022-05-31,1.3521486631
2022-06-01,1.2687718674
2022-06-02,1.3004123648
2022-06-03,1.2660021785
2022-06-04,1.2727540345
2022-06-05,1.278298848
2022-06-06,1.3394368626
2022-06-07,1.3341828312
2022-06-08,1.2945277193
2022-06-09,1.289208445
2022-06-10,1.2477543321
2022-06-11,1.2186165689
2022-06-12,1.1543694434
2022-06-13,0.9706562134
2022-06-14,0.9668876003
2022-06-15,0.9908711843
2022-06-16,0.8971817363
2022-06-17,0.9063913512
2022-06-18,0.8459798085
2022-06-19,0.9119345082
2022-06-20,0.9163370569
2022-06-21,0.923070435
2022-06-22,0.8938932711
2022-06-23,0.9430438867
2022-06-24,0.9527793332
2022-06-25,0.9601101999
2022-06-26,0.9423772232
2022-06-27,0.9291225823
2022-06-28,0.9082006995
2022-06-29,0.901235947
2022-06-30,0.8710448876
2022-07-01,0.8727028437
2022-07-02,0.8682596317
2022-07-03,0.8708197123
2022-07-04,0.9138233398
2022-07-05,0.9127227203
2022-07-06,0.9310271494
2022-07-07,0.9803884709
2022-07-08,0.9882304177
2022-07-09,0.9793874403
2022-07-10,0.9455412889
2022-07-11,0.9092772772
2022-07-12,0.8813851576
2022-07-13,0.9187195332
2022-07-14,0.9377289325
2022-07-15,0.9540096271
2022-07-16,0.9706893729
2022-07-17,0.9539949586
2022-07-19,1.0713078088
2022-07-20,1.0668926965
2022-07-21,1.0628809482
2022-07-22,1.0445351305
2022-07-23,1.0349914272
2022-07-24,1.043001652
2022-07-25,0.9916489105
2022-07-26,0.9772598723
2022-07-27,1.0559263561
2022-07-28,1.0987086059
2022-07-29,1.1039110941
2022-07-30,1.0888837233
2022-07-31,1.076902944
2022-08-01,1.0758888755
2022-08-02,1.0625178659
2022-08-03,1.0526205672
2022-08-04,1.0449146691
2022-08-05,1.0734962304
2022-08-06,1.0618814026
2022-08-07,1.0691372981
2022-08-08,1.0989838528
2022-08-09,1.0718142072
2022-08-10,1.1050622592
2022-08-11,1.1058263961
2022-08-12,1.1268995168
2022-08-13,1.1283193745
2022-08-14,1.1232215599
2022-08-15,1.1128628045
2022-08-16,1.1030174082
2022-08-17,1.0791713915
2022-08-18,1.074072945
2022-08-19,0.9686299259
2022-08-20,0.979898258
2022-08-21,0.9988274216
2022-08-22,0.9877021556
2022-08-23,0.9987128998
2022-08-24,0.9939943514
2022-08-25,1.0018330852
2022-08-26,0.9403070032
2022-08-27,0.9313044031
2022-08-28,0.9141673484
2022-08-29,0.9418969589
2022-08-30,0.9223446931
2022-08-31,0.9320061016
2022-09-01,0.9361853727
2022-09-02,0.9295469962
2022-09-03,0.9229954631
2022-09-04,0.9302362591
2022-09-05,0.9228732966
2022-09-06,0.8798078153
2022-09-07,0.9009542999
2022-09-08,0.9027200491
2022-09-09,0.9976187554
2022-09-10,1.0139979271
2022-09-11,1.0150642517
2022-09-12,1.0444744346
2022-09-13,0.9448136826
2022-09-14,0.9495742435
2022-09-15,0.9250590187
2022-09-16,0.9274621387
2022-09-17,0.9453934063
2022-09-18,0.9131228838
2022-09-19,0.9198846099
2022-09-20,0.8883321452
2022-09-21,0.8717377882
2022-09-22,0.9145698298
2022-09-23,0.9106504493
2022-09-24,0.891878515
2022-09-25,0.8859200868
2022-09-26,0.9052509551
2022-09-27,0.9014720589
2022-09-28,0.9185128341
2022-09-29,0.9231392802
2022-09-30,0.919027338
2022-10-01,0.913361847
2022-10-02,0.8995468323
2022-10-03,0.928871559
2022-10-04,0.9623513791
2022-10-05,0.9538945077
2022-10-06,0.9445404987
2022-10-07,0.9253282316
2022-10-08,0.9200460872
2022-10-09,0.9207035564
2022-10-10,0.9081313656
2022-10-11,0.9030084749
2022-10-12,0.9088331728
2022-10-13,0.9199949104
2022-10-14,0.9102860159
2022-10-15,0.9053001222
2022-10-16,0.9145269032
2022-10-17,0.9293696194
2022-10-18,0.9186317987
2022-10-19,0.9092051147
2022-10-20,0.9048054487
2022-10-21,0.9117328743
2022-10-22,0.9134367844
2022-10-23,0.9304998017
2022-10-24,0.920059244
2022-10-25,0.955617462
2022-10-26,0.9887175627
2022-10-27,0.9643247583
2022-10-28,0.9797794525
2022-10-29,0.9893094768
2022-10-30,0.980644843
2022-10-31,0.974893867
2022-11-01,0.9748478936
2022-11-02,0.9591846865
2022-11-03,0.9617300622
2022-11-04,1.0059765231
2022-11-05,1.0119602588
2022-11-06,0.9961583693
2022-11-07,0.9805740702
2022-11-08,0.8846195604
2022-11-09,0.755856748
2022-11-10,0.8424190899
2022-11-11,0.813734309
2022-11-12,0.808790423
2022-11-13,0.7876368132
2022-11-14,0.8039024369
2022-11-15,0.816259775
2022-11-16,0.8086117113
2022-11-17,0.8127830771
2022-11-18,0.8208991466
2022-11-19,0.8230688018
2022-11-20,0.8015231472
2022-11-21,0.7798335252
2022-11-22,0.8004171508
2022-11-23,0.8198292504
2022-11-24,0.8206766215
2022-11-25,0.8181681031
2022-11-26,0.8150442956
2022-11-27,0.8145953451
2022-11-28,0.8045830732
2022-11-29,0.8164147294
2022-11-30,0.8532370982
2022-12-01,0.8429272276
2022-12-02,0.849061332
2022-12-03,0.8405573807
2022-12-04,0.8521043396
2022-12-05,0.8466090237
2022-12-06,0.8528387548
2022-12-07,0.8419616601
2022-12-08,0.8614980684
2022-12-09,0.8575096039
2022-12-10,0.8569242535
2022-12-11,0.8556539398
2022-12-12,0.860893432
2022-12-13,0.8902400373
2022-12-14,0.8925235619
2022-12-15,0.8695072964
2022-12-16,0.8330186099
2022-12-17,0.8417158221
2022-12-18,0.8419971471
2022-12-19,0.8248931201
2022-12-20,0.8490628707
2022-12-21,0.8446624605
2022-12-22,0.8458559596
2022-12-23,0.844720938
2022-12-24,0.8477627867
2022-12-25,0.8475671893
2022-12-26,0.8504626236
2022-12-27,0.8416498046
2022-12-28,0.8347273774
2022-12-29,0.8397036571
2022-12-30,0.8381894639
2022-12-31,0.8364803685
2023-01-01,0.840789241
2023-01-02,0.8450149204
2023-01-03,0.8444673573
2023-01-04,0.8540052628
2023-01-05,0.8531106059
2023-01-06,0.8601389903
2023-01-07,0.8595885082
2023-01-08,0.865625213
2023-01-09,0.8719729639
2023-01-10,0.8849221998
2023-01-11,0.9055044656
2023-01-12,0.9578021426
2023-01-13,1.0078172718
2023-01-14,1.0650587344
2023-01-15,1.0581657417
2023-01-16,1.0732081447
2023-01-17,1.0724894491
2023-01-18,1.0489580508
2023-01-19,1.0676111962
2023-01-20,1.1473012121
2023-01-21,1.1541915851
2023-01-22,1.1494161182
2023-01-23,1.1599746986
2023-01-24,1.143726951
2023-01-25,1.1683364844
2023-01-26,1.1639757661
2023-01-27,1.1678214525
2023-01-28,1.1645221645
2023-01-29,1.2029094845
2023-01-30,1.1533336914
2023-01-31,1.169652045
2023-02-01,1.1985726891
2023-02-02,1.1871141837
2023-02-03,1.1837038364
2023-02-04,1.1787370057
2023-02-05,1.1586462888
2023-02-06,1.1479254812
2023-02-07,1.1739890886
2023-02-08,1.1571349826
2023-02-09,1.1009160594
2023-02-10,1.0912619575
2023-02-11,1.1035989693
2023-02-12,1.0990224412
2023-02-13,1.1004568182
2023-02-14,1.1218079829
2023-02-15,1.2258565193
2023-02-16,1.1971252332
2023-02-17,1.2401753777
2023-02-18,1.2414292809
2023-02-19,1.2277005197
2023-02-20,1.2490650005
2023-02-21,1.2289179932
2023-02-22,1.2172372358
2023-02-23,1.2043302051
2023-02-24,1.1677463744
2023-02-25,1.1669544556
2023-02-26,1.1860821336
2023-02-27,1.1838933954
2023-02-28,1.1670027395
2023-03-01,1.1910946042
2023-03-02,1.1841096486
2023-03-03,1.1280081355
2023-03-04,1.127241967
2023-03-05,1.1322124225
2023-03-06,1.1321915445
2023-03-07,1.1239503435
2023-03-08,1.1003051051
2023-03-09,1.0326739808
2023-03-10,1.0276812577
2023-03-17,1.3853799393
2023-03-18,1.3614803463
2023-03-19,1.4210212501
2023-03-20,1.4021166365
2023-03-21,1.4179003874
2023-03-22,1.3755912267
2023-03-23,1.4262373646
2023-03-24,1.3794363046
2023-03-25,1.3804915811
2023-03-27,1.3619176309
2023-03-28,1.3679096326
2023-03-29,1.4221510533
2023-03-30,1.4254687036
2023-03-31,1.4491587353
2023-04-01,1.4475179259
2023-04-02,1.430477714
2023-04-03,1.4142781421
2023-04-04,1.4270148956
2023-04-05,1.4296268608
2023-04-06,1.4220997324
2023-04-07,1.4167203166
2023-04-08,1.4179461882
2023-04-09,1.437716511
2023-04-10,1.5036002998
2023-04-11,1.529355328
2023-04-12,1.5127616062
2023-04-13,1.534573329
2023-04-14,1.5374319979
2023-04-15,1.5312798527
2023-04-16,1.5295222318
2023-04-17,1.4870145495
2023-04-18,1.530942191
2023-04-19,1.4516607538
2023-04-20,1.4242637659
2023-04-21,1.3760338518
2023-04-22,1.4028289037
2023-04-23,1.3913615887
2023-04-24,1.3870901921
2023-04-25,1.4261499369
2023-04-26,1.4300160121
2023-04-27,1.4837337095
2023-04-28,1.477009799
2023-04-29,1.4699210901
2023-04-30,1.4768060947
2023-05-01,1.4144021755
2023-05-02,1.4429801113
2023-05-03,1.4582487798
2023-05-04,1.4486637733
2023-05-05,1.4830993023
2023-05-06,1.4503095603
2023-05-07,1.4362983759
2023-05-08,1.3846662342
2023-05-09,1.3802688836
2023-05-10,1.3806423651
2023-05-11,1.3479491846
2023-05-12,1.3371505023
2023-05-13,1.3405646255
2023-05-14,1.3442425056
2023-05-15,1.3584306651
2023-05-16,1.3477046014
2023-05-17,1.3660894768
2023-05-18,1.3384249372
2023-05-19,1.3409056983
2023-05-20,1.3513355311
2023-05-21,1.3351954801
2023-05-22,1.3390450413
2023-05-23,1.3569149286
2023-05-24,1.313052434
2023-05-25,1.3185897309
2023-05-26,1.3301275334
2023-05-27,1.3367698036
2023-05-28,1.3980809942
2023-05-29,1.381237522
2023-05-30,1.3781486535
2023-05-31,1.3534292449
2023-06-01,1.3338497229
2023-06-02,1.3548665805
2023-06-03,1.3461195671
2023-06-04,1.3500169913
2023-06-05,1.2826948303
2023-06-06,1.3528448574
2023-06-07,1.3094962864
2023-06-08,1.3184465993
2023-06-09,1.3158990323
2023-06-10,1.2860843771
2023-06-11,1.2882737128
2023-06-12,1.2884339239
2023-06-13,1.286965707
2023-06-14,1.2483899076
2023-06-15,1.2713568209
2023-06-16,1.3094499025
2023-06-17,1.3185709848
2023-06-18,1.3102003133
2023-06-19,1.331864866
2023-06-20,1.4074311859
2023-06-21,1.4945884581
2023-06-22,1.4863634583
2023-06-23,1.5188343302
2023-06-24,1.5136527654
2023-06-25,1.5091101387
2023-06-26,1.4976774983
2023-06-27,1.5169572925
2023-06-28,1.4877327108
2023-06-29,1.50540049
2023-06-30,1.505585729
2023-07-01,1.508248538
2023-07-02,1.5085251988
2023-07-03,1.5343153581
2023-07-04,1.517391725
2023-07-05,1.5022145883
2023-07-06,1.4784826614
2023-07-07,1.4953454947
2023-07-08,1.4918769873
2023-07-09,1.4867276258
2023-07-10,1.4976447826
2023-07-11,1.5077244635
2023-07-12,1.4959675622
2023-07-13,1.5470104827
2023-07-14,1.4916740794
2023-07-15,1.4905826544
2023-07-16,1.4884293532
2023-07-17,1.4835535728
2023-07-18,1.4678208858
2023-07-19,1.4711885334
2023-07-20,1.4656251555
2023-07-21,1.471515389
2023-07-22,1.4618290768
2023-07-23,1.4782997426
2023-07-26,1.4437843386
2023-07-27,1.4373008031
2023-07-28,1.447859108
2023-07-29,1.4499697404
2023-07-30,1.4451177724
2023-07-31,1.4431846807
2023-08-01,1.4568099008
2023-08-02,1.4397533658
2023-08-03,1.4420918933
2023-08-04,1.4353017253
2023-08-05,1.4350482699
2023-08-06,1.4346782082
2023-08-07,1.4403789856
2023-08-08,1.4705595711
2023-08-09,1.4604913399
2023-08-10,1.4529341205
2023-08-11,1.4511641148
2023-08-12,1.451707719
2023-08-13,1.4451317126
2023-08-14,1.451112743
2023-08-15,1.4391510028
2023-08-16,1.4188846034
2023-08-17,1.3165937646
2023-08-18,1.2867963061
2023-08-19,1.2897331531
2023-08-20,1.2938434399
2023-08-21,1.2914616002
2023-08-22,1.2843875554
2023-08-23,1.3079167104
2023-08-24,1.2921705932
2023-08-25,1.2883380048
2023-08-26,1.2867398787
2023-08-27,1.2905653614
2023-08-28,1.2915689861
2023-08-29,1.3695043588
2023-08-30,1.3510843929
2023-08-31,1.2851337322
2023-09-01,1.2780544316
2023-09-02,1.2813683754
2023-09-03,1.2861410708
2023-09-04,1.2782048414
2023-09-05,1.2777108273
2023-09-06,1.2765650032
2023-09-07,1.2991540721
2023-09-08,1.2841457376
2023-09-09,1.2837720984
2023-09-10,1.2806744701
2023-09-11,1.2466311824
2023-09-12,1.282489587
2023-09-13,1.3006938215
2023-09-14,1.3165122601
2023-09-15,1.3221088204
2023-09-16,1.3162431129
2023-09-17,1.3135615938
2023-09-18,1.3262067639
2023-09-19,1.3474808544
2023-09-20,1.3433527787
2023-09-21,1.3156723047
2023-09-22,1.3161646893
2023-09-23,1.3158861984
2023-09-24,1.3016159507
2023-09-25,1.3017690578
2023-09-26,1.2971580846
2023-09-27,1.3042204912
2023-09-28,1.3383812933
2023-09-29,1.3321853602
2023-09-30,1.3352679475
2023-10-01,1.3584352456
2023-10-02,1.3519570927
2023-10-03,1.3690355701
2023-10-04,1.3509819689
2023-10-05,1.3758105847
2023-10-06,1.3769216326
2023-10-07,1.3750350488
2023-10-08,1.3576435018
2023-10-09,1.3492249055
2023-10-10,1.3202674351
2023-10-11,1.3161519354
2023-10-12,1.3212206097
2023-10-13,1.3215596997
2023-10-14,1.3346449803
2023-10-15,1.4014847025
2023-10-16,1.3975697871
2023-10-17,1.3921472476
2023-10-18,1.4101632064
2023-10-19,1.4588475793
2023-10-20,1.4691575361
2023-10-21,1.4718604303
2023-10-22,1.613500606
2023-10-23,1.6543975577
2023-10-24,1.6816017814
2023-10-25,1.6636629181
2023-10-26,1.6487935045
2023-10-27,1.6573894555
2023-10-28,1.6799879045
2023-10-29,1.6747004769
2023-10-30,1.6799862083
2023-10-31,1.715331297
2023-11-01,1.6874327862
2023-11-02,1.6774732815
2023-11-03,1.6951980479
2023-11-04,1.6953136325
2023-11-05,1.6900628478
2023-11-06,1.7076932808
2023-11-07,1.724477503
2023-11-08,1.7622009644
2023-11-09,1.7928536687
2023-11-10,1.7735811119
2023-11-11,1.7764983663
2023-11-12,1.7512217149
2023-11-13,1.7054020615
2023-11-14,1.8101529145
2023-11-15,1.7292370758
2023-11-16,1.7478065432
2023-11-17,1.7476968969
2023-11-18,1.7881457506
2023-11-19,1.789732455
2023-11-20,1.7177209661
2023-11-21,1.7806550974
2023-11-22,1.7755708342
2023-11-23,1.7936646056
2023-11-24,1.7969383115
2023-11-25,1.78124713
2023-11-26,1.7686998843
2023-11-27,1.7956949985
2023-11-28,1.7944431855
2023-11-29,1.7877907248
2023-11-30,1.8319584303
2023-12-01,1.8665626361
2023-12-02,1.8895714928
2023-12-03,1.9741576609
2023-12-04,2.0702101109
2023-12-05,2.0490049817
2023-12-06,2.024192806
2023-12-07,2.0635541278
2023-12-08,2.0406038289
2023-12-09,2.0391265418
2023-12-10,1.9204216041
2023-12-11,1.928403639
2023-12-12,1.9945074561
2023-12-13,1.9970760149
2023-12-14,1.9455841871
2023-12-15,1.9545876038
2023-12-16,1.9184329379
2023-12-17,1.9709975603
2023-12-18,1.9522667178
2023-12-19,2.0103551579
2023-12-20,2.0205534769
2023-12-21,2.0243491863
2023-12-22,2.0120469537
2023-12-23,1.9789937726
2023-12-24,2.0021680715
2023-12-25,1.9476663547
2023-12-26,1.9845428211
2023-12-27,1.948191066
2023-12-28,1.9152891682
2023-12-29,1.9235259549
2023-12-30,1.9231471031
2023-12-31,2.005011406
2024-01-01,2.0418437448
2024-01-02,1.9416078153
2024-01-03,1.9912804764
2024-01-04,1.9837543938
2024-01-05,1.9726268275
2024-01-06,1.9685893922
2024-01-07,2.1051996041
2024-01-08,2.0611118207
2024-01-09,2.0904374799
2024-01-10,2.067553091
2024-01-11,1.9101571436
2024-01-12,1.9110173446
2024-01-13,1.868072683
2024-01-14,1.8958170025
2024-01-15,1.9151314987
2024-01-16,1.8929206703
2024-01-17,1.8264054966
2024-01-18,1.8403264986
2024-01-19,1.8428282856
2024-01-20,1.8367873761
2024-01-21,1.7507031179
2024-01-22,1.7568523817
2024-01-23,1.7693985375
2024-01-24,1.7599128975
2024-01-25,1.8436580045
2024-01-26,1.8545381652
2024-01-27,1.8478239381
2024-01-28,1.9002814046
2024-01-29,1.8844546437
2024-01-30,1.8657765693
2024-01-31,1.8836926898
2024-02-01,1.8884791269
2024-02-02,1.8806474194
2024-02-03,1.862423696
2024-02-04,1.8633256308
2024-02-05,1.8817773139
2024-02-06,1.9299058989
2024-02-07,1.9742447014
2024-02-08,2.0508943048
2024-02-09,2.0757436281
2024-02-10,2.0916792565
2024-02-11,2.1634511487
2024-02-12,2.144571751
2024-02-13,2.2274815642
2024-02-14,2.2276728569
2024-02-15,2.2333610656
2024-02-16,2.2111085865
2024-02-17,2.2292090567
2024-02-18,2.2077200441
2024-02-19,2.2264111775
2024-02-20,2.1992232557
2024-02-21,2.1762567543
2024-02-22,2.1510442472
2024-02-23,2.1828745585
2024-02-24,2.1887233047
2024-02-25,2.3003558081
2024-02-26,2.3929675146
2024-02-27,2.5788045165
2024-02-28,2.523625575
2024-02-29,2.5521937641
2024-03-01,2.5305150943
2024-03-02,2.5649124468
2024-03-03,2.7511989024
2024-03-04,2.5657819267
2024-03-05,2.6122263716
2024-03-06,2.6306943058
2024-03-07,2.6637737844
2024-03-08,2.6644466699
2024-03-09,2.6733246438
2024-03-10,2.776042557
2024-03-11,2.7328316702
2024-03-12,2.7468365372
2024-03-13,2.6766371382
2024-03-14,2.593181988
2024-03-15,2.4433635236
2024-03-16,2.5419690443
2024-03-17,2.5187535175
2024-03-18,2.3064979961
2024-03-19,2.5174321229
2024-03-20,2.4250564826
2024-03-21,2.3472427791
2024-03-22,2.355130916
2024-03-23,2.4590890421
2024-03-24,2.5319732781
2024-03-25,2.5298580239
2024-03-26,2.4973056177
2024-03-27,2.5423200391
2024-03-28,2.5068143014
2024-03-29,2.495980096
2024-03-30,2.5494727043
2024-03-31,2.4838651747
2024-04-01,2.325824861
2024-04-02,2.3435747391
2024-04-03,2.4223402543
2024-04-04,2.4018396622
2024-04-05,2.4423275437
2024-04-06,2.4497750726
2024-04-07,2.5259426769
2024-04-08,2.4311517978
2024-04-09,2.4808878865
2024-04-10,2.4599308713
2024-04-11,2.3556998372
2024-04-12,2.2667246036
2024-04-13,2.3037975135
2024-04-14,2.2246535918
2024-04-15,2.2355830606
2024-04-16,2.1501155328
2024-04-17,2.2236570902
2024-04-18,2.2295217974
2024-04-19,2.2688742281
2024-04-20,2.2701785738
2024-04-21,2.3363714168
2024-04-22,2.3154306058
2024-04-23,2.2291863781
2024-04-24,2.2394126448
2024-04-25,2.2133958821
2024-04-26,2.2002932927
2024-04-27,2.1827395046
2024-04-28,2.2130499637
2024-04-29,2.0994916596
2024-04-30,2.0151629582
2024-05-01,2.050901531
2024-05-02,2.1806782494
2024-05-03,2.2107256768
2024-05-04,2.2166550671
2024-05-05,2.1862028539
2024-05-06,2.1572054691
2024-05-07,2.1105409351
2024-05-08,2.1752235607
2024-05-09,2.102988745
2024-05-10,2.1004487029
2024-05-11,2.1197457954
2024-05-12,2.1682332711
2024-05-13,2.1214066416
2024-05-14,2.2757055335
2024-05-15,2.2388137372
2024-05-16,2.2935328828
2024-05-17,2.2933518177
2024-05-18,2.2677414334
2024-05-19,2.4307325753
2024-05-20,2.3921771157
2024-05-21,2.3505085491
2024-05-22,2.3034260097
2024-05-23,2.3299424009
2024-05-24,2.3517552478
2024-05-25,2.3218572584
2024-05-26,2.3492890097
2024-05-27,2.2760254059
2024-05-28,2.2496667715
2024-05-29,2.2745939328
2024-05-30,2.24043464
2024-05-31,2.2508117116
2024-06-01,2.2528906118
2024-06-02,2.2828440844
2024-06-03,2.3360350286
2024-06-04,2.3500515646
2024-06-05,2.3338071263
2024-06-06,2.2837674998
2024-06-07,2.2817536565
2024-06-08,2.2917836922
2024-06-09,2.284430209
2024-06-10,2.2107971043
2024-06-11,2.236528862
2024-06-12,2.1891939191
2024-06-13,2.162288949
2024-06-14,2.1685742823
2024-06-15,2.1817007809
2024-06-16,2.1760076728
2024-06-17,2.13117012
2024-06-18,2.1225273407
2024-06-19,2.1228243446
2024-06-20,2.0948418511
2024-06-21,2.094393636
2024-06-22,2.064629768
2024-06-23,1.9658526058
2024-06-24,2.0138248084
2024-06-25,1.9831428159
2024-06-26,2.0044961115
2024-06-27,1.9633236185
2024-06-28,1.9820900711
2024-06-29,2.0422453528
2024-06-30,2.0431459329
2024-07-01,2.017079158
2024-07-02,1.9564958927
2024-07-03,1.8671311132
2024-07-04,1.8421670633
2024-07-05,1.8917151194
2024-07-06,1.8221287048
2024-07-07,1.842314995
2024-07-08,1.8828261
2024-07-09,1.8736714564
2024-07-10,1.8603917078
2024-07-11,1.8776966975
2024-07-12,1.9244610767
2024-07-13,1.9782522214
2024-07-14,2.0943372358
2024-07-15,2.1024949871
2024-07-16,2.0722141993
2024-07-17,2.0632846079
2024-07-18,2.1467948616
2024-07-19,2.15954455
2024-07-20,2.1861854214
2024-07-21,2.1674823549
2024-07-22,2.1095946217
2024-07-23,2.0910764789
2024-07-24,2.1010522787
2024-07-25,2.167988898
2024-07-26,2.1714952402
2024-07-27,2.1736895046
2024-07-28,2.1303513234
2024-07-29,2.1075366378
2024-07-30,2.060104598
2024-07-31,2.0734466649
2024-08-01,1.9581294923
2024-08-02,1.9319109481
2024-08-03,1.8565810767
2024-08-04,1.7346147837
2024-08-05,1.7901059087
2024-08-06,1.7610266594
2024-08-07,1.9740274688
2024-08-08,1.934847151
2024-08-09,1.9370941401
2024-08-10,1.8727422229
2024-08-11,1.8901440446
2024-08-12,1.9264172217
2024-08-13,1.8735004833
2024-08-14,1.835793832
2024-08-15,1.8765082584
2024-08-16,1.8919031993
2024-08-17,1.8719996094
2024-08-18,1.8912794406
2024-08-19,1.8824266004
2024-08-20,1.9452338462
2024-08-21,1.9211706948
2024-08-22,2.0359039758
2024-08-23,2.0320467515
2024-08-24,2.0465830286
2024-08-25,1.998001383
2024-08-26,1.8919717993
2024-08-27,1.8758270729
2024-08-28,1.8833491529
2024-08-29,1.8769826949
2024-08-30,1.8707369785
2024-08-31,1.8200190107
2024-09-01,1.8771432845
2024-09-02,1.8297296999
2024-09-03,1.8418613706
2024-09-04,1.781930709
2024-09-05,1.7108115438
2024-09-06,1.7182066343
2024-09-07,1.7434693135
2024-09-08,1.8140728116
2024-09-09,1.830850569
2024-09-10,1.8228024762
2024-09-11,1.8449236926
2024-09-12,1.9181664171
2024-09-13,1.9010615225
2024-09-14,1.8731895734
2024-09-15,1.8442090854
2024-09-16,1.9065555694
2024-09-17,1.9384869881
2024-09-18,1.989407371
2024-09-19,1.9912514794
2024-09-20,1.9972246802
2024-09-21,2.0030950405
2024-09-22,1.993210663
2024-09-23,2.0232280725
2024-09-24,1.9808285162
2024-09-25,2.0409098225
2024-09-26,2.0611335889
2024-09-27,2.0597348975
2024-09-28,2.0543777934
2024-09-29,1.9806559747
2024-09-30,1.9063068111
2024-10-01,1.9011356321
2024-10-02,1.9036677656
2024-10-03,1.942653037
2024-10-04,1.9416000184
2024-10-05,1.9647361907
2024-10-06,1.9524556302
2024-10-07,1.9267801833
2024-10-08,1.8801582829
2024-10-09,1.8686506904
2024-10-10,1.9319116699
2024-10-11,1.9539703377
2024-10-12,1.9395474296
2024-10-13,2.0395222132
2024-10-14,2.0601812063
2024-10-15,2.0798525869
2024-10-16,2.0678234053
2024-10-17,2.097751627
2024-10-18,2.0952936596
2024-10-19,2.1103072568
2024-10-20,2.0569284955
2024-10-21,2.054857304
2024-10-22,2.0301499646
2024-10-23,2.0735534318
2024-10-24,2.01588239
2024-10-25,2.0383854055
2024-10-26,2.0672450714
2024-10-27,2.1207965911
2024-10-28,2.1993875776
2024-10-29,2.1895048875
2024-10-30,2.1253164194
2024-10-31,2.0967171175
2024-11-01,2.0884695157
2024-11-02,2.072996078
2024-11-03,2.0421715913
2024-11-04,2.0934035678
2024-11-05,2.2653838612
2024-11-06,2.2680791481
2024-11-07,2.2784564278
2024-11-08,2.2854908075
2024-11-09,2.3862991652
2024-11-10,2.6147362044
2024-11-11,2.5744027189
2024-11-12,2.6237625095
2024-11-13,2.516917131
2024-11-14,2.6166281818
2024-11-15,2.5963251574
2024-11-16,2.5700459575
2024-11-17,2.5867674361
2024-11-18,2.6160966921
2024-11-19,2.6545840512
2024-11-20,2.7357035205
2024-11-21,2.7268624608
2024-11-22,2.6824758358
2024-11-23,2.6841901452
2024-11-24,2.5509368688
2024-11-25,2.5041717745
2024-11-26,2.6069535452
2024-11-27,2.5937387639
2024-11-28,2.6309948423
2024-11-29,2.6035102736
2024-11-30,2.6275900124
2024-12-01,2.5726102713
2024-12-02,2.5714581345
2024-12-03,2.6375374682
2024-12-04,2.5624396365
2024-12-05,2.6197013566
2024-12-06,2.6172416537
2024-12-07,2.6358303474
2024-12-08,2.5283215622
2024-12-09,2.5042559556
2024-12-10,2.6078259887
2024-12-11,2.5725090268
2024-12-12,2.5964143923
2024-12-13,2.5956011229
2024-12-14,2.671579603
2024-12-15,2.6904870242
2024-12-16,2.6825053487
2024-12-17,2.5337669289
2024-12-18,2.4492506818
2024-12-19,2.4389237017
2024-12-20,2.4247953422
2024-12-21,2.368324683
2024-12-22,2.3466031181
2024-12-23,2.4325472896
2024-12-24,2.4457574461
2024-12-25,2.3548963638
2024-12-26,2.3165360463
2024-12-27,2.33739219
2024-12-28,2.2939806186
2024-12-29,2.2644472435
2024-12-30,2.2808124449
2024-12-31,2.3030404933
2025-01-01,2.3578841475
2025-01-02,2.3862905575
2025-01-03,2.3875160097
2025-01-04,2.3909658601
2025-01-05,2.4770627997
2025-01-06,2.3467027834
2025-01-07,2.2986659047
2025-01-08,2.2338202388
2025-01-09,2.2900825367
2025-01-10,2.2855017072
2025-01-11,2.2786577581
2025-01-12,2.277984509
2025-01-13,2.3280580565
2025-01-14,2.4095410828
2025-01-15,2.3989108291
2025-01-16,2.495913169
2025-01-17,2.4946785706
2025-01-18,2.4106728701
2025-01-19,2.4450561328
2025-01-20,2.5188589005
2025-01-21,2.4590184751
2025-01-22,2.4554472814
2025-01-23,2.4651832102
2025-01-24,2.4670204526
2025-01-25,2.4183617001
2025-01-26,2.3934124984
2025-01-27,2.3732871182
2025-01-28,2.4363189634
2025-01-29,2.457756213
2025-01-30,2.3926271926
2025-01-31,2.353296239
2025-02-01,2.2785882985
2025-02-02,2.371727105
2025-02-03,2.2807500943
2025-02-04,2.2465355833
2025-02-05,2.2433141715
2025-02-06,2.2387599647
2025-02-07,2.242988587
2025-02-08,2.2325321609
2025-02-09,2.2560105134
2025-02-10,2.2178405166
2025-02-11,2.261466529
2025-02-12,2.2326518009
2025-02-13,2.2516623242
2025-02-14,2.2544837904
2025-02-15,2.2219614753
2025-02-16,2.2125510049
2025-02-17,2.2037234329
2025-02-18,2.2304732158
2025-02-19,2.2691633759
2025-02-20,2.2145337837
2025-02-21,2.2259723482
2025-02-22,2.2136169677
2025-02-23,2.1164194814
2025-02-24,2.0450571926
2025-02-25,1.9371568883
2025-02-26,1.9512523009
2025-02-27,1.942882196
2025-02-28,1.9797721956
2025-03-01,2.1723352789
2025-03-02,1.9890487557
2025-03-03,2.0119266112
2025-03-04,2.0854997426
2025-03-05,2.0745880338
2025-03-06,1.9906054559
2025-03-07,1.98170256
2025-03-08,1.8553174468
2025-03-09,1.8183074681
2025-03-10,1.9029557814
2025-03-11,1.921883427
2025-03-12,1.8643346155
2025-03-13,1.9320354593
2025-03-14,1.9374873261
2025-03-15,1.8947461195
2025-03-16,1.9296028955
2025-03-17,1.8989060237
2025-03-18,1.9911932421
2025-03-19,1.9298268038
2025-03-20,1.928165154
2025-03-21,1.9223588316
2025-03-22,1.9663809861
2025-03-23,2.0008793939
2025-03-24,2.002674104
2025-03-25,1.9885114032
2025-03-26,1.9967090942
2025-03-27,1.9282823462
2025-03-28,1.8872433668
2025-03-29,1.8812161854
2025-03-30,1.8870880493
2025-03-31,1.9500766862
2025-04-01,1.8882773504
2025-04-02,1.8941542618
2025-04-03,1.9126673444
2025-04-04,1.9016833447
2025-04-05,1.7801240636
2025-04-06,1.8128169227
2025-04-07,1.7439655746
2025-04-08,1.8872309635
2025-04-09,1.8147281216
2025-04-10,1.9005276237
2025-04-11,1.9432833469
2025-04-12,1.9039218772
2025-04-13,1.9262023236
2025-04-14,1.9071370552
2025-04-15,1.9172708051
2025-04-16,1.9396573992
2025-04-17,1.927799317
2025-04-18,1.9434572717
2025-04-19,1.9426378432
2025-04-20,1.9927995689
2025-04-21,2.1282639231
2025-04-22,2.1261098636
2025-04-23,2.1261940447
2025-04-24,2.1396892286
2025-04-25,2.1368454882
2025-04-26,2.1163030783
2025-04-27,2.1414599497
2025-04-28,2.116491594
2025-04-29,2.1176644192
2025-04-30,2.1635056909
2025-05-01,2.1700257371
2025-05-02,2.1488276411
2025-05-03,2.1136160469
2025-05-04,2.119831517
2025-05-05,2.1566030191
2025-05-06,2.1641775871
2025-05-07,2.2908345636
2025-05-08,2.2831068959
2025-05-09,2.3179930154
2025-05-10,2.3031484792
2025-05-11,2.2765475124
2025-05-12,2.2970209364
2025-05-13,2.2817352098
2025-05-14,2.2793299047
2025-05-15,2.2729259864
2025-05-16,2.2639713984
2025-05-17,2.3240704676
2025-05-18,2.3094629534
2025-05-19,2.332818761
2025-05-20,2.3871324858
2025-05-21,2.4191148693
2025-05-22,2.3252441852
2025-05-23,2.3375230633
2025-05-24,2.3575883786
2025-05-25,2.3615409623
2025-05-26,2.3483230152
2025-05-27,2.3195657659
2025-05-28,2.2695159174
2025-05-29,2.2301710388
2025-05-30,2.2453195179
2025-05-31,2.2668244854
2025-06-01,2.2631740322
2025-06-02,2.2490498506
2025-06-03,2.2306295387
2025-06-04,2.1644219757
2025-06-05,2.2213772592
2025-06-06,2.2468571844
2025-06-07,2.2465926766
2025-06-08,2.338329142
2025-06-09,2.3319943207
2025-06-10,2.2994649025
2025-06-11,2.2419620476
2025-06-12,2.2394272437
2025-06-13,2.2271438247
2025-06-14,2.2272199714
2025-06-15,2.2587719122
2025-06-16,2.2032072026
2025-06-17,2.2058172538
2025-06-18,2.202308074
2025-06-19,2.1712340907
2025-06-20,2.1341088048
2025-06-21,2.1199152284
2025-06-22,2.2134869832
2025-06-23,2.2203497028
2025-06-24,2.2450664068
2025-06-25,2.2341438253
2025-06-26,2.2307257879
2025-06-27,2.2355962705
2025-06-28,2.2551487869
2025-06-29,2.2244492192
2025-06-30,2.1903714379
2025-07-01,2.2572933278
2025-07-02,2.2682210956
2025-07-03,2.2153450837
2025-07-04,2.2180745577
2025-07-05,2.2363339968
2025-07-06,2.2137003449
2025-07-07,2.2241472453
2025-07-08,2.2682305805
2025-07-09,2.3546017984
2025-07-10,2.3821229046
2025-07-11,2.3734114725
2025-07-12,2.4017092198
2025-07-13,2.4125084332
2025-07-14,2.3641951149
2025-07-15,2.3688751245
2025-07-16,2.3749858049
2025-07-17,2.3403840094
2025-07-18,2.3364142141
2025-07-19,2.3233701383
2025-07-20,2.3218439654
2025-07-21,2.3670956161
2025-07-22,2.3344003546
2025-07-23,2.3257901969
2025-07-24,2.3040271553
2025-07-25,2.3118305041
2025-07-26,2.3388539623
2025-07-27,2.3084821087
2025-07-28,2.3014237166
2025-07-29,2.2955727612
2025-07-30,2.2576734658
2025-07-31,2.2070884137
2025-08-01,2.1923149564
2025-08-02,2.2240971443
2025-08-03,2.2406311052
2025-08-04,2.217899996
2025-08-05,2.2349723955
2025-08-06,2.2781308996
2025-08-07,2.2621480825
2025-08-08,2.2569920501
2025-08-09,2.3074196051
2025-08-10,2.2963769962
2025-08-11,2.32064762
2025-08-12,2.3797391028
2025-08-13,2.2824160062
2025-08-14,2.2576928998
2025-08-15,2.2532741502
2025-08-16,2.2553050008
2025-08-17,2.2296562377
2025-08-18,2.1624059611
2025-08-19,2.1875933939
2025-08-20,2.1500922222
2025-08-21,2.2309603182
2025-08-22,2.2012721767
2025-08-23,2.1673285045
2025-08-24,2.1016088627
2025-08-25,2.134898566
2025-08-26,2.1218251202
2025-08-27,2.142789122
2025-08-28,2.142789122
2025-08-29,2.0585239708
2025-08-30,2.0630222529
2025-08-31,2.0546539845
2025-09-01,2.066472278
2025-09-02,2.1061331661
2025-09-03,2.1173528687
2025-09-04,2.0988399672
2025-09-05,2.0909910896
2025-09-06,2.0815475487
2025-09-07,2.1007955086
2025-09-08,2.1144853959
2025-09-09,2.1019000165
2025-09-10,2.1459243754
2025-09-11,2.171828406
2025-09-12,2.1834524058
2025-09-13,2.1786789223
2025-09-14,2.1673601179
2025-09-15,2.1656665086
2025-09-16,2.1888798633
2025-09-17,2.1818070245
2025-09-18,2.1884252556
2025-09-19,2.1584515958
2025-09-20,2.160082451
2025-09-21,2.1511992413
2025-09-22,2.103084328
2025-09-23,2.0884207516
2025-09-24,2.1098438041
2025-09-25,2.0312424695
2025-09-26,2.0392977412
2025-09-27,2.038409725
2025-09-28,2.0843982128
2025-09-29,2.1227208767
2025-09-30,2.1128072125
2025-10-01,2.1861550259
2025-10-02,2.2217721958
2025-10-03,2.2492029424
2025-10-04,2.2476390406
2025-10-05,2.266766621
2025-10-06,2.2871454261
2025-10-07,2.2193474273
2025-10-08,2.2486060807
2025-10-09,2.2125534306
2025-10-10,2.0705627876
2025-10-11,2.0194789956
2025-10-12,2.0951257445
2025-10-13,2.0974631769
2025-10-14,2.0568293366
2025-10-15,2.0058910252
2025-10-16,1.9578568172
2025-10-17,1.929283031
2025-10-18,1.9381495178
2025-10-19,1.9659297306
2025-10-20,2.0002412414
2025-10-21,1.9642552687
2025-10-22,1.9422693932
2025-10-23,1.9838505823
2025-10-24,2.0002399698
2025-10-25,2.0101230195
2025-10-26,2.0611419889
2025-10-27,2.0506486977
2025-10-28,2.0106106205
2025-10-29,2.0230253538
2025-10-30,1.9325248322
2025-10-31,1.9596274063
2025-11-01,1.9663440696
2025-11-02,1.9727764691
2025-11-03,1.9727764696
2025-11-04,1.8116855886
2025-11-05,1.8570557344
2025-11-06,1.8097201632
2025-11-07,1.8736
2025-11-08,1.8555
2025-11-09,1.8641651761
2025-11-10,1.8875443601
2025-11-11,1.8318881974
2025-11-12,1.8085099031
2025-11-13,1.8165
2025-11-14,1.6842606973
2025-11-15,1.7025099653
2025-11-16,1.6785525813
2025-11-17,1.6392867114
2025-11-18,1.6545169652
2025-11-19,1.6287395802
2025-11-20,1.5667
2025-11-21,1.5202473673
2025-11-22,1.5328
2025-11-23,1.5408129016
2025-11-24,1.5674035927
2025-11-25,1.5507097681
2025-11-26,1.6019179596
2025-11-27,1.6180110246
2025-11-28,1.6327
2025-11-29,1.609812436
2025-11-30,1.6059367986
2025-12-01,1.5339586973
2025-12-02,1.6233866165
2025-12-03,1.6594397708
2025-12-04,1.6346860768
2025-12-05,1.6055
2025-12-06,1.5998
2025-12-07,1.5985004614
2025-12-08,1.6301
2025-12-09,1.6708
2025-12-10,1.6526
2025-12-11,1.6609
2025-12-12,1.6020026598
2025-12-13,1.6209
2025-12-14,1.5851
2025-12-15,1.5531
2025-12-16,1.558300066
2025-12-17,1.5394535
2025-12-18,1.5372
2025-12-19,1.5868
2025-12-20,1.5911
2025-12-21,1.5722922
2025-12-22,1.5650032
2025-12-23,1.5508511
2025-12-24,1.5614107
2025-12-25,1.5783006
2025-12-26,1.5729
2025-12-27,1.5580086
2025-12-28,1.601679
2025-12-29,1.5707
2025-12-30,1.5949
2025-12-31,1.5796
2026-01-01,1.6061
2026-01-02,1.6206
2026-01-03,1.6348
2026-01-04,1.6477
2026-01-05,1.6931
2026-01-06,1.6854
2026-01-07,1.6448
2026-01-08,1.6402
2026-01-09,1.6326
2026-01-10,1.6298
2026-01-11,1.6379
2026-01-12,1.6442
2026-01-13,1.7139
2026-01-14,1.7438
2026-01-15,1.7208
2026-01-16,1.7148
2026-01-17,1.7084
2026-01-18,1.7019
2026-01-19,1.662
2026-01-20,1.5864
2026-01-21,1.6067
2026-01-22,1.6103
2026-01-23,1.6162
2026-01-24,1.6129
2026-01-25,1.5624
2026-01-26,1.598
2026-01-27,1.615
2026-01-28,1.612
2026-01-29,1.53
2026-01-30,1.5231
2026-01-31,1.4247
2026-02-01,1.4006
2026-02-02,1.429
2026-02-03,1.3743
2026-02-04,1.3307
2026-02-05,1.1732
2026-02-06,1.2924
2026-02-07,1.2684
2026-02-08,1.288
2026-02-09,1.288
2026-02-10,1.2621
2026-02-11,1.2318
2026-02-12,1.2186
2026-02-13,1.2689
2026-02-14,1.2843
2026-02-15,1.262
2026-02-16,1.2723
2026-02-17,1.2443
2026-02-18,1.2253
2026-02-19,1.2347
2026-02-20,1.2549
2026-02-21,1.2569
2026-02-22,1.2486
2026-02-23,1.1935
2026-02-24,1.1841
2026-02-25,1.2577
2026-02-26,1.2483
2026-02-27,1.2198
2026-02-28,1.2377
2026-03-01,1.2173
2026-03-02,1.2748
2026-03-03,1.2677
2026-03-04,1.3404
2026-03-05,1.3147
2026-03-06,1.2644
2026-03-07,1.2474
2026-03-08,1.2251
2026-03-09,1.2686
2026-03-10,1.2961
2026-03-11,1.3035
2026-03-12,1.3102
2026-03-13,1.3173
2026-03-14,1.3217
2026-03-15,1.3519
2026-03-16,1.386
2026-03-17,1.3717
2026-03-18,1.325
2026-03-19,1.2999
2026-03-20,1.3102
2026-03-21,1.3044
2026-03-22,1.2636
2026-03-23,1.3176
2026-03-24,1.3129
2026-03-25,1.3249
2026-03-26,1.2803
2026-03-27,1.233
2026-03-29,1.2284
2026-03-30,1.2442
2026-03-31,1.272
2026-04-01,1.2703
2026-04-02,1.2478
2026-04-03,1.2495
2026-04-04,1.256
2026-04-05,1.2871
2026-04-06,1.285
2026-04-07,1.342
2026-04-08,1.3263
2026-04-09,1.3386
2026-04-10,1.3613
2026-04-11,1.3628
2026-04-12,1.3189
2026-04-13,1.3898
2026-04-14,1.3818
2026-04-15,1.3919
2026-04-16,1.3994
2026-04-17,1.4359
2026-04-18,1.4101
2026-04-19,1.3787
2026-04-20,1.413
2026-04-21,1.4217
2026-04-22,1.4562
2026-04-23,1.4579
2026-04-24,1.4449
2026-04-25,1.4479
2026-04-26,1.4628
2026-04-27,1.4413
2026-04-28,1.4238
2026-04-29,1.4152
2026-04-30,1.4246
2026-05-01,1.4565
2026-05-02,1.4687
2026-05-03,1.4642
2026-05-04,1.4855
2026-05-05,1.5058
2026-05-06,1.513
2026-05-07,1.4907
2026-05-08,1.4914
2026-05-09,1.5016
2026-05-10,1.5311
2026-05-11,1.5186
2026-05-12,1.4961
2026-05-13,1.4741
2026-05-14,1.5068
2026-05-15,1.4707
2026-05-16,1.4542
2026-05-17,1.4465
2026-05-18,1.4319
2026-05-19,1.4295
2026-05-20,1.4411
2026-05-21,1.4457
2026-05-22,1.4061
2026-05-23,1.4278
2026-05-24,1.435
2026-05-25,1.4395
2026-05-26,1.4137
2026-05-27,1.3849
2026-05-28,1.3711
2026-05-29,1.3706
2026-05-30,1.3783
