date,value
2012-05-15,0.5672857143
2012-05-16,0.563
2012-05-17,0.5684285714
2012-05-18,0.5855714286
2012-05-19,0.5881428571
2012-05-20,0.5827142857
2012-05-21,0.5754285714
2012-05-22,0.5831428571
2012-05-23,0.5907142857
2012-05-24,0.5775714286
2012-05-25,0.575
2012-05-26,0.5912857143
2012-05-27,0.6041428571
2012-05-28,0.6135714286
2012-05-29,0.6158571429
2012-05-30,0.6267142857
2012-05-31,0.6507142857
2012-06-01,0.667
2012-06-02,0.6671428571
2012-06-03,0.6811428571
2012-06-04,0.7038571429
2012-06-05,0.7288571429
2012-06-06,0.742
2012-06-07,0.7475714286
2012-06-08,0.7707142857
2012-06-09,0.7931428571
2012-06-10,0.7964285714
2012-06-11,0.818
2012-06-12,0.8342857143
2012-06-13,0.8648571429
2012-06-14,0.9081428571
2012-06-15,0.9245714286
2012-06-16,0.9488571429
2012-06-17,1.0034285714
2012-06-18,1.0201428571
2012-06-19,1.0404285714
2012-06-20,1.0445714286
2012-06-21,1.0334285714
2012-06-22,1.051
2012-06-23,1.0312857143
2012-06-24,1.0202857143
2012-06-25,1.0288571429
2012-06-26,1.0534285714
2012-06-27,1.059
2012-06-28,1.0755714286
2012-06-29,1.0535714286
2012-06-30,1.0765714286
2012-07-01,1.0911428571
2012-07-02,1.109
2012-07-03,1.0984285714
2012-07-04,1.1122857143
2012-07-05,1.1274285714
2012-07-06,1.173
2012-07-07,1.1935714286
2012-07-08,1.2181428571
2012-07-09,1.2298571429
2012-07-10,1.2314285714
2012-07-11,1.2655714286
2012-07-12,1.3055714286
2012-07-13,1.3255714286
2012-07-14,1.3347142857
2012-07-15,1.3615714286
2012-07-16,1.44
2012-07-17,1.521
2012-07-18,1.5361428571
2012-07-19,1.5437142857
2012-07-20,1.5532857143
2012-07-21,1.6004285714
2012-07-22,1.592
2012-07-23,1.575
2012-07-24,1.579
2012-07-25,1.637
2012-07-26,1.6984285714
2012-07-27,1.721
2012-07-28,1.7495714286
2012-07-29,1.8247142857
2012-07-30,1.7991428571
2012-07-31,1.7818571429
2012-08-01,1.8287142857
2012-08-02,1.865
2012-08-03,1.9294285714
2012-08-04,1.939
2012-08-05,1.9244285714
2012-08-06,2.0265714286
2012-08-07,2.1227142857
2012-08-08,2.1452857143
2012-08-09,2.1445714286
2012-08-10,2.1822857143
2012-08-11,2.2391428571
2012-08-12,2.3055714286
2012-08-13,2.3227142857
2012-08-14,2.3822857143
2012-08-15,2.4101428571
2012-08-16,2.3855714286
2012-08-17,2.3487142857
2012-08-18,2.273
2012-08-19,2.2394285714
2012-08-20,2.2032857143
2012-08-21,2.0845714286
2012-08-22,2.0134285714
2012-08-23,1.9961428571
2012-08-24,1.9457142857
2012-08-25,2.0255714286
2012-08-26,1.9965714286
2012-08-27,1.9832857143
2012-08-28,2.0328571429
2012-08-29,2.0274285714
2012-08-30,1.9977142857
2012-08-31,2.0208571429
2012-09-01,1.9811428571
2012-09-02,1.9901428571
2012-09-03,1.9761428571
2012-09-04,2.0
2012-09-05,2.0402857143
2012-09-06,2.113
2012-09-07,2.1067142857
2012-09-08,2.1151428571
2012-09-09,2.1128571429
2012-09-10,2.1151428571
2012-09-11,2.069
2012-09-12,1.9902857143
2012-09-13,1.9902857143
2012-09-14,1.9987142857
2012-09-15,2.0178571429
2012-09-16,2.0664285714
2012-09-17,2.1278571429
2012-09-18,2.1222857143
2012-09-19,2.1815714286
2012-09-20,2.2034285714
2012-09-21,2.2337142857
2012-09-22,2.2271428571
2012-09-23,2.1951428571
2012-09-24,2.1301428571
2012-09-25,2.117
2012-09-26,2.1258571429
2012-09-27,2.097
2012-09-28,2.1151428571
2012-09-29,2.1145714286
2012-09-30,2.0707142857
2012-10-01,2.0912857143
2012-10-02,2.0838571429
2012-10-03,2.0295714286
2012-10-04,1.9875714286
2012-10-05,1.9572857143
2012-10-06,1.8754285714
2012-10-07,1.9404285714
2012-10-08,1.9042857143
2012-10-09,1.9098571429
2012-10-10,1.9001428571
2012-10-11,1.9018571429
2012-10-12,1.8681428571
2012-10-13,1.8615714286
2012-10-14,1.8421428571
2012-10-15,1.8585714286
2012-10-16,1.8347142857
2012-10-17,1.8582857143
2012-10-18,1.8208571429
2012-10-19,1.8254285714
2012-10-20,1.8767142857
2012-10-21,1.8434285714
2012-10-22,1.7904285714
2012-10-23,1.8111428571
2012-10-24,1.7557142857
2012-10-25,1.7614285714
2012-10-26,1.7517142857
2012-10-27,1.7304285714
2012-10-28,1.7004285714
2012-10-29,1.6991428571
2012-10-30,1.6531428571
2012-10-31,1.6361428571
2012-11-01,1.6075714286
2012-11-02,1.5635714286
2012-11-03,1.5467142857
2012-11-04,1.547
2012-11-05,1.5305714286
2012-11-06,1.5415714286
2012-11-07,1.5678571429
2012-11-08,1.582
2012-11-09,1.5785714286
2012-11-10,1.5597142857
2012-11-11,1.5192857143
2012-11-12,1.5247142857
2012-11-13,1.4992857143
2012-11-14,1.4732857143
2012-11-15,1.4757142857
2012-11-16,1.4817142857
2012-11-17,1.4914285714
2012-11-18,1.5211428571
2012-11-19,1.54
2012-11-20,1.5631428571
2012-11-21,1.5907142857
2012-11-22,1.6244285714
2012-11-23,1.6485714286
2012-11-24,1.6588571429
2012-11-25,1.6781428571
2012-11-26,1.6822857143
2012-11-27,1.6688571429
2012-11-28,1.5698571429
2012-11-29,1.4095714286
2012-11-30,1.3002857143
2012-12-01,1.1777142857
2012-12-02,1.0497142857
2012-12-03,0.914
2012-12-04,0.7964285714
2012-12-05,0.781
2012-12-06,0.7907142857
2012-12-07,0.7745714286
2012-12-08,0.767
2012-12-09,0.7705714286
2012-12-10,0.7991428571
2012-12-11,0.808
2012-12-12,0.8042857143
2012-12-13,0.7848571429
2012-12-14,0.7655714286
2012-12-15,0.7522857143
2012-12-16,0.7424285714
2012-12-17,0.7227142857
2012-12-18,0.7311428571
2012-12-19,0.7077142857
2012-12-20,0.7228571429
2012-12-21,0.7525714286
2012-12-22,0.761
2012-12-23,0.7597142857
2012-12-24,0.7591428571
2012-12-25,0.7678571429
2012-12-26,0.808
2012-12-27,0.8435714286
2012-12-28,0.835
2012-12-29,0.8721428571
2012-12-30,0.8941428571
2012-12-31,0.9245714286
2013-01-01,0.9212857143
2013-01-02,0.9254285714
2013-01-03,0.9114285714
2013-01-04,0.9092857143
2013-01-05,0.8921428571
2013-01-06,0.9005714286
2013-01-07,0.8804285714
2013-01-08,0.866
2013-01-09,0.8604285714
2013-01-10,0.8362857143
2013-01-11,0.8262857143
2013-01-12,0.8217142857
2013-01-13,0.82
2013-01-14,0.8138571429
2013-01-15,0.822
2013-01-16,0.8007142857
2013-01-17,0.8154285714
2013-01-18,0.8567142857
2013-01-19,0.8665714286
2013-01-20,0.8644285714
2013-01-21,0.9111428571
2013-01-22,0.9284285714
2013-01-23,0.984
2013-01-24,1.0132857143
2013-01-25,1.0332857143
2013-01-26,1.0727142857
2013-01-27,1.1054285714
2013-01-28,1.1405714286
2013-01-29,1.189
2013-01-30,1.2681428571
2013-01-31,1.3045714286
2013-02-01,1.3191428571
2013-02-02,1.386
2013-02-03,1.4197142857
2013-02-04,1.4394285714
2013-02-05,1.4415714286
2013-02-06,1.4051428571
2013-02-07,1.4288571429
2013-02-08,1.4495714286
2013-02-09,1.4474285714
2013-02-10,1.4768571429
2013-02-11,1.4751428571
2013-02-12,1.5384285714
2013-02-13,1.577
2013-02-14,1.6568571429
2013-02-15,1.7565714286
2013-02-16,1.8221428571
2013-02-17,1.8421428571
2013-02-18,1.9067142857
2013-02-19,1.9888571429
2013-02-20,2.0468571429
2013-02-21,2.0568571429
2013-02-22,2.0324285714
2013-02-23,2.0015714286
2013-02-24,2.0994285714
2013-02-25,2.1194285714
2013-02-26,2.1252857143
2013-02-27,2.1367142857
2013-02-28,2.1325714286
2013-03-01,2.128
2013-03-02,2.1688571429
2013-03-03,2.1755714286
2013-03-04,2.1928571429
2013-03-05,2.219
2013-03-06,2.2684285714
2013-03-07,2.3531428571
2013-03-08,2.5017142857
2013-03-09,2.6427142857
2013-03-10,2.7024285714
2013-03-11,2.7078571429
2013-03-12,2.7282857143
2013-03-13,2.8004285714
2013-03-14,2.8378571429
2013-03-15,2.8365714286
2013-03-16,2.8911428571
2013-03-17,2.965
2013-03-18,3.1552857143
2013-03-19,3.4332857143
2013-03-20,3.7511428571
2013-03-21,4.1045714286
2013-03-22,4.3461428571
2013-03-23,4.481
2013-03-24,4.4885714286
2013-03-25,4.5317142857
2013-03-26,4.4011428571
2013-03-27,4.373
2013-03-28,4.3054285714
2013-03-29,4.3448571429
2013-03-30,4.3992857143
2013-03-31,4.7797142857
2013-04-01,5.1224285714
2013-04-02,5.5428571429
2013-04-03,5.6542857143
2013-04-04,5.8581428571
2013-04-05,6.076
2013-04-06,6.4194285714
2013-04-07,6.6368571429
2013-04-08,7.2447142857
2013-04-09,7.405
2013-04-10,7.0444285714
2013-04-11,6.8227142857
2013-04-12,6.4734285714
2013-04-13,5.9117142857
2013-04-14,5.2727142857
2013-04-15,4.1881428571
2013-04-16,3.6137142857
2013-04-17,3.6747142857
2013-04-18,3.5344285714
2013-04-19,3.6128571429
2013-04-20,3.8182857143
2013-04-21,3.9822857143
2013-04-22,4.3258571429
2013-04-23,4.568
2013-04-24,4.7795714286
2013-04-25,4.9512857143
2013-04-26,4.8695714286
2013-04-27,4.9005714286
2013-04-28,5.014
2013-04-29,4.859
2013-04-30,4.5831428571
2013-05-01,4.2425714286
2013-05-02,3.9031428571
2013-05-03,3.8388571429
2013-05-04,3.6661428571
2013-05-05,3.446
2013-05-06,3.3574285714
2013-05-07,3.3595714286
2013-05-08,3.4465714286
2013-05-09,3.6114285714
2013-05-10,3.6627142857
2013-05-11,3.6312857143
2013-05-12,3.646
2013-05-13,3.5594285714
2013-05-14,3.4448571429
2013-05-15,3.374
2013-05-16,3.3088571429
2013-05-17,3.1928571429
2013-05-18,3.1397142857
2013-05-19,2.9838571429
2013-05-20,2.9884285714
2013-05-21,3.045
2013-05-22,3.1374285714
2013-05-23,3.1804285714
2013-05-24,3.2417142857
2013-05-25,3.2847142857
2013-05-26,3.4252857143
2013-05-27,3.4495714286
2013-05-28,3.495
2013-05-29,3.4887142857
2013-05-30,3.47
2013-05-31,3.575
2013-06-01,3.6135714286
2013-06-02,3.666
2013-06-03,3.7582857143
2013-06-04,3.7361428571
2013-06-05,3.6802857143
2013-06-06,3.5527142857
2013-06-07,3.358
2013-06-08,3.1528571429
2013-06-09,2.9591428571
2013-06-10,2.8052857143
2013-06-11,2.7697142857
2013-06-12,2.6945714286
2013-06-13,2.6798571429
2013-06-14,2.6122857143
2013-06-15,2.6455714286
2013-06-16,2.5578571429
2013-06-17,2.4487142857
2013-06-18,2.2881428571
2013-06-19,2.2202857143
2013-06-20,2.1915714286
2013-06-21,2.1854285714
2013-06-22,2.139
2013-06-23,2.1352857143
2013-06-24,2.1394285714
2013-06-25,2.185
2013-06-26,2.1755714286
2013-06-27,2.1281428571
2013-06-28,2.0684285714
2013-06-29,2.0052857143
2013-06-30,1.9622857143
2013-07-01,1.918
2013-07-02,1.856
2013-07-03,1.7908571429
2013-07-04,1.7365714286
2013-07-05,1.6822857143
2013-07-06,1.6704285714
2013-07-07,1.6854285714
2013-07-08,1.6862857143
2013-07-09,1.7195714286
2013-07-10,1.7511428571
2013-07-11,1.768
2013-07-12,1.7961428571
2013-07-13,1.8248571429
2013-07-14,1.8377142857
2013-07-15,1.851
2013-07-16,1.8452857143
2013-07-17,1.8111428571
2013-07-18,1.8191428571
2013-07-19,1.8357142857
2013-07-20,1.8545714286
2013-07-21,1.8258571429
2013-07-22,1.772
2013-07-23,1.7185714286
2013-07-24,1.7038571429
2013-07-25,1.6974285714
2013-07-26,1.6932857143
2013-07-27,1.6618571429
2013-07-28,1.6962857143
2013-07-29,1.801
2013-07-30,1.869
2013-07-31,1.9257142857
2013-08-01,1.9774285714
2013-08-02,1.9737142857
2013-08-03,1.9922857143
2013-08-04,2.0127142857
2013-08-05,1.9954285714
2013-08-06,1.9771428571
2013-08-07,2.0035714286
2013-08-08,1.988
2013-08-09,2.0318571429
2013-08-10,2.0711428571
2013-08-11,2.0951428571
2013-08-12,2.0755714286
2013-08-13,2.0454285714
2013-08-14,1.9962857143
2013-08-15,1.9651428571
2013-08-16,1.9464285714
2013-08-17,1.9205714286
2013-08-18,1.8755714286
2013-08-19,1.897
2013-08-20,1.9642857143
2013-08-21,2.0585714286
2013-08-22,2.1172857143
2013-08-23,2.1221428571
2013-08-24,2.0812857143
2013-08-25,2.0784285714
2013-08-26,2.0694285714
2013-08-27,2.0495714286
2013-08-28,2.0215714286
2013-08-29,2.075
2013-08-30,2.187
2013-08-31,2.3417142857
2013-09-01,2.459
2013-09-02,2.5181428571
2013-09-03,2.4908571429
2013-09-04,2.4702857143
2013-09-05,2.4045714286
2013-09-06,2.2377142857
2013-09-07,2.0852857143
2013-09-08,2.0294285714
2013-09-09,1.9957142857
2013-09-10,2.059
2013-09-11,2.1161428571
2013-09-12,2.1605714286
2013-09-13,2.2787142857
2013-09-14,2.3225714286
2013-09-15,2.2435714286
2013-09-16,2.2242857143
2013-09-17,2.1554285714
2013-09-18,2.1
2013-09-19,2.071
2013-09-20,2.0124285714
2013-09-21,2.0325714286
2013-09-22,2.1037142857
2013-09-23,2.1377142857
2013-09-24,2.1841428571
2013-09-25,2.1321428571
2013-09-26,2.0967142857
2013-09-27,2.0758571429
2013-09-28,2.0247142857
2013-09-29,1.9512857143
2013-09-30,1.9125714286
2013-10-01,1.8365714286
2013-10-02,1.8674285714
2013-10-03,1.8522857143
2013-10-04,1.8931428571
2013-10-05,1.8975714286
2013-10-06,1.8757142857
2013-10-07,1.8248571429
2013-10-08,1.8472857143
2013-10-09,1.8498571429
2013-10-10,1.8605714286
2013-10-11,1.8601428571
2013-10-12,1.9272857143
2013-10-13,2.0841428571
2013-10-14,2.262
2013-10-15,2.3262857143
2013-10-16,2.3118571429
2013-10-17,2.3654285714
2013-10-18,2.4582857143
2013-10-19,2.4867142857
2013-10-20,2.5154285714
2013-10-21,2.6034285714
2013-10-22,2.7608571429
2013-10-23,2.936
2013-10-24,3.069
2013-10-25,3.0037142857
2013-10-26,3.0025714286
2013-10-27,2.9444285714
2013-10-28,2.7775714286
2013-10-29,2.6878571429
2013-10-30,2.6785714286
2013-10-31,2.6438571429
2013-11-01,2.714
2013-11-02,2.7517142857
2013-11-03,2.835
2013-11-04,2.9124285714
2013-11-05,2.9341428571
2013-11-06,2.9017142857
2013-11-07,2.9041428571
2013-11-08,2.9551428571
2013-11-09,3.0801428571
2013-11-10,3.2357142857
2013-11-11,3.4747142857
2013-11-12,3.6594285714
2013-11-13,3.9395714286
2013-11-14,4.1124285714
2013-11-15,4.3862857143
2013-11-16,4.6375714286
2013-11-17,4.9117142857
2013-11-18,4.9938571429
2013-11-19,5.1962857143
2013-11-20,5.3887142857
2013-11-21,5.883
2013-11-22,6.2458571429
2013-11-23,6.5015714286
2013-11-24,6.687
2013-11-25,7.0172857143
2013-11-26,7.4054285714
2013-11-27,7.8031428571
2013-11-28,8.0372857143
2013-11-29,8.2434285714
2013-11-30,8.43
2013-12-01,8.4274285714
2013-12-02,8.6672857143
2013-12-03,8.6514285714
2013-12-04,8.416
2013-12-05,8.0867142857
2013-12-06,7.5675714286
2013-12-07,7.2114285714
2013-12-08,7.0357142857
2013-12-09,6.7517142857
2013-12-10,6.3514285714
2013-12-11,6.0674285714
2013-12-12,5.8651428571
2013-12-13,5.9425714286
2013-12-14,5.852
2013-12-15,5.6555714286
2013-12-16,5.3161428571
2013-12-17,5.0515714286
2013-12-18,5.0428571429
2013-12-19,4.7545714286
2013-12-20,4.3432857143
2013-12-21,4.0572857143
2013-12-22,3.8991428571
2013-12-23,3.7217142857
2013-12-24,3.7105714286
2013-12-25,3.5725714286
2013-12-26,3.6544285714
2013-12-27,3.6734285714
2013-12-28,3.7197142857
2013-12-29,3.7477142857
2013-12-30,3.816
2013-12-31,3.9665714286
2014-01-01,3.8001428571
2014-01-02,3.7474285714
2014-01-03,3.7537142857
2014-01-04,3.9255714286
2014-01-05,4.0555714286
2014-01-06,4.0445714286
2014-01-07,4.013
2014-01-08,4.2364285714
2014-01-09,4.3067142857
2014-01-10,4.5297142857
2014-01-11,4.475
2014-01-12,4.3075714286
2014-01-13,4.2274285714
2014-01-14,4.1672857143
2014-01-15,4.0428571429
2014-01-16,3.8618571429
2014-01-17,3.6541428571
2014-01-18,3.4971428571
2014-01-19,3.5414285714
2014-01-20,3.5261428571
2014-01-21,3.4987142857
2014-01-22,3.44
2014-01-23,3.5021428571
2014-01-24,3.4441428571
2014-01-25,3.3555714286
2014-01-26,3.2181428571
2014-01-27,3.143
2014-01-28,2.9971428571
2014-01-29,2.9621428571
2014-01-30,2.9365714286
2014-01-31,2.9778571429
2014-02-01,3.0405714286
2014-02-02,3.0684285714
2014-02-03,3.0945714286
2014-02-04,3.1064285714
2014-02-05,3.0762857143
2014-02-06,2.9402857143
2014-02-07,2.8262857143
2014-02-08,2.6381428571
2014-02-09,2.504
2014-02-10,2.4064285714
2014-02-11,2.3451428571
2014-02-12,2.2428571429
2014-02-13,2.2788571429
2014-02-14,2.2612857143
2014-02-15,2.3242857143
2014-02-16,2.286
2014-02-17,2.251
2014-02-18,2.2602857143
2014-02-19,2.2222857143
2014-02-20,2.1005714286
2014-02-21,2.0522857143
2014-02-22,1.9887142857
2014-02-23,1.9942857143
2014-02-24,1.9407142857
2014-02-25,1.885
2014-02-26,1.9028571429
2014-02-27,1.9251428571
2014-02-28,1.843
2014-03-01,1.7705714286
2014-03-02,1.753
2014-03-03,1.7834285714
2014-03-04,1.7651428571
2014-03-05,1.77
2014-03-06,1.7747142857
2014-03-07,1.8254285714
2014-03-08,1.9107142857
2014-03-09,1.8855714286
2014-03-10,1.8918571429
2014-03-11,1.9101428571
2014-03-12,1.8724285714
2014-03-13,1.8111428571
2014-03-14,1.8041428571
2014-03-15,1.78
2014-03-16,1.7888571429
2014-03-17,1.74
2014-03-18,1.6884285714
2014-03-19,1.68
2014-03-20,1.7277142857
2014-03-21,1.6988571429
2014-03-22,1.7178571429
2014-03-23,1.7338571429
2014-03-24,1.7322857143
2014-03-25,1.7125714286
2014-03-26,1.6582857143
2014-03-27,1.6068571429
2014-03-28,1.5768571429
2014-03-29,1.4415714286
2014-03-30,1.371
2014-03-31,1.344
2014-04-01,1.3265714286
2014-04-02,1.3412857143
2014-04-03,1.3394285714
2014-04-04,1.3202857143
2014-04-05,1.3288571429
2014-04-06,1.2931428571
2014-04-07,1.2417142857
2014-04-08,1.2042857143
2014-04-09,1.1225714286
2014-04-10,1.0828571429
2014-04-11,1.0567142857
2014-04-12,1.074
2014-04-13,1.1194285714
2014-04-14,1.1937142857
2014-04-15,1.2202857143
2014-04-16,1.2791428571
2014-04-17,1.2892857143
2014-04-18,1.3122857143
2014-04-19,1.3338571429
2014-04-20,1.3214285714
2014-04-21,1.2745714286
2014-04-22,1.2632857143
2014-04-23,1.2414285714
2014-04-24,1.2548571429
2014-04-25,1.2402857143
2014-04-26,1.2118571429
2014-04-27,1.1698571429
2014-04-28,1.1697142857
2014-04-29,1.1251428571
2014-04-30,1.1332857143
2014-05-01,1.1045714286
2014-05-02,1.0752857143
2014-05-03,1.0477142857
2014-05-04,1.0177142857
2014-05-05,1.03
2014-05-06,1.0467142857
2014-05-07,1.0284285714
2014-05-08,1.035
2014-05-09,1.074
2014-05-10,1.0735714286
2014-05-11,1.1102857143
2014-05-12,1.0817142857
2014-05-13,1.072
2014-05-14,1.0755714286
2014-05-15,1.0818571429
2014-05-16,1.0707142857
2014-05-17,1.0895714286
2014-05-18,1.0928571429
2014-05-19,1.1227142857
2014-05-20,1.1608571429
2014-05-21,1.1871428571
2014-05-22,1.1947142857
2014-05-23,1.1991428571
2014-05-24,1.2275714286
2014-05-25,1.2597142857
2014-05-26,1.2388571429
2014-05-27,1.2585714286
2014-05-28,1.2347142857
2014-05-29,1.2661428571
2014-05-30,1.2851428571
2014-05-31,1.3174285714
2014-06-01,1.3844285714
2014-06-02,1.4634285714
2014-06-03,1.496
2014-06-04,1.532
2014-06-05,1.5012857143
2014-06-06,1.5157142857
2014-06-07,1.4702857143
2014-06-08,1.4125714286
2014-06-09,1.3862857143
2014-06-10,1.3345714286
2014-06-11,1.333
2014-06-12,1.3427142857
2014-06-13,1.3398571429
2014-06-14,1.3791428571
2014-06-15,1.3937142857
2014-06-16,1.3954285714
2014-06-17,1.3985714286
2014-06-18,1.3897142857
2014-06-19,1.4094285714
2014-06-20,1.4195714286
2014-06-21,1.4071428571
2014-06-22,1.3888571429
2014-06-23,1.3785714286
2014-06-24,1.3914285714
2014-06-25,1.387
2014-06-26,1.3975714286
2014-06-27,1.3891428571
2014-06-28,1.3598571429
2014-06-29,1.3204285714
2014-06-30,1.2735714286
2014-07-01,1.2408571429
2014-07-02,1.2201428571
2014-07-03,1.1912857143
2014-07-04,1.1652857143
2014-07-05,1.1545714286
2014-07-06,1.1678571429
2014-07-07,1.1794285714
2014-07-08,1.2011428571
2014-07-09,1.2015714286
2014-07-10,1.1878571429
2014-07-11,1.1918571429
2014-07-12,1.2072857143
2014-07-13,1.1868571429
2014-07-14,1.1927142857
2014-07-15,1.164
2014-07-16,1.1878571429
2014-07-17,1.201
2014-07-18,1.2172857143
2014-07-19,1.2072857143
2014-07-20,1.2261428571
2014-07-21,1.2041428571
2014-07-22,1.2041428571
2014-07-23,1.1645714286
2014-07-24,1.1434285714
2014-07-25,1.0862857143
2014-07-26,1.0725714286
2014-07-27,1.056
2014-07-28,1.0518571429
2014-07-29,1.06
2014-07-30,1.0632857143
2014-07-31,1.0531428571
2014-08-01,1.0782857143
2014-08-02,1.0754285714
2014-08-03,1.0515714286
2014-08-04,1.0352857143
2014-08-05,1.0304285714
2014-08-06,1.0348571429
2014-08-07,1.0314285714
2014-08-08,1.047
2014-08-09,1.0674285714
2014-08-10,1.113
2014-08-11,1.1437142857
2014-08-12,1.1151428571
2014-08-13,1.1078571429
2014-08-14,1.0882857143
2014-08-15,1.0455714286
2014-08-16,1.0112857143
2014-08-17,0.9901428571
2014-08-18,0.9744285714
2014-08-19,0.9845714286
2014-08-20,0.9741428571
2014-08-21,0.9698571429
2014-08-22,0.965
2014-08-23,0.9465714286
2014-08-24,0.9064285714
2014-08-25,0.9014285714
2014-08-26,0.8982857143
2014-08-27,0.8994285714
2014-08-28,0.9062857143
2014-08-29,0.9212857143
2014-08-30,0.9444285714
2014-08-31,0.9364285714
2014-09-01,0.9052857143
2014-09-02,0.8941428571
2014-09-03,0.8765714286
2014-09-04,0.8485714286
2014-09-05,0.839
2014-09-06,0.8128571429
2014-09-07,0.8162857143
2014-09-08,0.8141428571
2014-09-09,0.8048571429
2014-09-10,0.8094285714
2014-09-11,0.8137142857
2014-09-12,0.813
2014-09-13,0.8134285714
2014-09-14,0.8232857143
2014-09-15,0.8377142857
2014-09-16,0.8515714286
2014-09-17,0.843
2014-09-18,0.8331428571
2014-09-19,0.8101428571
2014-09-20,0.7944285714
2014-09-21,0.7821428571
2014-09-22,0.7604285714
2014-09-23,0.7307142857
2014-09-24,0.7205714286
2014-09-25,0.7
2014-09-26,0.671
2014-09-27,0.6448571429
2014-09-28,0.6197142857
2014-09-29,0.6095714286
2014-09-30,0.5988571429
2014-10-01,0.5695714286
2014-10-02,0.566
2014-10-03,0.561
2014-10-04,0.5691428571
2014-10-05,0.5708571429
2014-10-06,0.5481428571
2014-10-07,0.5351428571
2014-10-08,0.538
2014-10-09,0.5425714286
2014-10-10,0.5442857143
2014-10-11,0.5458571429
2014-10-12,0.5575714286
2014-10-13,0.5694285714
2014-10-14,0.5817142857
2014-10-15,0.5857142857
2014-10-16,0.5832857143
2014-10-17,0.6007142857
2014-10-18,0.594
2014-10-19,0.5808571429
2014-10-20,0.5894285714
2014-10-21,0.5904285714
2014-10-22,0.5862857143
2014-10-23,0.5897142857
2014-10-24,0.5738571429
2014-10-25,0.5625714286
2014-10-26,0.5674285714
2014-10-27,0.5524285714
2014-10-28,0.5391428571
2014-10-29,0.5457142857
2014-10-30,0.5551428571
2014-10-31,0.5518571429
2014-11-01,0.5605714286
2014-11-02,0.5594285714
2014-11-03,0.5657142857
2014-11-04,0.5582857143
2014-11-05,0.5511428571
2014-11-06,0.5331428571
2014-11-07,0.5348571429
2014-11-08,0.541
2014-11-09,0.539
2014-11-10,0.5302857143
2014-11-11,0.5528571429
2014-11-12,0.5635714286
2014-11-13,0.5784285714
2014-11-14,0.5787142857
2014-11-15,0.5848571429
2014-11-16,0.5881428571
2014-11-17,0.6032857143
2014-11-18,0.5905714286
2014-11-19,0.5734285714
2014-11-20,0.5492857143
2014-11-21,0.552
2014-11-22,0.5435714286
2014-11-23,0.5441428571
2014-11-24,0.5337142857
2014-11-25,0.5307142857
2014-11-26,0.5364285714
2014-11-27,0.5548571429
2014-11-28,0.5638571429
2014-11-29,0.5784285714
2014-11-30,0.571
2014-12-01,0.5847142857
2014-12-02,0.5762857143
2014-12-03,0.5811428571
2014-12-04,0.5884285714
2014-12-05,0.579
2014-12-06,0.5608571429
2014-12-07,0.5782857143
2014-12-08,0.5685714286
2014-12-09,0.58
2014-12-10,0.5784285714
2014-12-11,0.5657142857
2014-12-12,0.5667142857
2014-12-13,0.5728571429
2014-12-14,0.5585714286
2014-12-15,0.5557142857
2014-12-16,0.5432857143
2014-12-17,0.5268571429
2014-12-18,0.5185714286
2014-12-19,0.5092857143
2014-12-20,0.498
2014-12-21,0.5082857143
2014-12-22,0.515
2014-12-23,0.5297142857
2014-12-24,0.547
2014-12-25,0.5585714286
2014-12-26,0.5658571429
2014-12-27,0.5852857143
2014-12-28,0.5815714286
2014-12-29,0.5791428571
2014-12-30,0.5792857143
2014-12-31,0.5834285714
2015-01-01,0.5882857143
2015-01-02,0.5867142857
2015-01-03,0.5744285714
2015-01-04,0.5618571429
2015-01-05,0.559
2015-01-06,0.5487142857
2015-01-07,0.5332857143
2015-01-08,0.5162857143
2015-01-09,0.5085714286
2015-01-10,0.5044285714
2015-01-11,0.4981428571
2015-01-12,0.4707142857
2015-01-13,0.4444285714
2015-01-14,0.4294285714
2015-01-15,0.4101428571
2015-01-16,0.389
2015-01-17,0.3742857143
2015-01-18,0.3637142857
2015-01-19,0.3588571429
2015-01-20,0.3754285714
2015-01-21,0.376
2015-01-22,0.3774285714
2015-01-23,0.3857142857
2015-01-24,0.3864285714
2015-01-25,0.3945714286
2015-01-26,0.4222857143
2015-01-27,0.4325714286
2015-01-28,0.4465714286
2015-01-29,0.4528571429
2015-01-30,0.463
2015-01-31,0.4708571429
2015-02-01,0.4788571429
2015-02-02,0.461
2015-02-03,0.458
2015-02-04,0.4527142857
2015-02-05,0.4692857143
2015-02-06,0.4715714286
2015-02-07,0.4624285714
2015-02-08,0.459
2015-02-09,0.4657142857
2015-02-10,0.4644285714
2015-02-11,0.4501428571
2015-02-12,0.4421428571
2015-02-13,0.4531428571
2015-02-14,0.4607142857
2015-02-15,0.4648571429
2015-02-16,0.4751428571
2015-02-17,0.486
2015-02-18,0.5142857143
2015-02-19,0.5241428571
2015-02-20,0.513
2015-02-21,0.52
2015-02-22,0.5154285714
2015-02-23,0.5058571429
2015-02-24,0.5041428571
2015-02-25,0.4961428571
2015-02-26,0.4974285714
2015-02-27,0.5014285714
2015-02-28,0.5041428571
2015-03-01,0.525
2015-03-02,0.554
2015-03-03,0.556
2015-03-04,0.559
2015-03-05,0.5637142857
2015-03-06,0.57
2015-03-07,0.5845714286
2015-03-08,0.5822857143
2015-03-09,0.5834285714
2015-03-10,0.6002857143
2015-03-11,0.6064285714
2015-03-12,0.6107142857
2015-03-13,0.6088571429
2015-03-14,0.6065714286
2015-03-15,0.6054285714
2015-03-16,0.5902857143
2015-03-17,0.5785714286
2015-03-18,0.574
2015-03-19,0.5627142857
2015-03-20,0.569
2015-03-21,0.5642857143
2015-03-22,0.5618571429
2015-03-23,0.5767142857
2015-03-24,0.5795714286
2015-03-25,0.5831428571
2015-03-26,0.5987142857
2015-03-27,0.596
2015-03-28,0.5951428571
2015-03-29,0.589
2015-03-30,0.5771428571
2015-03-31,0.5621428571
2015-04-01,0.5745714286
2015-04-02,0.5645714286
2015-04-03,0.5685714286
2015-04-04,0.5728571429
2015-04-05,0.5672857143
2015-04-06,0.5727142857
2015-04-07,0.5694285714
2015-04-08,0.549
2015-04-09,0.5468571429
2015-04-10,0.5352857143
2015-04-11,0.5177142857
2015-04-12,0.5248571429
2015-04-13,0.5124285714
2015-04-14,0.5055714286
2015-04-15,0.5045714286
2015-04-16,0.4882857143
2015-04-17,0.488
2015-04-18,0.4937142857
2015-04-19,0.4938571429
2015-04-20,0.5024285714
2015-04-21,0.5221428571
2015-04-22,0.5212857143
2015-04-23,0.5235714286
2015-04-24,0.5345714286
2015-04-25,0.5341428571
2015-04-26,0.5271428571
2015-04-27,0.5248571429
2015-04-28,0.5101428571
2015-04-29,0.5132857143
2015-04-30,0.5274285714
2015-05-01,0.5231428571
2015-05-02,0.529
2015-05-03,0.5285714286
2015-05-04,0.5337142857
2015-05-05,0.5537142857
2015-05-06,0.5587142857
2015-05-07,0.5647142857
2015-05-08,0.5578571429
2015-05-09,0.5521428571
2015-05-10,0.5711428571
2015-05-11,0.5721428571
2015-05-12,0.5764285714
2015-05-13,0.5845714286
2015-05-14,0.5815714286
2015-05-15,0.582
2015-05-16,0.6052857143
2015-05-17,0.595
2015-05-18,0.5814285714
2015-05-19,0.5722857143
2015-05-20,0.5735714286
2015-05-21,0.5705714286
2015-05-22,0.5612857143
2015-05-23,0.55
2015-05-24,0.5511428571
2015-05-25,0.562
2015-05-26,0.5604285714
2015-05-27,0.5492857143
2015-05-28,0.5587142857
2015-05-29,0.5718571429
2015-05-30,0.5704285714
2015-05-31,0.5622857143
2015-06-01,0.5634285714
2015-06-02,0.5634285714
2015-06-03,0.5658571429
2015-06-04,0.5545714286
2015-06-05,0.5778571429
2015-06-06,0.5784285714
2015-06-07,0.5965714286
2015-06-08,0.6005714286
2015-06-09,0.6194285714
2015-06-10,0.6198571429
2015-06-11,0.6257142857
2015-06-12,0.6201428571
2015-06-13,0.6248571429
2015-06-14,0.6222857143
2015-06-15,0.6115714286
2015-06-16,0.6154285714
2015-06-17,0.638
2015-06-18,0.6488571429
2015-06-19,0.6402857143
2015-06-20,0.6317142857
2015-06-21,0.6438571429
2015-06-22,0.6578571429
2015-06-23,0.6558571429
2015-06-24,0.653
2015-06-25,0.6592857143
2015-06-26,0.6602857143
2015-06-27,0.6754285714
2015-06-28,0.6728571429
2015-06-29,0.6861428571
2015-06-30,0.6811428571
2015-07-01,0.69
2015-07-02,0.7027142857
2015-07-03,0.7242857143
2015-07-04,0.7357142857
2015-07-05,0.7731428571
2015-07-06,0.7681428571
2015-07-07,0.7945714286
2015-07-08,0.7872857143
2015-07-09,0.7974285714
2015-07-10,0.8107142857
2015-07-11,0.8228571429
2015-07-12,0.8104285714
2015-07-13,0.8287142857
2015-07-14,0.8317142857
2015-07-15,0.838
2015-07-16,0.8325714286
2015-07-17,0.829
2015-07-18,0.8311428571
2015-07-19,0.8345714286
2015-07-20,0.819
2015-07-21,0.8191428571
2015-07-22,0.8258571429
2015-07-23,0.8511428571
2015-07-24,0.8632857143
2015-07-25,0.8667142857
2015-07-26,0.87
2015-07-27,0.8868571429
2015-07-28,0.8928571429
2015-07-29,0.8945714286
2015-07-30,0.8795714286
2015-07-31,0.8792857143
2015-08-01,0.883
2015-08-02,0.887
2015-08-03,0.8851428571
2015-08-04,0.868
2015-08-05,0.874
2015-08-06,0.8622857143
2015-08-07,0.8601428571
2015-08-08,0.848
2015-08-09,0.8507142857
2015-08-10,0.8694285714
2015-08-11,0.8605714286
2015-08-12,0.8604285714
2015-08-13,0.8617142857
2015-08-14,0.8452857143
2015-08-15,0.8414285714
2015-08-16,0.8244285714
2015-08-17,0.7855714286
2015-08-18,0.793
2015-08-19,0.7842857143
2015-08-20,0.7887142857
2015-08-21,0.7928571429
2015-08-22,0.779
2015-08-23,0.7652857143
2015-08-24,0.7651428571
2015-08-25,0.7705714286
2015-08-26,0.7582857143
2015-08-27,0.753
2015-08-28,0.7565714286
2015-08-29,0.7708571429
2015-08-30,0.7842857143
2015-08-31,0.803
2015-09-01,0.8064285714
2015-09-02,0.8161428571
2015-09-03,0.8187142857
2015-09-04,0.814
2015-09-05,0.8171428571
2015-09-06,0.8205714286
2015-09-07,0.8162857143
2015-09-08,0.8147142857
2015-09-09,0.8424285714
2015-09-10,0.8512857143
2015-09-11,0.844
2015-09-12,0.8465714286
2015-09-13,0.8437142857
2015-09-14,0.8582857143
2015-09-15,0.8501428571
2015-09-16,0.8281428571
2015-09-17,0.8177142857
2015-09-18,0.81
2015-09-19,0.7942857143
2015-09-20,0.7787142857
2015-09-21,0.7788571429
2015-09-22,0.7942857143
2015-09-23,0.7935714286
2015-09-24,0.8107142857
2015-09-25,0.8314285714
2015-09-26,0.8508571429
2015-09-27,0.8675714286
2015-09-28,0.8868571429
2015-09-29,0.8834285714
2015-09-30,0.894
2015-10-01,0.8747142857
2015-10-02,0.8767142857
2015-10-03,0.8844285714
2015-10-04,0.8944285714
2015-10-05,0.8735714286
2015-10-06,0.8652857143
2015-10-07,0.861
2015-10-08,0.8547142857
2015-10-09,0.872
2015-10-10,0.8718571429
2015-10-11,0.8661428571
2015-10-12,0.8645714286
2015-10-13,0.8874285714
2015-10-14,0.9182857143
2015-10-15,0.9445714286
2015-10-16,0.9374285714
2015-10-17,0.9455714286
2015-10-18,0.978
2015-10-19,0.9802857143
2015-10-20,0.9818571429
2015-10-21,0.9775714286
2015-10-22,0.992
2015-10-23,1.0081428571
2015-10-24,1.0314285714
2015-10-25,1.0447142857
2015-10-26,1.0774285714
2015-10-27,1.0917142857
2015-10-28,1.1171428571
2015-10-29,1.1711428571
2015-10-30,1.19
2015-10-31,1.2128571429
2015-11-01,1.2452857143
2015-11-02,1.3135714286
2015-11-03,1.3882857143
2015-11-04,1.4192857143
2015-11-05,1.4114285714
2015-11-06,1.4567142857
2015-11-07,1.4608571429
2015-11-08,1.4637142857
2015-11-09,1.4167142857
2015-11-10,1.3767142857
2015-11-11,1.3702857143
2015-11-12,1.37
2015-11-13,1.3287142857
2015-11-14,1.327
2015-11-15,1.3295714286
2015-11-16,1.3327142857
2015-11-17,1.3312857143
2015-11-18,1.2954285714
2015-11-19,1.2951428571
2015-11-20,1.3295714286
2015-11-21,1.346
2015-11-22,1.3291428571
2015-11-23,1.3287142857
2015-11-24,1.3188571429
2015-11-25,1.3854285714
2015-11-26,1.3634285714
2015-11-27,1.3568571429
2015-11-28,1.3558571429
2015-11-29,1.3868571429
2015-11-30,1.4252857143
2015-12-01,1.4584285714
2015-12-02,1.4167142857
2015-12-03,1.4448571429
2015-12-04,1.4925714286
2015-12-05,1.518
2015-12-06,1.5061428571
2015-12-07,1.5484285714
2015-12-08,1.592
2015-12-09,1.7297142857
2015-12-10,1.7894285714
2015-12-11,1.7958571429
2015-12-12,1.7905714286
2015-12-13,1.8897142857
2015-12-14,1.9315714286
2015-12-15,1.9421428571
2015-12-16,1.87
2015-12-17,1.8865714286
2015-12-18,1.8895714286
2015-12-19,1.9261428571
2015-12-20,1.8468571429
2015-12-21,1.7731428571
2015-12-22,1.7538571429
2015-12-23,1.7235714286
2015-12-24,1.7051428571
2015-12-25,1.6994285714
2015-12-26,1.745
2015-12-27,1.7371428571
2015-12-28,1.7465714286
2015-12-29,1.747
2015-12-30,1.7382857143
2015-12-31,1.6831428571
2016-01-01,1.6514285714
2016-01-02,1.5647142857
2016-01-03,1.6147142857
2016-01-04,1.6102857143
2016-01-05,1.5751428571
2016-01-06,1.5957142857
2016-01-07,1.6621428571
2016-01-08,1.6765714286
2016-01-09,1.7292857143
2016-01-10,1.7182857143
2016-01-11,1.7395714286
2016-01-12,1.7474285714
2016-01-13,1.7084285714
2016-01-14,1.5898571429
2016-01-15,1.543
2016-01-16,1.4688571429
2016-01-17,1.4322857143
2016-01-18,1.3452857143
2016-01-19,1.3424285714
2016-01-20,1.3364285714
2016-01-21,1.409
2016-01-22,1.4534285714
2016-01-23,1.4881428571
2016-01-24,1.4747142857
2016-01-25,1.513
2016-01-26,1.5007142857
2016-01-27,1.4957142857
2016-01-28,1.4828571429
2016-01-29,1.4844285714
2016-01-30,1.4727142857
2016-01-31,1.4578571429
2016-02-01,1.4704285714
2016-02-02,1.4834285714
2016-02-03,1.5142857143
2016-02-04,1.5381428571
2016-02-05,1.5492857143
2016-02-06,1.5454285714
2016-02-07,1.5267142857
2016-02-08,1.5191428571
2016-02-09,1.5041428571
2016-02-10,1.5238571429
2016-02-11,1.4982857143
2016-02-12,1.4494285714
2016-02-13,1.451
2016-02-14,1.4672857143
2016-02-15,1.4338571429
2016-02-16,1.4384285714
2016-02-17,1.4312857143
2016-02-18,1.4144285714
2016-02-19,1.429
2016-02-20,1.3908571429
2016-02-21,1.3725714286
2016-02-22,1.3737142857
2016-02-23,1.3261428571
2016-02-24,1.3067142857
2016-02-25,1.3035714286
2016-02-26,1.294
2016-02-27,1.2981428571
2016-02-28,1.3048571429
2016-02-29,1.3154285714
2016-03-01,1.3654285714
2016-03-02,1.335
2016-03-03,1.342
2016-03-04,1.3275714286
2016-03-05,1.3312857143
2016-03-06,1.3195714286
2016-03-07,1.3252857143
2016-03-08,1.3324285714
2016-03-09,1.3554285714
2016-03-10,1.3657142857
2016-03-11,1.3624285714
2016-03-12,1.3455714286
2016-03-13,1.3691428571
2016-03-14,1.378
2016-03-15,1.3577142857
2016-03-16,1.339
2016-03-17,1.3018571429
2016-03-18,1.2897142857
2016-03-19,1.3047142857
2016-03-20,1.285
2016-03-21,1.2672857143
2016-03-22,1.262
2016-03-23,1.2658571429
2016-03-24,1.2801428571
2016-03-25,1.3034285714
2016-03-26,1.3012857143
2016-03-27,1.3441428571
2016-03-28,1.3532857143
2016-03-29,1.3468571429
2016-03-30,1.3171428571
2016-03-31,1.3244285714
2016-04-01,1.3061428571
2016-04-02,1.3032857143
2016-04-03,1.2944285714
2016-04-04,1.2931428571
2016-04-05,1.3078571429
2016-04-06,1.3271428571
2016-04-07,1.3144285714
2016-04-08,1.3407142857
2016-04-09,1.3781428571
2016-04-10,1.361
2016-04-11,1.352
2016-04-12,1.3597142857
2016-04-13,1.3904285714
2016-04-14,1.3868571429
2016-04-15,1.36
2016-04-16,1.342
2016-04-17,1.3184285714
2016-04-18,1.3228571429
2016-04-19,1.33
2016-04-20,1.323
2016-04-21,1.333
2016-04-22,1.3472857143
2016-04-23,1.3254285714
2016-04-24,1.3277142857
2016-04-25,1.3405714286
2016-04-26,1.2931428571
2016-04-27,1.2694285714
2016-04-28,1.2904285714
2016-04-29,1.2891428571
2016-04-30,1.3137142857
2016-05-01,1.3422857143
2016-05-02,1.3318571429
2016-05-03,1.379
2016-05-04,1.4014285714
2016-05-05,1.4058571429
2016-05-06,1.4131428571
2016-05-07,1.43
2016-05-08,1.4534285714
2016-05-09,1.4591428571
2016-05-10,1.4155714286
2016-05-11,1.3952857143
2016-05-12,1.3778571429
2016-05-13,1.3662857143
2016-05-14,1.3261428571
2016-05-15,1.2818571429
2016-05-16,1.2594285714
2016-05-17,1.2828571429
2016-05-18,1.251
2016-05-19,1.2388571429
2016-05-20,1.2277142857
2016-05-21,1.2724285714
2016-05-22,1.3134285714
2016-05-23,1.3154285714
2016-05-24,1.2928571429
2016-05-25,1.3151428571
2016-05-26,1.3118571429
2016-05-27,1.3312857143
2016-05-28,1.3188571429
2016-05-29,1.3075714286
2016-05-30,1.3104285714
2016-05-31,1.3477142857
2016-06-01,1.3802857143
2016-06-02,1.4188571429
2016-06-03,1.4098571429
2016-06-04,1.4605714286
2016-06-05,1.5175714286
2016-06-06,1.5504285714
2016-06-07,1.5655714286
2016-06-08,1.617
2016-06-09,1.6197142857
2016-06-10,1.6847142857
2016-06-11,1.6797142857
2016-06-12,1.7104285714
2016-06-13,1.7304285714
2016-06-14,1.7817142857
2016-06-15,1.8254285714
2016-06-16,1.8928571429
2016-06-17,1.9517142857
2016-06-18,2.0414285714
2016-06-19,2.0462857143
2016-06-20,2.0635714286
2016-06-21,1.9835714286
2016-06-22,1.9095714286
2016-06-23,1.8374285714
2016-06-24,1.8018571429
2016-06-25,1.6857142857
2016-06-26,1.6237142857
2016-06-27,1.6091428571
2016-06-28,1.6462857143
2016-06-29,1.6747142857
2016-06-30,1.7178571429
2016-07-01,1.7034285714
2016-07-02,1.7231428571
2016-07-03,1.7348571429
2016-07-04,1.7327142857
2016-07-05,1.7321428571
2016-07-06,1.6948571429
2016-07-07,1.6692857143
2016-07-08,1.6048571429
2016-07-09,1.4774285714
2016-07-10,1.339
2016-07-11,1.2185714286
2016-07-12,1.0905714286
2016-07-13,0.9902857143
2016-07-14,0.8657142857
2016-07-15,0.7987142857
2016-07-16,0.7985714286
2016-07-17,0.8067142857
2016-07-18,0.7951428571
2016-07-19,0.813
2016-07-20,0.8072857143
2016-07-21,0.7997142857
2016-07-22,0.7775714286
2016-07-23,0.754
2016-07-24,0.7368571429
2016-07-25,0.7345714286
2016-07-26,0.7152857143
2016-07-27,0.716
2016-07-28,0.7312857143
2016-07-29,0.7214285714
2016-07-30,0.7385714286
2016-07-31,0.747
2016-08-01,0.743
2016-08-02,0.7557142857
2016-08-03,0.7557142857
2016-08-04,0.7575714286
2016-08-05,0.7815714286
2016-08-06,0.7714285714
2016-08-07,0.7648571429
2016-08-08,0.7547142857
2016-08-09,0.7478571429
2016-08-10,0.7465714286
2016-08-11,0.7334285714
2016-08-12,0.7301428571
2016-08-13,0.7361428571
2016-08-14,0.7301428571
2016-08-15,0.7362857143
2016-08-16,0.7138571429
2016-08-17,0.7135714286
2016-08-18,0.7144285714
2016-08-19,0.7078571429
2016-08-20,0.7094285714
2016-08-21,0.7208571429
2016-08-22,0.7295714286
2016-08-23,0.7501428571
2016-08-24,0.7337142857
2016-08-25,0.7191428571
2016-08-26,0.7091428571
2016-08-27,0.7001428571
2016-08-28,0.6915714286
2016-08-29,0.7017142857
2016-08-30,0.688
2016-08-31,0.6941428571
2016-09-01,0.708
2016-09-02,0.7001428571
2016-09-03,0.726
2016-09-04,0.7252857143
2016-09-05,0.7118571429
2016-09-06,0.7317142857
2016-09-07,0.744
2016-09-08,0.744
2016-09-09,0.7688571429
2016-09-10,0.7571428571
2016-09-11,0.7732857143
2016-09-12,0.7931428571
2016-09-13,0.7944285714
2016-09-14,0.7972857143
2016-09-15,0.7921428571
2016-09-16,0.7942857143
2016-09-17,0.7807142857
2016-09-18,0.759
2016-09-19,0.7484285714
2016-09-20,0.7527142857
2016-09-21,0.741
2016-09-22,0.7375714286
2016-09-23,0.7382857143
2016-09-24,0.7641428571
2016-09-25,0.7777142857
2016-09-26,0.7881428571
2016-09-27,0.7764285714
2016-09-28,0.7791428571
2016-09-29,0.7841428571
2016-09-30,0.7797142857
2016-10-01,0.7502857143
2016-10-02,0.7494285714
2016-10-03,0.7435714286
2016-10-04,0.7581428571
2016-10-05,0.7717142857
2016-10-06,0.7735714286
2016-10-07,0.7824285714
2016-10-08,0.7964285714
2016-10-09,0.7775714286
2016-10-10,0.769
2016-10-11,0.7562857143
2016-10-12,0.736
2016-10-13,0.7341428571
2016-10-14,0.7174285714
2016-10-15,0.6995714286
2016-10-16,0.7031428571
2016-10-17,0.7135714286
2016-10-18,0.6982857143
2016-10-19,0.7014285714
2016-10-20,0.7204285714
2016-10-21,0.7284285714
2016-10-22,0.7402857143
2016-10-23,0.7554285714
2016-10-24,0.7467142857
2016-10-25,0.7634285714
2016-10-26,0.7947142857
2016-10-27,0.7961428571
2016-10-28,0.8065714286
2016-10-29,0.8338571429
2016-10-30,0.845
2016-10-31,0.8611428571
2016-11-01,0.8672857143
2016-11-02,0.8622857143
2016-11-03,0.8355714286
2016-11-04,0.8325714286
2016-11-05,0.8235714286
2016-11-06,0.8242857143
2016-11-07,0.8421428571
2016-11-08,0.8511428571
2016-11-09,0.8662857143
2016-11-10,0.9067142857
2016-11-11,0.9232857143
2016-11-12,0.912
2016-11-13,0.933
2016-11-14,0.9221428571
2016-11-15,0.946
2016-11-16,0.9422857143
2016-11-17,0.9354285714
2016-11-18,0.9217142857
2016-11-19,0.9141428571
2016-11-20,0.892
2016-11-21,0.8792857143
2016-11-22,0.8584285714
2016-11-23,0.8612857143
2016-11-24,0.863
2016-11-25,0.8697142857
2016-11-26,0.8827142857
2016-11-27,0.9027142857
2016-11-28,0.9127142857
2016-11-29,0.9085714286
2016-11-30,0.8977142857
2016-12-01,0.8954285714
2016-12-02,0.9178571429
2016-12-03,0.928
2016-12-04,0.922
2016-12-05,0.9277142857
2016-12-06,0.96
2016-12-07,0.9722857143
2016-12-08,0.9654285714
2016-12-09,0.9318571429
2016-12-10,0.968
2016-12-11,0.9765714286
2016-12-12,1.006
2016-12-13,0.9775714286
2016-12-14,0.9527142857
2016-12-15,0.9531428571
2016-12-16,0.967
2016-12-17,0.9297142857
2016-12-18,0.9281428571
2016-12-19,0.896
2016-12-20,0.9244285714
2016-12-21,0.9694285714
2016-12-22,1.0108571429
2016-12-23,1.021
2016-12-24,1.0638571429
2016-12-25,1.0745714286
2016-12-26,1.1147142857
2016-12-27,1.1487142857
2016-12-28,1.1598571429
2016-12-29,1.1735714286
2016-12-30,1.1982857143
2016-12-31,1.207
2017-01-01,1.2455714286
2017-01-02,1.2741428571
2017-01-03,1.2884285714
2017-01-04,1.2807142857
2017-01-05,1.2717142857
2017-01-06,1.2494285714
2017-01-07,1.2452857143
2017-01-08,1.1998571429
2017-01-09,1.1712857143
2017-01-10,1.1095714286
2017-01-11,1.1084285714
2017-01-12,1.0855714286
2017-01-13,1.1047142857
2017-01-14,1.0874285714
2017-01-15,1.1075714286
2017-01-16,1.105
2017-01-17,1.118
2017-01-18,1.1384285714
2017-01-19,1.1902857143
2017-01-20,1.22
2017-01-21,1.2458571429
2017-01-22,1.2294285714
2017-01-23,1.2161428571
2017-01-24,1.2171428571
2017-01-25,1.1992857143
2017-01-26,1.184
2017-01-27,1.1521428571
2017-01-28,1.1428571429
2017-01-29,1.1491428571
2017-01-30,1.1582857143
2017-01-31,1.2227142857
2017-02-01,1.2408571429
2017-02-02,1.2342857143
2017-02-03,1.2437142857
2017-02-04,1.253
2017-02-05,1.2471428571
2017-02-06,1.268
2017-02-07,1.2258571429
2017-02-08,1.2342857143
2017-02-09,1.2282857143
2017-02-10,1.2182857143
2017-02-11,1.1941428571
2017-02-12,1.234
2017-02-13,1.2471428571
2017-02-14,1.2317142857
2017-02-15,1.22
2017-02-16,1.2347142857
2017-02-17,1.2564285714
2017-02-18,1.2568571429
2017-02-19,1.2538571429
2017-02-20,1.2354285714
2017-02-21,1.2518571429
2017-02-22,1.2757142857
2017-02-23,1.3124285714
2017-02-24,1.3475714286
2017-02-25,1.4238571429
2017-02-26,1.4344285714
2017-02-27,1.4621428571
2017-02-28,1.484
2017-03-01,1.5045714286
2017-03-02,1.504
2017-03-03,1.4738571429
2017-03-04,1.446
2017-03-05,1.4555714286
2017-03-06,1.4614285714
2017-03-07,1.4447142857
2017-03-08,1.4184285714
2017-03-09,1.3905714286
2017-03-10,1.3978571429
2017-03-11,1.3998571429
2017-03-12,1.3954285714
2017-03-13,1.4
2017-03-14,1.4152857143
2017-03-15,1.4175714286
2017-03-16,1.4088571429
2017-03-17,1.3804285714
2017-03-18,1.3537142857
2017-03-19,1.3095714286
2017-03-20,1.2677142857
2017-03-21,1.2512857143
2017-03-22,1.2191428571
2017-03-23,1.2175714286
2017-03-24,1.192
2017-03-25,1.1817142857
2017-03-26,1.1772857143
2017-03-27,1.1811428571
2017-03-28,1.1568571429
2017-03-29,1.1761428571
2017-03-30,1.155
2017-03-31,1.171
2017-04-01,1.1865714286
2017-04-02,1.2555714286
2017-04-03,1.2334285714
2017-04-04,1.2767142857
2017-04-05,1.2814285714
2017-04-06,1.3317142857
2017-04-07,1.3507142857
2017-04-08,1.3691428571
2017-04-09,1.3422857143
2017-04-10,1.4091428571
2017-04-11,1.3952857143
2017-04-12,1.3648571429
2017-04-13,1.3312857143
2017-04-14,1.3454285714
2017-04-15,1.3207142857
2017-04-16,1.3047142857
2017-04-17,1.2711428571
2017-04-18,1.2704285714
2017-04-19,1.2928571429
2017-04-20,1.3401428571
2017-04-21,1.343
2017-04-22,1.3631428571
2017-04-23,1.3527142857
2017-04-24,1.3662857143
2017-04-25,1.3921428571
2017-04-26,1.4197142857
2017-04-27,1.3911428571
2017-04-28,1.4475714286
2017-04-29,1.4641428571
2017-04-30,1.5258571429
2017-05-01,1.5681428571
2017-05-02,1.5681428571
2017-05-03,1.6301428571
2017-05-04,1.6427142857
2017-05-05,1.6708571429
2017-05-06,1.7167142857
2017-05-07,1.8054285714
2017-05-08,1.8387142857
2017-05-09,1.9014285714
2017-05-10,1.8857142857
2017-05-11,1.9497142857
2017-05-12,1.9621428571
2017-05-13,1.9977142857
2017-05-14,1.9834285714
2017-05-15,1.9427142857
2017-05-16,1.9542857143
2017-05-17,1.9708571429
2017-05-18,2.0262857143
2017-05-19,2.0772857143
2017-05-20,2.077
2017-05-21,2.0787142857
2017-05-22,2.2205714286
2017-05-23,2.3045714286
2017-05-24,2.4052857143
2017-05-25,2.422
2017-05-26,2.418
2017-05-27,2.4745714286
2017-05-28,2.5061428571
2017-05-29,2.5034285714
2017-05-30,2.4975714286
2017-05-31,2.5154285714
2017-06-01,2.5181428571
2017-06-02,2.647
2017-06-03,2.673
2017-06-04,2.7522857143
2017-06-05,2.783
2017-06-06,2.836
2017-06-07,2.8735714286
2017-06-08,2.919
2017-06-09,2.8317142857
2017-06-10,2.845
2017-06-11,2.7877142857
2017-06-12,2.7285714286
2017-06-13,2.6221428571
2017-06-14,2.5265714286
2017-06-15,2.466
2017-06-16,2.434
2017-06-17,2.3628571429
2017-06-18,2.3558571429
2017-06-19,2.3457142857
2017-06-20,2.3648571429
2017-06-21,2.3628571429
2017-06-22,2.4122857143
2017-06-23,2.3957142857
2017-06-24,2.3368571429
2017-06-25,2.2885714286
2017-06-26,2.2412857143
2017-06-27,2.263
2017-06-28,2.1964285714
2017-06-29,2.1441428571
2017-06-30,2.1568571429
2017-07-01,2.2974285714
2017-07-02,2.3677142857
2017-07-03,2.4181428571
2017-07-04,2.3984285714
2017-07-05,2.4475714286
2017-07-06,2.4327142857
2017-07-07,2.4462857143
2017-07-08,2.329
2017-07-09,2.3392857143
2017-07-10,2.3331428571
2017-07-11,2.3501428571
2017-07-12,2.3392857143
2017-07-13,2.279
2017-07-14,2.1297142857
2017-07-15,2.0928571429
2017-07-16,1.9768571429
2017-07-17,1.9507142857
2017-07-18,1.8737142857
2017-07-19,1.938
2017-07-20,2.0134285714
2017-07-21,2.1667142857
2017-07-22,2.2868571429
2017-07-23,2.4054285714
2017-07-24,2.3932857143
2017-07-25,2.4102857143
2017-07-26,2.3604285714
2017-07-27,2.3551428571
2017-07-28,2.3211428571
2017-07-29,2.2551428571
2017-07-30,2.1851428571
2017-07-31,2.1964285714
2017-08-01,2.2157142857
2017-08-02,2.1862857143
2017-08-03,2.245
2017-08-04,2.3435714286
2017-08-05,2.3681428571
2017-08-06,2.4328571429
2017-08-07,2.5344285714
2017-08-08,2.5607142857
2017-08-09,2.6035714286
2017-08-10,2.599
2017-08-11,2.5461428571
2017-08-12,2.6381428571
2017-08-13,2.6508571429
2017-08-14,2.6827142857
2017-08-15,2.7414285714
2017-08-16,2.9395714286
2017-08-17,2.9794285714
2017-08-18,3.0327142857
2017-08-19,2.9647142857
2017-08-20,2.8788571429
2017-08-21,2.6794285714
2017-08-22,2.7234285714
2017-08-23,2.4815714286
2017-08-24,2.3527142857
2017-08-25,2.2251428571
2017-08-26,2.3048571429
2017-08-27,2.3618571429
2017-08-28,2.5591428571
2017-08-29,2.6115714286
2017-08-30,2.8102857143
2017-08-31,3.0558571429
2017-09-01,3.2245714286
2017-09-02,3.225
2017-09-03,3.3274285714
2017-09-04,3.4187142857
2017-09-05,3.3765714286
2017-09-06,3.3748571429
2017-09-07,3.2894285714
2017-09-08,3.252
2017-09-09,3.1567142857
2017-09-10,3.1137142857
2017-09-11,3.0328571429
2017-09-12,3.0062857143
2017-09-13,2.8414285714
2017-09-14,2.7678571429
2017-09-15,2.6898571429
2017-09-16,2.7112857143
2017-09-17,2.5744285714
2017-09-18,2.4624285714
2017-09-19,2.2914285714
2017-09-20,2.3187142857
2017-09-21,2.2167142857
2017-09-22,2.2041428571
2017-09-23,2.127
2017-09-24,2.1021428571
2017-09-25,2.0508571429
2017-09-26,2.129
2017-09-27,2.1722857143
2017-09-28,2.267
2017-09-29,2.24
2017-09-30,2.2487142857
2017-10-01,2.3258571429
2017-10-02,2.4434285714
2017-10-03,2.4032857143
2017-10-04,2.2864285714
2017-10-05,2.2688571429
2017-10-06,2.3091428571
2017-10-07,2.4311428571
2017-10-08,2.4727142857
2017-10-09,2.4421428571
2017-10-10,2.4815714286
2017-10-11,2.6087142857
2017-10-12,2.627
2017-10-13,2.6662857143
2017-10-14,2.7764285714
2017-10-15,2.8677142857
2017-10-16,2.9234285714
2017-10-17,2.9877142857
2017-10-18,3.055
2017-10-19,3.1771428571
2017-10-20,3.2042857143
2017-10-21,3.1677142857
2017-10-22,3.1447142857
2017-10-23,3.1238571429
2017-10-24,3.1985714286
2017-10-25,3.1931428571
2017-10-26,2.9625714286
2017-10-27,2.7555714286
2017-10-28,2.6731428571
2017-10-29,2.6078571429
2017-10-30,2.5758571429
2017-10-31,2.5511428571
2017-11-01,2.5295714286
2017-11-02,2.6248571429
2017-11-03,2.8111428571
2017-11-04,2.828
2017-11-05,2.8217142857
2017-11-06,2.8937142857
2017-11-07,2.8817142857
2017-11-08,2.8731428571
2017-11-09,2.8315714286
2017-11-10,2.6335714286
2017-11-11,2.391
2017-11-12,2.3698571429
2017-11-13,2.2495714286
2017-11-14,2.2455714286
2017-11-15,2.2687142857
2017-11-16,2.4448571429
2017-11-17,2.6448571429
2017-11-18,2.9417142857
2017-11-19,3.1211428571
2017-11-20,3.307
2017-11-21,3.3257142857
2017-11-22,3.3272857143
2017-11-23,3.2765714286
2017-11-24,3.3624285714
2017-11-25,3.3848571429
2017-11-26,3.4254285714
2017-11-27,3.4465714286
2017-11-28,3.5814285714
2017-11-29,3.6884285714
2017-11-30,3.91
2017-12-01,4.0065714286
2017-12-02,4.1495714286
2017-12-03,4.2487142857
2017-12-04,4.3802857143
2017-12-05,4.6275714286
2017-12-06,4.8645714286
2017-12-07,4.9795714286
2017-12-08,5.185
2017-12-09,5.2925714286
2017-12-10,5.4595714286
2017-12-11,5.576
2017-12-12,5.6195714286
2017-12-13,5.6742857143
2017-12-14,5.7195714286
2017-12-15,5.8385714286
2017-12-16,6.0302857143
2017-12-17,6.0884285714
2017-12-18,5.9422857143
2017-12-19,5.6425714286
2017-12-20,5.3072857143
2017-12-21,5.0402857143
2017-12-22,4.647
2017-12-23,4.2255714286
2017-12-24,3.7871428571
2017-12-25,3.6884285714
2017-12-26,3.6904285714
2017-12-27,3.6725714286
2017-12-28,3.6807142857
2017-12-29,3.609
2017-12-30,3.6077142857
2017-12-31,3.624
2018-01-01,3.6552857143
2018-01-02,3.6095714286
2018-01-03,3.6667142857
2018-01-04,3.6368571429
2018-01-05,3.8178571429
2018-01-06,3.86
2018-01-07,3.9078571429
2018-01-08,3.8347142857
2018-01-09,3.8157142857
2018-01-10,3.781
2018-01-11,3.7505714286
2018-01-12,3.5584285714
2018-01-13,3.4217142857
2018-01-14,3.3027142857
2018-01-15,3.1674285714
2018-01-16,3.0274285714
2018-01-17,2.8831428571
2018-01-18,2.7484285714
2018-01-19,2.7571428571
2018-01-20,2.7397142857
2018-01-21,2.6738571429
2018-01-22,2.6765714286
2018-01-23,2.6804285714
2018-01-24,2.6278571429
2018-01-25,2.5784285714
2018-01-26,2.4678571429
2018-01-27,2.3952857143
2018-01-28,2.3545714286
2018-01-29,2.2932857143
2018-01-30,2.1344285714
2018-01-31,2.0664285714
2018-02-01,2.0132857143
2018-02-02,1.9424285714
2018-02-03,1.8664285714
2018-02-04,1.7897142857
2018-02-05,1.7194285714
2018-02-06,1.6955714286
2018-02-07,1.6234285714
2018-02-08,1.5627142857
2018-02-09,1.5171428571
2018-02-10,1.4678571429
2018-02-11,1.4988571429
2018-02-12,1.5071428571
2018-02-13,1.6084285714
2018-02-14,1.6454285714
2018-02-15,1.7127142857
2018-02-16,1.7795714286
2018-02-17,1.8522857143
2018-02-18,1.8987142857
2018-02-19,1.9221428571
2018-02-20,1.9245714286
2018-02-21,1.9414285714
2018-02-22,1.9167142857
2018-02-23,1.8672857143
2018-02-24,1.85
2018-02-25,1.7838571429
2018-02-26,1.7951428571
2018-02-27,1.7591428571
2018-02-28,1.8048571429
2018-03-01,1.8315714286
2018-03-02,1.9275714286
2018-03-03,1.9274285714
2018-03-04,1.9614285714
2018-03-05,1.9462857143
2018-03-06,1.9312857143
2018-03-07,1.877
2018-03-08,1.8122857143
2018-03-09,1.6755714286
2018-03-10,1.6312857143
2018-03-11,1.5862857143
2018-03-12,1.5462857143
2018-03-13,1.4838571429
2018-03-14,1.4297142857
2018-03-15,1.4175714286
2018-03-16,1.4048571429
2018-03-17,1.3668571429
2018-03-18,1.3395714286
2018-03-19,1.2875714286
2018-03-20,1.3084285714
2018-03-21,1.3125714286
2018-03-22,1.2877142857
2018-03-23,1.3087142857
2018-03-24,1.2904285714
2018-03-25,1.2718571429
2018-03-26,1.2771428571
2018-03-27,1.2324285714
2018-03-28,1.2047142857
2018-03-29,1.1925714286
2018-03-30,1.1227142857
2018-03-31,1.1144285714
2018-04-01,1.0927142857
2018-04-02,1.0922857143
2018-04-03,1.0788571429
2018-04-04,1.0734285714
2018-04-05,1.043
2018-04-06,1.0911428571
2018-04-07,1.092
2018-04-08,1.0742857143
2018-04-09,1.0584285714
2018-04-10,1.0731428571
2018-04-11,1.0924285714
2018-04-12,1.1452857143
2018-04-13,1.1221428571
2018-04-14,1.1514285714
2018-04-15,1.1687142857
2018-04-16,1.1878571429
2018-04-17,1.2105714286
2018-04-18,1.2421428571
2018-04-19,1.2252857143
2018-04-20,1.2647142857
2018-04-21,1.2672857143
2018-04-22,1.2954285714
2018-04-23,1.3262857143
2018-04-24,1.2932857143
2018-04-25,1.2667142857
2018-04-26,1.272
2018-04-27,1.2395714286
2018-04-28,1.2458571429
2018-04-29,1.2507142857
2018-04-30,1.2331428571
2018-05-01,1.2564285714
2018-05-02,1.2747142857
2018-05-03,1.2794285714
2018-05-04,1.326
2018-05-05,1.2997142857
2018-05-06,1.2918571429
2018-05-07,1.2682857143
2018-05-08,1.2905714286
2018-05-09,1.2762857143
2018-05-10,1.2382857143
2018-05-11,1.2117142857
2018-05-12,1.205
2018-05-13,1.169
2018-05-14,1.1607142857
2018-05-15,1.1578571429
2018-05-16,1.1131428571
2018-05-17,1.1297142857
2018-05-18,1.11
2018-05-19,1.0995714286
2018-05-20,1.1191428571
2018-05-21,1.1128571429
2018-05-22,1.0758571429
2018-05-23,1.0764285714
2018-05-24,1.0851428571
2018-05-25,1.0727142857
2018-05-26,1.0677142857
2018-05-27,1.0394285714
2018-05-28,1.0158571429
2018-05-29,1.0218571429
2018-05-30,1.0431428571
2018-05-31,1.0337142857
2018-06-01,1.0285714286
2018-06-02,1.033
2018-06-03,1.063
2018-06-04,1.0974285714
2018-06-05,1.0758571429
2018-06-06,1.0524285714
2018-06-07,1.0331428571
2018-06-08,1.0215714286
2018-06-09,0.9714285714
2018-06-10,0.9198571429
2018-06-11,0.8715714286
2018-06-12,0.8432857143
2018-06-13,0.8321428571
2018-06-14,0.8155714286
2018-06-15,0.8141428571
2018-06-16,0.8318571429
2018-06-17,0.8474285714
2018-06-18,0.8578571429
2018-06-19,0.8741428571
2018-06-20,0.8881428571
2018-06-21,0.8792857143
2018-06-22,0.8671428571
2018-06-23,0.8704285714
2018-06-24,0.855
2018-06-25,0.8355714286
2018-06-26,0.7982857143
2018-06-27,0.7707142857
2018-06-28,0.7725714286
2018-06-29,0.761
2018-06-30,0.7462857143
2018-07-01,0.7395714286
2018-07-02,0.7227142857
2018-07-03,0.7384285714
2018-07-04,0.7347142857
2018-07-05,0.7474285714
2018-07-06,0.7642857143
2018-07-07,0.7778571429
2018-07-08,0.774
2018-07-09,0.7948571429
2018-07-10,0.7914285714
2018-07-11,0.7874285714
2018-07-12,0.767
2018-07-13,0.7405714286
2018-07-14,0.7145714286
2018-07-15,0.702
2018-07-16,0.727
2018-07-17,0.7748571429
2018-07-18,0.8207142857
2018-07-19,0.8471428571
2018-07-20,0.8671428571
2018-07-21,0.9235714286
2018-07-22,0.9768571429
2018-07-23,0.9947142857
2018-07-24,1.012
2018-07-25,1.0134285714
2018-07-26,1.0385714286
2018-07-27,1.0565714286
2018-07-28,1.0604285714
2018-07-29,1.0374285714
2018-07-30,1.013
2018-07-31,0.9757142857
2018-08-01,0.9568571429
2018-08-02,0.94
2018-08-03,0.9434285714
2018-08-04,0.9111428571
2018-08-05,0.889
2018-08-06,0.8742857143
2018-08-07,0.8558571429
2018-08-08,0.8351428571
2018-08-09,0.8172857143
2018-08-10,0.7985714286
2018-08-11,0.7812857143
2018-08-12,0.7841428571
2018-08-13,0.7641428571
2018-08-14,0.7662857143
2018-08-15,0.7674285714
2018-08-16,0.7575714286
2018-08-17,0.7514285714
2018-08-18,0.7467142857
2018-08-19,0.7462857143
2018-08-20,0.7585714286
2018-08-21,0.7588571429
2018-08-22,0.7557142857
2018-08-23,0.7528571429
2018-08-24,0.7397142857
2018-08-25,0.7627142857
2018-08-26,0.7972857143
2018-08-27,0.8104285714
2018-08-28,0.8051428571
2018-08-29,0.8154285714
2018-08-30,0.8268571429
2018-08-31,0.8452857143
2018-09-01,0.8328571429
2018-09-02,0.8082857143
2018-09-03,0.7905714286
2018-09-04,0.7812857143
2018-09-05,0.77
2018-09-06,0.7571428571
2018-09-07,0.7397142857
2018-09-08,0.736
2018-09-09,0.7144285714
2018-09-10,0.7095714286
2018-09-11,0.7274285714
2018-09-12,0.7258571429
2018-09-13,0.7128571429
2018-09-14,0.7108571429
2018-09-15,0.698
2018-09-16,0.6971428571
2018-09-17,0.6984285714
2018-09-18,0.6907142857
2018-09-19,0.6944285714
2018-09-20,0.7061428571
2018-09-21,0.7191428571
2018-09-22,0.7295714286
2018-09-23,0.7428571429
2018-09-24,0.762
2018-09-25,0.7507142857
2018-09-26,0.7451428571
2018-09-27,0.7498571429
2018-09-28,0.7451428571
2018-09-29,0.7521428571
2018-09-30,0.7582857143
2018-10-01,0.737
2018-10-02,0.7407142857
2018-10-03,0.7431428571
2018-10-04,0.7251428571
2018-10-05,0.7052857143
2018-10-06,0.6894285714
2018-10-07,0.6737142857
2018-10-08,0.6697142857
2018-10-09,0.6697142857
2018-10-10,0.6691428571
2018-10-11,0.6647142857
2018-10-12,0.6702857143
2018-10-13,0.646
2018-10-14,0.662
2018-10-15,0.6637142857
2018-10-16,0.6582857143
2018-10-17,0.648
2018-10-18,0.6575714286
2018-10-19,0.6622857143
2018-10-20,0.6815714286
2018-10-21,0.6762857143
2018-10-22,0.6882857143
2018-10-23,0.6708571429
2018-10-24,0.6704285714
2018-10-25,0.6715714286
2018-10-26,0.6668571429
2018-10-27,0.668
2018-10-28,0.6595714286
2018-10-29,0.6575714286
2018-10-30,0.6898571429
2018-10-31,0.7004285714
2018-11-01,0.6995714286
2018-11-02,0.7152857143
2018-11-03,0.7038571429
2018-11-04,0.7047142857
2018-11-05,0.6897142857
2018-11-06,0.6702857143
2018-11-07,0.649
2018-11-08,0.638
2018-11-09,0.6181428571
2018-11-10,0.6327142857
2018-11-11,0.6288571429
2018-11-12,0.6211428571
2018-11-13,0.6112857143
2018-11-14,0.6035714286
2018-11-15,0.5917142857
2018-11-16,0.5882857143
2018-11-17,0.5627142857
2018-11-18,0.533
2018-11-19,0.514
2018-11-20,0.4851428571
2018-11-21,0.4665714286
2018-11-22,0.4504285714
2018-11-23,0.4238571429
2018-11-24,0.405
2018-11-25,0.3848571429
2018-11-26,0.3774285714
2018-11-27,0.3801428571
2018-11-28,0.3722857143
2018-11-29,0.3584285714
2018-11-30,0.3561428571
2018-12-01,0.3534285714
2018-12-02,0.3572857143
2018-12-03,0.363
2018-12-04,0.3625714286
2018-12-05,0.3668571429
2018-12-06,0.3661428571
2018-12-07,0.3584285714
2018-12-08,0.3582857143
2018-12-09,0.3581428571
2018-12-10,0.3465714286
2018-12-11,0.3401428571
2018-12-12,0.3365714286
2018-12-13,0.3477142857
2018-12-14,0.3544285714
2018-12-15,0.3464285714
2018-12-16,0.3647142857
2018-12-17,0.3727142857
2018-12-18,0.3915714286
2018-12-19,0.4084285714
2018-12-20,0.419
2018-12-21,0.4477142857
2018-12-22,0.4888571429
2018-12-23,0.4974285714
2018-12-24,0.5148571429
2018-12-25,0.5222857143
2018-12-26,0.5331428571
2018-12-27,0.5485714286
2018-12-28,0.53
2018-12-29,0.5295714286
2018-12-30,0.5261428571
2018-12-31,0.5241428571
2019-01-01,0.5251428571
2019-01-02,0.5225714286
2019-01-03,0.515
2019-01-04,0.5287142857
2019-01-05,0.5181428571
2019-01-06,0.5195714286
2019-01-07,0.536
2019-01-08,0.5474285714
2019-01-09,0.5472857143
2019-01-10,0.5452857143
2019-01-11,0.5321428571
2019-01-12,0.5227142857
2019-01-13,0.5227142857
2019-01-14,0.4984285714
2019-01-15,0.4771428571
2019-01-16,0.4652857143
2019-01-17,0.4621428571
2019-01-18,0.4627142857
2019-01-19,0.4747142857
2019-01-20,0.4745714286
2019-01-21,0.4752857143
2019-01-22,0.4824285714
2019-01-23,0.5002857143
2019-01-24,0.5011428571
2019-01-25,0.509
2019-01-26,0.501
2019-01-27,0.4982857143
2019-01-28,0.5041428571
2019-01-29,0.4987142857
2019-01-30,0.4934285714
2019-01-31,0.5024285714
2019-02-01,0.499
2019-02-02,0.4982857143
2019-02-03,0.5
2019-02-04,0.5024285714
2019-02-05,0.5157142857
2019-02-06,0.525
2019-02-07,0.5325714286
2019-02-08,0.54
2019-02-09,0.5465714286
2019-02-10,0.5502857143
2019-02-11,0.5447142857
2019-02-12,0.545
2019-02-13,0.5342857143
2019-02-14,0.5157142857
2019-02-15,0.5162857143
2019-02-16,0.5275714286
2019-02-17,0.5408571429
2019-02-18,0.5644285714
2019-02-19,0.5608571429
2019-02-20,0.5565714286
2019-02-21,0.5861428571
2019-02-22,0.5954285714
2019-02-23,0.5878571429
2019-02-24,0.5817142857
2019-02-25,0.584
2019-02-26,0.5892857143
2019-02-27,0.6068571429
2019-02-28,0.6054285714
2019-03-01,0.5942857143
2019-03-02,0.602
2019-03-03,0.5978571429
2019-03-04,0.5941428571
2019-03-05,0.5895714286
2019-03-06,0.5884285714
2019-03-07,0.5818571429
2019-03-08,0.5895714286
2019-03-09,0.588
2019-03-10,0.596
2019-03-11,0.5945714286
2019-03-12,0.6002857143
2019-03-13,0.6098571429
2019-03-14,0.6171428571
2019-03-15,0.6362857143
2019-03-16,0.6454285714
2019-03-17,0.6615714286
2019-03-18,0.6858571429
2019-03-19,0.7077142857
2019-03-20,0.7042857143
2019-03-21,0.7128571429
2019-03-22,0.7022857143
2019-03-23,0.7062857143
2019-03-24,0.6977142857
2019-03-25,0.6715714286
2019-03-26,0.6651428571
2019-03-27,0.6691428571
2019-03-28,0.6638571429
2019-03-29,0.6637142857
2019-03-30,0.6604285714
2019-03-31,0.659
2019-04-01,0.7002857143
2019-04-02,0.7184285714
2019-04-03,0.7362857143
2019-04-04,0.7692857143
2019-04-05,0.792
2019-04-06,0.8197142857
2019-04-07,0.8568571429
2019-04-08,0.8438571429
2019-04-09,0.8584285714
2019-04-10,0.8768571429
2019-04-11,0.8732857143
2019-04-12,0.8715714286
2019-04-13,0.8555714286
2019-04-14,0.8482857143
2019-04-15,0.861
2019-04-16,0.8514285714
2019-04-17,0.8518571429
2019-04-18,0.8597142857
2019-04-19,0.863
2019-04-20,0.9031428571
2019-04-21,0.9031428571
2019-04-22,0.8858571429
2019-04-23,0.9157142857
2019-04-24,0.9084285714
2019-04-25,0.9055714286
2019-04-26,0.9095714286
2019-04-27,0.9081428571
2019-04-28,0.93
2019-04-29,0.9477142857
2019-04-30,0.9535714286
2019-05-01,0.9998571429
2019-05-02,1.0158571429
2019-05-03,1.0264285714
2019-05-04,1.011
2019-05-05,1.0164285714
2019-05-06,1.0185714286
2019-05-07,1.0192857143
2019-05-08,1.0094285714
2019-05-09,1.0
2019-05-10,1.035
2019-05-11,1.0994285714
2019-05-12,1.1787142857
2019-05-13,1.2621428571
2019-05-14,1.3197142857
2019-05-15,1.3601428571
2019-05-16,1.4152857143
2019-05-17,1.4441428571
2019-05-18,1.487
2019-05-19,1.484
2019-05-20,1.4864285714
2019-05-21,1.4965714286
2019-05-22,1.5141428571
2019-05-23,1.5344285714
2019-05-24,1.537
2019-05-25,1.5545714286
2019-05-26,1.5872857143
2019-05-27,1.6231428571
2019-05-28,1.6617142857
2019-05-29,1.674
2019-05-30,1.6345714286
2019-05-31,1.6624285714
2019-06-01,1.6098571429
2019-06-02,1.5217142857
2019-06-03,1.4777142857
2019-06-04,1.433
2019-06-05,1.4154285714
2019-06-06,1.4624285714
2019-06-07,1.4087142857
2019-06-08,1.4048571429
2019-06-09,1.4542857143
2019-06-10,1.4458571429
2019-06-11,1.4135714286
2019-06-12,1.4167142857
2019-06-13,1.451
2019-06-14,1.5037142857
2019-06-15,1.5112857143
2019-06-16,1.5077142857
2019-06-17,1.566
2019-06-18,1.6647142857
2019-06-19,1.6858571429
2019-06-20,1.6617142857
2019-06-21,1.697
2019-06-22,1.8297142857
2019-06-23,1.9484285714
2019-06-24,1.9855714286
2019-06-25,2.0628571429
2019-06-26,2.0931428571
2019-06-27,2.2027142857
2019-06-28,2.2937142857
2019-06-29,2.2347142857
2019-06-30,2.1541428571
2019-07-01,2.1461428571
2019-07-02,2.1274285714
2019-07-03,2.17
2019-07-04,2.1734285714
2019-07-05,2.1524285714
2019-07-06,2.1641428571
2019-07-07,2.271
2019-07-08,2.3032857143
2019-07-09,2.2151428571
2019-07-10,2.142
2019-07-11,2.1122857143
2019-07-12,2.0418571429
2019-07-13,1.994
2019-07-14,1.8908571429
2019-07-15,1.8205714286
2019-07-16,1.7724285714
2019-07-17,1.7428571429
2019-07-18,1.6277142857
2019-07-19,1.6772857143
2019-07-20,1.6891428571
2019-07-21,1.6928571429
2019-07-22,1.6715714286
2019-07-23,1.6822857143
2019-07-24,1.712
2019-07-25,1.7732857143
2019-07-26,1.6937142857
2019-07-27,1.707
2019-07-28,1.7005714286
2019-07-29,1.6917142857
2019-07-30,1.7478571429
2019-07-31,1.745
2019-08-01,1.7662857143
2019-08-02,1.8331428571
2019-08-03,1.857
2019-08-04,1.8684285714
2019-08-05,1.9411428571
2019-08-06,1.9548571429
2019-08-07,1.9857142857
2019-08-08,1.9757142857
2019-08-09,1.9457142857
2019-08-10,1.9302857143
2019-08-11,1.8994285714
2019-08-12,1.8744285714
2019-08-13,1.8225714286
2019-08-14,1.807
2019-08-15,1.7695714286
2019-08-16,1.7042857143
2019-08-17,1.6297142857
2019-08-18,1.667
2019-08-19,1.655
2019-08-20,1.6292857143
2019-08-21,1.5972857143
2019-08-22,1.6054285714
2019-08-23,1.6517142857
2019-08-24,1.6894285714
2019-08-25,1.6322857143
2019-08-26,1.588
2019-08-27,1.6005714286
2019-08-28,1.6194285714
2019-08-29,1.6078571429
2019-08-30,1.6012857143
2019-08-31,1.5738571429
2019-09-01,1.5912857143
2019-09-02,1.6448571429
2019-09-03,1.638
2019-09-04,1.6625714286
2019-09-05,1.6748571429
2019-09-06,1.6688571429
2019-09-07,1.7325714286
2019-09-08,1.7237142857
2019-09-09,1.734
2019-09-10,1.7941428571
2019-09-11,1.7751428571
2019-09-12,1.7597142857
2019-09-13,1.761
2019-09-14,1.709
2019-09-15,1.7297142857
2019-09-16,1.6778571429
2019-09-17,1.6597142857
2019-09-18,1.6382857143
2019-09-19,1.6328571429
2019-09-20,1.6372857143
2019-09-21,1.6565714286
2019-09-22,1.5714285714
2019-09-23,1.5464285714
2019-09-24,1.4782857143
2019-09-25,1.4567142857
2019-09-26,1.3891428571
2019-09-27,1.3364285714
2019-09-28,1.2525714286
2019-09-29,1.2477142857
2019-09-30,1.2232857143
2019-10-01,1.2114285714
2019-10-02,1.1861428571
2019-10-03,1.2028571429
2019-10-04,1.1994285714
2019-10-05,1.2092857143
2019-10-06,1.237
2019-10-07,1.2557142857
2019-10-08,1.2472857143
2019-10-09,1.2712857143
2019-10-10,1.2832857143
2019-10-11,1.2564285714
2019-10-12,1.2562857143
2019-10-13,1.2337142857
2019-10-14,1.2212857143
2019-10-15,1.2142857143
2019-10-16,1.1877142857
2019-10-17,1.1838571429
2019-10-18,1.186
2019-10-19,1.1881428571
2019-10-20,1.2127142857
2019-10-21,1.227
2019-10-22,1.2412857143
2019-10-23,1.2091428571
2019-10-24,1.1968571429
2019-10-25,1.2192857143
2019-10-26,1.2041428571
2019-10-27,1.195
2019-10-28,1.1794285714
2019-10-29,1.1752857143
2019-10-30,1.205
2019-10-31,1.2052857143
2019-11-01,1.1975714286
2019-11-02,1.2208571429
2019-11-03,1.219
2019-11-04,1.2305714286
2019-11-05,1.2301428571
2019-11-06,1.234
2019-11-07,1.222
2019-11-08,1.2238571429
2019-11-09,1.2544285714
2019-11-10,1.2631428571
2019-11-11,1.2397142857
2019-11-12,1.2311428571
2019-11-13,1.2597142857
2019-11-14,1.2875714286
2019-11-15,1.2838571429
2019-11-16,1.2555714286
2019-11-17,1.2304285714
2019-11-18,1.2297142857
2019-11-19,1.2228571429
2019-11-20,1.1634285714
2019-11-21,1.11
2019-11-22,1.11
2019-11-23,1.0534285714
2019-11-24,1.0172857143
2019-11-25,0.9721428571
2019-11-26,0.957
2019-11-27,0.9785714286
2019-11-28,0.9898571429
2019-11-29,0.9454285714
2019-11-30,0.9607142857
2019-12-01,0.9822857143
2019-12-02,1.0188571429
2019-12-03,1.0387142857
2019-12-04,1.0182857143
2019-12-05,1.0218571429
2019-12-06,1.0488571429
2019-12-07,1.0582857143
2019-12-08,1.0598571429
2019-12-09,1.0467142857
2019-12-10,1.0108571429
2019-12-11,0.9937142857
2019-12-12,0.9932857143
2019-12-13,0.9787142857
2019-12-14,0.9464285714
2019-12-15,0.9441428571
2019-12-16,0.9245714286
2019-12-17,0.9267142857
2019-12-18,0.9472857143
2019-12-19,0.9484285714
2019-12-20,0.9718571429
2019-12-21,1.0207142857
2019-12-22,1.015
2019-12-23,1.0102857143
2019-12-24,1.002
2019-12-25,1.011
2019-12-26,1.0004285714
2019-12-27,0.9772857143
2019-12-28,0.9607142857
2019-12-29,0.9795714286
2019-12-30,0.996
2019-12-31,1.0372857143
2020-01-01,1.0072857143
2020-01-02,1.0301428571
2020-01-03,1.0474285714
2020-01-04,1.0525714286
2020-01-05,1.0314285714
2020-01-06,1.0804285714
2020-01-07,1.0655714286
2020-01-08,1.0958571429
2020-01-09,1.091
2020-01-10,1.099
2020-01-11,1.1018571429
2020-01-12,1.1147142857
2020-01-13,1.0934285714
2020-01-14,1.1151428571
2020-01-15,1.1332857143
2020-01-16,1.1571428571
2020-01-17,1.1384285714
2020-01-18,1.145
2020-01-19,1.162
2020-01-20,1.1667142857
2020-01-21,1.1667142857
2020-01-22,1.1572857143
2020-01-23,1.138
2020-01-24,1.1595714286
2020-01-25,1.148
2020-01-26,1.1254285714
2020-01-27,1.1212857143
2020-01-28,1.1364285714
2020-01-29,1.153
2020-01-30,1.159
2020-01-31,1.1625714286
2020-02-01,1.1737142857
2020-02-02,1.1991428571
2020-02-03,1.1832857143
2020-02-04,1.1855714286
2020-02-05,1.1627142857
2020-02-06,1.1622857143
2020-02-07,1.1552857143
2020-02-08,1.1792857143
2020-02-09,1.1567142857
2020-02-10,1.192
2020-02-11,1.1822857143
2020-02-12,1.1952857143
2020-02-13,1.1972857143
2020-02-14,1.1982857143
2020-02-15,1.179
2020-02-16,1.2142857143
2020-02-17,1.2127142857
2020-02-18,1.197
2020-02-19,1.1672857143
2020-02-20,1.1761428571
2020-02-21,1.1767142857
2020-02-22,1.1747142857
2020-02-23,1.1535714286
2020-02-24,1.1297142857
2020-02-25,1.1087142857
2020-02-26,1.1161428571
2020-02-27,1.101
2020-02-28,1.0714285714
2020-02-29,1.0805714286
2020-03-01,1.0748571429
2020-03-02,1.0725714286
2020-03-03,1.1014285714
2020-03-04,1.121
2020-03-05,1.123
2020-03-06,1.1444285714
2020-03-07,1.1158571429
2020-03-08,1.0977142857
2020-03-09,1.062
2020-03-10,1.0012857143
2020-03-11,0.9167142857
2020-03-12,0.8341428571
2020-03-13,0.7491428571
2020-03-14,0.6751428571
2020-03-15,0.6077142857
2020-03-16,0.5644285714
2020-03-17,0.5181428571
2020-03-18,0.5084285714
2020-03-19,0.5048571429
2020-03-20,0.517
2020-03-21,0.5287142857
2020-03-22,0.5434285714
2020-03-23,0.5692857143
2020-03-24,0.5778571429
2020-03-25,0.625
2020-03-26,0.6625714286
2020-03-27,0.6708571429
2020-03-28,0.6875714286
2020-03-29,0.7121428571
2020-03-30,0.7261428571
2020-03-31,0.771
2020-04-01,0.7657142857
2020-04-02,0.7521428571
2020-04-03,0.7782857143
2020-04-04,0.8112857143
2020-04-05,0.8094285714
2020-04-06,0.8295714286
2020-04-07,0.8341428571
2020-04-08,0.843
2020-04-09,0.868
2020-04-10,0.8692857143
2020-04-11,0.855
2020-04-12,0.8811428571
2020-04-13,0.8745714286
2020-04-14,0.8802857143
2020-04-15,0.8765714286
2020-04-16,0.8514285714
2020-04-17,0.8567142857
2020-04-18,0.8581428571
2020-04-19,0.8497142857
2020-04-20,0.8344285714
2020-04-21,0.8131428571
2020-04-22,0.8088571429
2020-04-23,0.8285714286
2020-04-24,0.8144285714
2020-04-25,0.8101428571
2020-04-26,0.8088571429
2020-04-27,0.8275714286
2020-04-28,0.8644285714
2020-04-29,0.8754285714
2020-04-30,0.8934285714
2020-05-01,0.9262857143
2020-05-02,0.9744285714
2020-05-03,1.0074285714
2020-05-04,1.031
2020-05-05,1.0471428571
2020-05-06,1.0791428571
2020-05-07,1.0891428571
2020-05-08,1.085
2020-05-09,1.0821428571
2020-05-10,1.0614285714
2020-05-11,0.9757142857
2020-05-12,0.8797142857
2020-05-13,0.7798571429
2020-05-14,0.6958571429
2020-05-15,0.6182857143
2020-05-16,0.5105714286
2020-05-17,0.4452857143
2020-05-18,0.4367142857
2020-05-19,0.4364285714
2020-05-20,0.4408571429
2020-05-21,0.4332857143
2020-05-22,0.429
2020-05-23,0.4314285714
2020-05-24,0.4248571429
2020-05-25,0.4241428571
2020-05-26,0.4344285714
2020-05-27,0.439
2020-05-28,0.4497142857
2020-05-29,0.4738571429
2020-05-30,0.4967142857
2020-05-31,0.5115714286
2020-06-01,0.5195714286
2020-06-02,0.5244285714
2020-06-03,0.5378571429
2020-06-04,0.5682857143
2020-06-05,0.5905714286
2020-06-06,0.5987142857
2020-06-07,0.6114285714
2020-06-08,0.631
2020-06-09,0.6474285714
2020-06-10,0.6611428571
2020-06-11,0.6511428571
2020-06-12,0.629
2020-06-13,0.6317142857
2020-06-14,0.6164285714
2020-06-15,0.6091428571
2020-06-16,0.5917142857
2020-06-17,0.5604285714
2020-06-18,0.549
2020-06-19,0.5377142857
2020-06-20,0.5252857143
2020-06-21,0.531
2020-06-22,0.5375714286
2020-06-23,0.538
2020-06-24,0.5477142857
2020-06-25,0.5591428571
2020-06-26,0.5581428571
2020-06-27,0.5602857143
2020-06-28,0.5585714286
2020-06-29,0.5498571429
2020-06-30,0.5632857143
2020-07-01,0.5758571429
2020-07-02,0.5761428571
2020-07-03,0.5888571429
2020-07-04,0.5971428571
2020-07-05,0.605
2020-07-06,0.6152857143
2020-07-07,0.6127142857
2020-07-08,0.6157142857
2020-07-09,0.6182857143
2020-07-10,0.6202857143
2020-07-11,0.6177142857
2020-07-12,0.6142857143
2020-07-13,0.6061428571
2020-07-14,0.5978571429
2020-07-15,0.5824285714
2020-07-16,0.5582857143
2020-07-17,0.5441428571
2020-07-18,0.5327142857
2020-07-19,0.5298571429
2020-07-20,0.5211428571
2020-07-21,0.5287142857
2020-07-22,0.534
2020-07-23,0.5634285714
2020-07-24,0.5761428571
2020-07-25,0.5998571429
2020-07-26,0.6231428571
2020-07-27,0.65
2020-07-28,0.6682857143
2020-07-29,0.6817142857
2020-07-30,0.6954285714
2020-07-31,0.7115714286
2020-08-01,0.7125714286
2020-08-02,0.7251428571
2020-08-03,0.729
2020-08-04,0.7221428571
2020-08-05,0.745
2020-08-06,0.7485714286
2020-08-07,0.7535714286
2020-08-08,0.7717142857
2020-08-09,0.761
2020-08-10,0.771
2020-08-11,0.7921428571
2020-08-12,0.7868571429
2020-08-13,0.8017142857
2020-08-14,0.8151428571
2020-08-15,0.8157142857
2020-08-16,0.8111428571
2020-08-17,0.8075714286
2020-08-18,0.796
2020-08-19,0.7974285714
2020-08-20,0.787
2020-08-21,0.771
2020-08-22,0.774
2020-08-23,0.7894285714
2020-08-24,0.7757142857
2020-08-25,0.7775714286
2020-08-26,0.7607142857
2020-08-27,0.7682857143
2020-08-28,0.7754285714
2020-08-29,0.7537142857
2020-08-30,0.755
2020-08-31,0.7822857143
2020-09-01,0.7845714286
2020-09-02,0.7767142857
2020-09-03,0.747
2020-09-04,0.7318571429
2020-09-05,0.7368571429
2020-09-06,0.743
2020-09-07,0.7261428571
2020-09-08,0.7197142857
2020-09-09,0.7424285714
2020-09-10,0.7454285714
2020-09-11,0.7707142857
2020-09-12,0.7817142857
2020-09-13,0.7878571429
2020-09-14,0.7974285714
2020-09-15,0.8112857143
2020-09-16,0.8347142857
2020-09-17,0.8617142857
2020-09-18,0.8547142857
2020-09-19,0.8478571429
2020-09-20,0.8244285714
2020-09-21,0.8032857143
2020-09-22,0.7874285714
2020-09-23,0.7557142857
2020-09-24,0.7574285714
2020-09-25,0.756
2020-09-26,0.763
2020-09-27,0.7547142857
2020-09-28,0.7677142857
2020-09-29,0.7847142857
2020-09-30,0.7744285714
2020-10-01,0.7492857143
2020-10-02,0.749
2020-10-03,0.7534285714
2020-10-04,0.763
2020-10-05,0.7531428571
2020-10-06,0.7492857143
2020-10-07,0.7822857143
2020-10-08,0.793
2020-10-09,0.7957142857
2020-10-10,0.7902857143
2020-10-11,0.8065714286
2020-10-12,0.8447142857
2020-10-13,0.852
2020-10-14,0.8508571429
2020-10-15,0.8648571429
2020-10-16,0.8775714286
2020-10-17,0.8627142857
2020-10-18,0.8452857143
2020-10-19,0.8332857143
2020-10-20,0.832
2020-10-21,0.8361428571
2020-10-22,0.8327142857
2020-10-23,0.8488571429
2020-10-24,0.8604285714
2020-10-25,0.859
2020-10-26,0.8334285714
2020-10-27,0.8094285714
2020-10-28,0.7867142857
2020-10-29,0.7741428571
2020-10-30,0.7438571429
2020-10-31,0.7588571429
2020-11-01,0.749
2020-11-02,0.7944285714
2020-11-03,0.8628571429
2020-11-04,0.9254285714
2020-11-05,0.9908571429
2020-11-06,1.0362857143
2020-11-07,1.068
2020-11-08,1.1821428571
2020-11-09,1.2041428571
2020-11-10,1.2092857143
2020-11-11,1.2325714286
2020-11-12,1.2241428571
2020-11-13,1.2331428571
2020-11-14,1.2525714286
2020-11-15,1.2414285714
2020-11-16,1.2802857143
2020-11-17,1.3317142857
2020-11-18,1.3194285714
2020-11-19,1.3828571429
2020-11-20,1.4464285714
2020-11-21,1.5055714286
2020-11-22,1.5058571429
2020-11-23,1.4917142857
2020-11-24,1.4822857143
2020-11-25,1.49
2020-11-26,1.4514285714
2020-11-27,1.4185714286
2020-11-28,1.3812857143
2020-11-29,1.3451428571
2020-11-30,1.3627142857
2020-12-01,1.3334285714
2020-12-02,1.3681428571
2020-12-03,1.3718571429
2020-12-04,1.3722857143
2020-12-05,1.3644285714
2020-12-06,1.4111428571
2020-12-07,1.3941428571
2020-12-08,1.3978571429
2020-12-09,1.3475714286
2020-12-10,1.3317142857
2020-12-11,1.3112857143
2020-12-12,1.336
2020-12-13,1.329
2020-12-14,1.3337142857
2020-12-15,1.3665714286
2020-12-16,1.4057142857
2020-12-17,1.485
2020-12-18,1.5752857143
2020-12-19,1.6134285714
2020-12-20,1.6344285714
2020-12-21,1.6804285714
2020-12-22,1.7158571429
2020-12-23,1.7167142857
2020-12-24,1.709
2020-12-25,1.6958571429
2020-12-26,1.718
2020-12-27,1.7998571429
2020-12-28,1.8484285714
2020-12-29,1.9402857143
2020-12-30,2.0641428571
2020-12-31,2.1165714286
2021-01-01,2.195
2021-01-02,2.2818571429
2021-01-03,2.3555714286
2021-01-04,2.4305714286
2021-01-05,2.5254285714
2021-01-06,2.6358571429
2021-01-07,2.7387142857
2021-01-08,2.7805714286
2021-01-09,2.8251428571
2021-01-10,2.8087142857
2021-01-11,2.7742857143
2021-01-12,2.7071428571
2021-01-13,2.6388571429
2021-01-14,2.6051428571
2021-01-15,2.5761428571
2021-01-16,2.4814285714
2021-01-17,2.4645714286
2021-01-18,2.4831428571
2021-01-19,2.4317142857
2021-01-20,2.3115714286
2021-01-21,2.2372857143
2021-01-22,2.2098571429
2021-01-23,2.1835714286
2021-01-24,2.1282857143
2021-01-25,2.1127142857
2021-01-26,2.0628571429
2021-01-27,2.1125714286
2021-01-28,2.1414285714
2021-01-29,2.1151428571
2021-01-30,2.1287142857
2021-01-31,2.0897142857
2021-02-01,2.0961428571
2021-02-02,2.1738571429
2021-02-03,2.2351428571
2021-02-04,2.3047142857
2021-02-05,2.3955714286
2021-02-06,2.4685714286
2021-02-07,2.6738571429
2021-02-08,2.7372857143
2021-02-09,2.7758571429
2021-02-10,2.7791428571
2021-02-11,2.7864285714
2021-02-12,2.8435714286
2021-02-13,2.8994285714
2021-02-14,2.8754285714
2021-02-15,2.8212857143
2021-02-16,2.8537142857
2021-02-17,2.894
2021-02-18,2.9838571429
2021-02-19,3.0112857143
2021-02-20,3.0464285714
2021-02-21,3.0232857143
2021-02-22,3.0234285714
2021-02-23,3.046
2021-02-24,3.05
2021-02-25,2.9145714286
2021-02-26,2.8452857143
2021-02-27,2.7105714286
2021-02-28,2.6581428571
2021-03-01,2.6878571429
2021-03-02,2.6644285714
2021-03-03,2.586
2021-03-04,2.6212857143
2021-03-05,2.6228571429
2021-03-06,2.6942857143
2021-03-07,2.7692857143
2021-03-08,2.7967142857
2021-03-09,2.8168571429
2021-03-10,2.8797142857
2021-03-11,2.9335714286
2021-03-12,2.9851428571
2021-03-13,3.0671428571
2021-03-14,3.0592857143
2021-03-15,3.0782857143
2021-03-16,3.0381428571
2021-03-17,3.0752857143
2021-03-18,3.0537142857
2021-03-19,3.0418571429
2021-03-20,2.9971428571
2021-03-21,2.973
2021-03-22,2.9705714286
2021-03-23,2.9527142857
2021-03-24,2.8931428571
2021-03-25,2.82
2021-03-26,2.7982857143
2021-03-27,2.7751428571
2021-03-28,2.7805714286
2021-03-29,2.7532857143
2021-03-30,2.7942857143
2021-03-31,2.8057142857
2021-04-01,2.8278571429
2021-04-02,2.7474285714
2021-04-03,2.7148571429
2021-04-04,2.7201428571
2021-04-05,2.6957142857
2021-04-06,2.6621428571
2021-04-07,2.6142857143
2021-04-08,2.625
2021-04-09,2.6932857143
2021-04-10,2.6871428571
2021-04-11,2.6485714286
2021-04-12,2.6624285714
2021-04-13,2.6331428571
2021-04-14,2.7512857143
2021-04-15,2.6321428571
2021-04-16,2.455
2021-04-17,2.3715714286
2021-04-18,2.2261428571
2021-04-19,2.141
2021-04-20,2.0057142857
2021-04-21,1.852
2021-04-22,1.8677142857
2021-04-23,1.9358571429
2021-04-24,1.9248571429
2021-04-25,1.949
2021-04-26,1.9648571429
2021-04-27,2.0524285714
2021-04-28,2.0088571429
2021-04-29,2.0611428571
2021-04-30,2.0831428571
2021-05-01,2.2162857143
2021-05-02,2.3655714286
2021-05-03,2.4304285714
2021-05-04,2.468
2021-05-05,2.5784285714
2021-05-06,2.6242857143
2021-05-07,2.6895714286
2021-05-08,2.6888571429
2021-05-09,2.6718571429
2021-05-10,2.6585714286
2021-05-11,2.6367142857
2021-05-12,2.5607142857
2021-05-13,2.4291428571
2021-05-14,2.258
2021-05-15,2.0685714286
2021-05-16,1.8801428571
2021-05-17,1.6694285714
2021-05-18,1.5125714286
2021-05-19,1.3825714286
2021-05-20,1.2822857143
2021-05-21,1.2265714286
2021-05-22,1.1522857143
2021-05-23,1.1348571429
2021-05-24,1.1477142857
2021-05-25,1.1475714286
2021-05-26,1.1425714286
2021-05-27,1.1454285714
2021-05-28,1.1305714286
2021-05-29,1.1638571429
2021-05-30,1.175
2021-05-31,1.19
2021-06-01,1.2391428571
2021-06-02,1.2804285714
2021-06-03,1.2987142857
2021-06-04,1.3177142857
2021-06-05,1.3222857143
2021-06-06,1.2917142857
2021-06-07,1.2808571429
2021-06-08,1.2234285714
2021-06-09,1.1711428571
2021-06-10,1.1364285714
2021-06-11,1.1365714286
2021-06-12,1.1262857143
2021-06-13,1.1578571429
2021-06-14,1.1651428571
2021-06-15,1.1625714286
2021-06-16,1.1807142857
2021-06-17,1.1965714286
2021-06-18,1.1581428571
2021-06-19,1.1075714286
2021-06-20,1.0321428571
2021-06-21,0.9505714286
2021-06-22,0.9041428571
2021-06-23,0.8581428571
2021-06-24,0.8245714286
2021-06-25,0.7955714286
2021-06-26,0.7357142857
2021-06-27,0.7245714286
2021-06-28,0.7335714286
2021-06-29,0.7222857143
2021-06-30,0.7071428571
2021-07-01,0.6914285714
2021-07-02,0.743
2021-07-03,0.8117142857
2021-07-04,0.8594285714
2021-07-05,0.9121428571
2021-07-06,0.9472857143
2021-07-07,0.9907142857
2021-07-08,1.036
2021-07-09,1.0677142857
2021-07-10,1.073
2021-07-11,1.0608571429
2021-07-12,1.0452857143
2021-07-13,1.0894285714
2021-07-14,1.0707142857
2021-07-15,1.0775714286
2021-07-16,1.0455714286
2021-07-17,1.0527142857
2021-07-18,1.0857142857
2021-07-19,1.0572857143
2021-07-20,1.0248571429
2021-07-21,1.0515714286
2021-07-22,1.0427142857
2021-07-23,1.0647142857
2021-07-24,1.0884285714
2021-07-25,1.0975714286
2021-07-26,1.1921428571
2021-07-27,1.2408571429
2021-07-28,1.2847142857
2021-07-29,1.3587142857
2021-07-30,1.3977142857
2021-07-31,1.4188571429
2021-08-01,1.4154285714
2021-08-02,1.4055714286
2021-08-03,1.3748571429
2021-08-04,1.3752857143
2021-08-05,1.3668571429
2021-08-06,1.3884285714
2021-08-07,1.4091428571
2021-08-08,1.449
2021-08-09,1.4764285714
2021-08-10,1.5127142857
2021-08-11,1.513
2021-08-12,1.5077142857
2021-08-13,1.5118571429
2021-08-14,1.556
2021-08-15,1.5622857143
2021-08-16,1.5627142857
2021-08-17,1.5388571429
2021-08-18,1.5484285714
2021-08-19,1.5764285714
2021-08-20,1.5891428571
2021-08-21,1.5691428571
2021-08-22,1.6331428571
2021-08-23,1.6184285714
2021-08-24,1.6655714286
2021-08-25,1.6518571429
2021-08-26,1.6252857143
2021-08-27,1.5774285714
2021-08-28,1.5587142857
2021-08-29,1.4547142857
2021-08-30,1.4335714286
2021-08-31,1.3954285714
2021-09-01,1.4045714286
2021-09-02,1.4065714286
2021-09-03,1.4264285714
2021-09-04,1.4457142857
2021-09-05,1.5171428571
2021-09-06,1.523
2021-09-07,1.5155714286
2021-09-08,1.4832857143
2021-09-09,1.4428571429
2021-09-10,1.4087142857
2021-09-11,1.357
2021-09-12,1.2998571429
2021-09-13,1.3161428571
2021-09-14,1.3202857143
2021-09-15,1.3205714286
2021-09-16,1.3405714286
2021-09-17,1.3587142857
2021-09-18,1.3757142857
2021-09-19,1.3684285714
2021-09-20,1.2858571429
2021-09-21,1.2557142857
2021-09-22,1.2765714286
2021-09-23,1.2568571429
2021-09-24,1.2181428571
2021-09-25,1.1732857143
2021-09-26,1.1584285714
2021-09-27,1.19
2021-09-28,1.1754285714
2021-09-29,1.1744285714
2021-09-30,1.182
2021-10-01,1.2531428571
2021-10-02,1.2822857143
2021-10-03,1.3075714286
2021-10-04,1.361
2021-10-05,1.4062857143
2021-10-06,1.4045714286
2021-10-07,1.3941428571
2021-10-08,1.3704285714
2021-10-09,1.404
2021-10-10,1.4168571429
2021-10-11,1.3887142857
2021-10-12,1.4461428571
2021-10-13,1.4488571429
2021-10-14,1.5002857143
2021-10-15,1.4918571429
2021-10-16,1.5151428571
2021-10-17,1.5302857143
2021-10-18,1.586
2021-10-19,1.5837142857
2021-10-20,1.6124285714
2021-10-21,1.6297142857
2021-10-22,1.6434285714
2021-10-23,1.6244285714
2021-10-24,1.6741428571
2021-10-25,1.6458571429
2021-10-26,1.6241428571
2021-10-27,1.6191428571
2021-10-28,1.6378571429
2021-10-29,1.6484285714
2021-10-30,1.6241428571
2021-10-31,1.5598571429
2021-11-01,1.5755714286
2021-11-02,1.592
2021-11-03,1.5751428571
2021-11-04,1.5415714286
2021-11-05,1.5338571429
2021-11-06,1.5548571429
2021-11-07,1.5517142857
2021-11-08,1.552
2021-11-09,1.5355714286
2021-11-10,1.5648571429
2021-11-11,1.5518571429
2021-11-12,1.5558571429
2021-11-13,1.5635714286
2021-11-14,1.5702857143
2021-11-15,1.5392857143
2021-11-16,1.5191428571
2021-11-17,1.4677142857
2021-11-18,1.4378571429
2021-11-19,1.4071428571
2021-11-20,1.3492857143
2021-11-21,1.3085714286
2021-11-22,1.2734285714
2021-11-23,1.2705714286
2021-11-24,1.2565714286
2021-11-25,1.2352857143
2021-11-26,1.2137142857
2021-11-27,1.2148571429
2021-11-28,1.2194285714
2021-11-29,1.2177142857
2021-11-30,1.19
2021-12-01,1.2112857143
2021-12-02,1.2502857143
2021-12-03,1.2434285714
2021-12-04,1.2455714286
2021-12-05,1.2514285714
2021-12-06,1.2517142857
2021-12-07,1.2628571429
2021-12-08,1.2394285714
2021-12-09,1.202
2021-12-10,1.1957142857
2021-12-11,1.1682857143
2021-12-12,1.1211428571
2021-12-13,1.1052857143
2021-12-14,1.0691428571
2021-12-15,1.0178571429
2021-12-16,1.0055714286
2021-12-17,0.9735714286
2021-12-18,0.9712857143
2021-12-19,0.9734285714
2021-12-20,0.9878571429
2021-12-21,0.9931428571
2021-12-22,1.0385714286
2021-12-23,1.053
2021-12-24,1.0814285714
2021-12-25,1.0761428571
2021-12-26,1.0902857143
2021-12-27,1.0571428571
2021-12-28,1.046
2021-12-29,1.001
2021-12-30,0.984
2021-12-31,0.9982857143
2022-01-01,1.0112857143
2022-01-02,0.9894285714
2022-01-03,0.9961428571
2022-01-04,0.9911428571
2022-01-05,1.005
2022-01-06,0.982
2022-01-07,0.9371428571
2022-01-08,0.9044285714
2022-01-09,0.8927142857
2022-01-10,0.8928571429
2022-01-11,0.8841428571
2022-01-12,0.9112857143
2022-01-13,0.9324285714
2022-01-14,0.9557142857
2022-01-15,0.9891428571
2022-01-16,1.0061428571
2022-01-17,0.9852857143
2022-01-18,1.0077142857
2022-01-19,0.9918571429
2022-01-20,0.951
2022-01-21,0.8995714286
2022-01-22,0.8491428571
2022-01-23,0.8222857143
2022-01-24,0.8187142857
2022-01-25,0.7684285714
2022-01-26,0.7264285714
2022-01-27,0.7452857143
2022-01-28,0.7652857143
2022-01-29,0.774
2022-01-30,0.7738571429
2022-01-31,0.781
2022-02-01,0.7984285714
2022-02-02,0.8105714286
2022-02-03,0.8005714286
2022-02-04,0.7855714286
2022-02-05,0.8071428571
2022-02-06,0.8167142857
2022-02-07,0.8337142857
2022-02-08,0.8454285714
2022-02-09,0.8652857143
2022-02-10,0.8792857143
2022-02-11,0.9395714286
2022-02-12,0.9408571429
2022-02-13,0.9522857143
2022-02-14,0.9725714286
2022-02-15,0.986
2022-02-16,0.9852857143
2022-02-17,0.972
2022-02-18,0.933
2022-02-19,0.9105714286
2022-02-20,0.8707142857
2022-02-21,0.8307142857
2022-02-22,0.8051428571
2022-02-23,0.7785714286
2022-02-24,0.7772857143
2022-02-25,0.7555714286
2022-02-26,0.7472857143
2022-02-27,0.7907142857
2022-02-28,0.8194285714
2022-03-01,0.8277142857
2022-03-02,0.8535714286
2022-03-03,0.8572857143
2022-03-04,0.8567142857
2022-03-05,0.8551428571
2022-03-06,0.8348571429
2022-03-07,0.8055714286
2022-03-08,0.8022857143
2022-03-09,0.7912857143
2022-03-10,0.7902857143
2022-03-11,0.8165714286
2022-03-12,0.8312857143
2022-03-13,0.841
2022-03-14,0.8364285714
2022-03-15,0.8494285714
2022-03-16,0.8667142857
2022-03-17,0.8805714286
2022-03-18,0.8911428571
2022-03-19,0.9057142857
2022-03-20,0.911
2022-03-21,0.9294285714
2022-03-22,0.9265714286
2022-03-23,0.9227142857
2022-03-24,0.9432857143
2022-03-25,0.9572857143
2022-03-26,0.953
2022-03-27,0.9795714286
2022-03-28,0.9981428571
2022-03-29,1.0022857143
2022-03-30,1.003
2022-03-31,0.9952857143
2022-04-01,0.9757142857
2022-04-02,0.9834285714
2022-04-03,0.9812857143
2022-04-04,0.9705714286
2022-04-05,0.9741428571
2022-04-06,0.969
2022-04-07,0.9514285714
2022-04-08,0.9591428571
2022-04-09,0.9485714286
2022-04-10,0.908
2022-04-11,0.8985714286
2022-04-12,0.884
2022-04-13,0.8742857143
2022-04-14,0.8914285714
2022-04-15,0.8687142857
2022-04-16,0.8831428571
2022-04-17,0.885
2022-04-18,0.8644285714
2022-04-19,0.8834285714
2022-04-20,0.9121428571
2022-04-21,0.89
2022-04-22,0.9122857143
2022-04-23,0.917
2022-04-24,0.9405714286
2022-04-25,0.9447142857
2022-04-26,0.9458571429
2022-04-27,0.9121428571
2022-04-28,0.9215714286
2022-04-29,0.905
2022-04-30,0.8982857143
2022-05-01,0.8907142857
2022-05-02,0.8985714286
2022-05-03,0.8807142857
2022-05-04,0.8921428571
2022-05-05,0.8788571429
2022-05-06,0.8675714286
2022-05-07,0.8442857143
2022-05-08,0.8142857143
2022-05-09,0.796
2022-05-10,0.7622857143
2022-05-11,0.7242857143
2022-05-12,0.7111428571
2022-05-13,0.694
2022-05-14,0.6628571429
2022-05-15,0.6678571429
2022-05-16,0.6627142857
2022-05-17,0.6561428571
2022-05-18,0.6514285714
2022-05-19,0.636
2022-05-20,0.6304285714
2022-05-21,0.6282857143
2022-05-22,0.623
2022-05-23,0.6028571429
2022-05-24,0.612
2022-05-25,0.622
2022-05-26,0.6267142857
2022-05-27,0.6341428571
2022-05-28,0.6494285714
2022-05-29,0.6547142857
2022-05-30,0.679
2022-05-31,0.6745714286
2022-06-01,0.6675714286
2022-06-02,0.6742857143
2022-06-03,0.671
2022-06-04,0.6708571429
2022-06-05,0.667
2022-06-06,0.6762857143
2022-06-07,0.706
2022-06-08,0.719
2022-06-09,0.7198571429
2022-06-10,0.7248571429
2022-06-11,0.7035714286
2022-06-12,0.6651428571
2022-06-13,0.6245714286
2022-06-14,0.5877142857
2022-06-15,0.5438571429
2022-06-16,0.4981428571
2022-06-17,0.4672857143
2022-06-18,0.4524285714
2022-06-19,0.447
2022-06-20,0.4445714286
2022-06-21,0.4194285714
2022-06-22,0.4374285714
2022-06-23,0.4495714286
2022-06-24,0.4558571429
2022-06-25,0.46
2022-06-26,0.4624285714
2022-06-27,0.4592857143
2022-06-28,0.4694285714
2022-06-29,0.4715714286
2022-06-30,0.468
2022-07-01,0.4548571429
2022-07-02,0.4567142857
2022-07-03,0.4584285714
2022-07-04,0.4455714286
2022-07-05,0.4364285714
2022-07-06,0.4388571429
2022-07-07,0.4534285714
2022-07-08,0.4591428571
2022-07-09,0.464
2022-07-10,0.4544285714
2022-07-11,0.4668571429
2022-07-12,0.4581428571
2022-07-13,0.4392857143
2022-07-14,0.4335714286
2022-07-15,0.4394285714
2022-07-16,0.426
2022-07-17,0.437
2022-07-19,0.4377142857
2022-07-20,0.4608571429
2022-07-21,0.4714285714
2022-07-22,0.4832857143
2022-07-23,0.4932857143
2022-07-24,0.5044285714
2022-07-25,0.5154285714
2022-07-26,0.5351428571
2022-07-27,0.5388571429
2022-07-28,0.5508571429
2022-07-29,0.542
2022-07-30,0.5425714286
2022-07-31,0.546
2022-08-01,0.5508571429
2022-08-02,0.5408571429
2022-08-03,0.5328571429
2022-08-04,0.5332857143
2022-08-05,0.5491428571
2022-08-06,0.5528571429
2022-08-07,0.5594285714
2022-08-08,0.5544285714
2022-08-09,0.5605714286
2022-08-10,0.5698571429
2022-08-11,0.577
2022-08-12,0.5707142857
2022-08-13,0.5612857143
2022-08-14,0.5637142857
2022-08-15,0.5697142857
2022-08-16,0.5582857143
2022-08-17,0.5591428571
2022-08-18,0.5594285714
2022-08-19,0.5547142857
2022-08-20,0.5535714286
2022-08-21,0.5451428571
2022-08-22,0.5504285714
2022-08-23,0.5542857143
2022-08-24,0.5575714286
2022-08-25,0.5551428571
2022-08-26,0.5502857143
2022-08-27,0.5518571429
2022-08-28,0.5551428571
2022-08-29,0.5444285714
2022-08-30,0.5404285714
2022-08-31,0.5254285714
2022-09-01,0.5024285714
2022-09-02,0.5035714286
2022-09-03,0.5092857143
2022-09-04,0.5065714286
2022-09-05,0.4945714286
2022-09-06,0.493
2022-09-07,0.4861428571
2022-09-08,0.5011428571
2022-09-09,0.5144285714
2022-09-10,0.531
2022-09-11,0.5417142857
2022-09-12,0.5447142857
2022-09-13,0.5394285714
2022-09-14,0.5512857143
2022-09-15,0.5368571429
2022-09-16,0.5382857143
2022-09-17,0.5148571429
2022-09-18,0.494
2022-09-19,0.4975714286
2022-09-20,0.4994285714
2022-09-21,0.49
2022-09-22,0.493
2022-09-23,0.4774285714
2022-09-24,0.4725714286
2022-09-25,0.482
2022-09-26,0.4725714286
2022-09-27,0.4812857143
2022-09-28,0.49
2022-09-29,0.5081428571
2022-09-30,0.5278571429
2022-10-01,0.5345714286
2022-10-02,0.5392857143
2022-10-03,0.5622857143
2022-10-04,0.5792857143
2022-10-05,0.5901428571
2022-10-06,0.593
2022-10-07,0.5918571429
2022-10-08,0.5951428571
2022-10-09,0.6014285714
2022-10-10,0.5942857143
2022-10-11,0.5718571429
2022-10-12,0.5628571429
2022-10-13,0.5551428571
2022-10-14,0.5435714286
2022-10-15,0.5372857143
2022-10-16,0.5314285714
2022-10-17,0.5264285714
2022-10-18,0.5351428571
2022-10-19,0.5364285714
2022-10-20,0.5382857143
2022-10-21,0.5322857143
2022-10-22,0.5411428571
2022-10-23,0.5347142857
2022-10-24,0.5285714286
2022-10-25,0.5398571429
2022-10-26,0.5411428571
2022-10-27,0.551
2022-10-28,0.563
2022-10-29,0.5582857143
2022-10-30,0.5858571429
2022-10-31,0.6015714286
2022-11-01,0.582
2022-11-02,0.6002857143
2022-11-03,0.587
2022-11-04,0.5958571429
2022-11-05,0.6001428571
2022-11-06,0.5858571429
2022-11-07,0.59
2022-11-08,0.5887142857
2022-11-09,0.5697142857
2022-11-10,0.5582857143
2022-11-11,0.5487142857
2022-11-12,0.5284285714
2022-11-13,0.5037142857
2022-11-14,0.4941428571
2022-11-15,0.5005714286
2022-11-16,0.4944285714
2022-11-17,0.4977142857
2022-11-18,0.4894285714
2022-11-19,0.5007142857
2022-11-20,0.502
2022-11-21,0.4864285714
2022-11-22,0.4832857143
2022-11-23,0.48
2022-11-24,0.473
2022-11-25,0.4542857143
2022-11-26,0.4502857143
2022-11-27,0.4585714286
2022-11-28,0.4637142857
2022-11-29,0.4665714286
2022-11-30,0.4824285714
2022-12-01,0.4871428571
2022-12-02,0.502
2022-12-03,0.5088571429
2022-12-04,0.5177142857
2022-12-05,0.5242857143
2022-12-06,0.5431428571
2022-12-07,0.5544285714
2022-12-08,0.5714285714
2022-12-09,0.5868571429
2022-12-10,0.5924285714
2022-12-11,0.5937142857
2022-12-12,0.6158571429
2022-12-13,0.6091428571
2022-12-14,0.5955714286
2022-12-15,0.5824285714
2022-12-16,0.5734285714
2022-12-17,0.5722857143
2022-12-18,0.5662857143
2022-12-19,0.5491428571
2022-12-20,0.5431428571
2022-12-21,0.54
2022-12-22,0.5434285714
2022-12-23,0.5174285714
2022-12-24,0.5172857143
2022-12-25,0.517
2022-12-26,0.5037142857
2022-12-27,0.5184285714
2022-12-28,0.5228571429
2022-12-29,0.5385714286
2022-12-30,0.577
2022-12-31,0.5857142857
2023-01-01,0.6021428571
2023-01-02,0.626
2023-01-03,0.615
2023-01-04,0.627
2023-01-05,0.644
2023-01-06,0.6468571429
2023-01-07,0.6497142857
2023-01-08,0.6515714286
2023-01-09,0.6665714286
2023-01-10,0.6755714286
2023-01-11,0.6844285714
2023-01-12,0.69
2023-01-13,0.7268571429
2023-01-14,0.757
2023-01-15,0.7768571429
2023-01-16,0.7917142857
2023-01-17,0.8034285714
2023-01-18,0.8128571429
2023-01-19,0.8088571429
2023-01-20,0.7947142857
2023-01-21,0.7977142857
2023-01-22,0.8178571429
2023-01-23,0.8051428571
2023-01-24,0.8484285714
2023-01-25,0.8682857143
2023-01-26,0.8897142857
2023-01-27,0.9171428571
2023-01-28,0.9328571429
2023-01-29,0.9164285714
2023-01-30,0.908
2023-01-31,0.88
2023-02-01,0.8755714286
2023-02-02,0.861
2023-02-03,0.837
2023-02-04,0.826
2023-02-05,0.8357142857
2023-02-06,0.861
2023-02-07,0.8594285714
2023-02-08,0.8658571429
2023-02-09,0.8697142857
2023-02-10,0.8737142857
2023-02-11,0.8772857143
2023-02-12,0.8805714286
2023-02-13,0.8871428571
2023-02-14,0.9195714286
2023-02-15,0.9491428571
2023-02-16,0.9848571429
2023-02-17,1.0212857143
2023-02-18,1.0391428571
2023-02-19,1.0502857143
2023-02-20,1.0768571429
2023-02-21,1.056
2023-02-22,1.0512857143
2023-02-23,1.0165714286
2023-02-24,0.9538571429
2023-02-25,0.9555714286
2023-02-26,0.943
2023-02-27,0.9095714286
2023-02-28,0.9357142857
2023-03-01,0.9098571429
2023-03-02,0.936
2023-03-03,0.9731428571
2023-03-04,0.9562857143
2023-03-05,0.9448571429
2023-03-06,0.9654285714
2023-03-07,0.9227142857
2023-03-08,0.8994285714
2023-03-09,0.8615714286
2023-03-10,0.8632857143
2023-03-17,0.9025714286
2023-03-18,0.9541428571
2023-03-19,0.983
2023-03-20,1.0341428571
2023-03-21,1.1012857143
2023-03-22,1.2024285714
2023-03-23,1.248
2023-03-24,1.2342857143
2023-03-25,1.231
2023-03-27,1.2077142857
2023-03-28,1.2138571429
2023-03-29,1.2164285714
2023-03-30,1.1715714286
2023-03-31,1.1557142857
2023-04-01,1.167
2023-04-02,1.1534285714
2023-04-03,1.1928571429
2023-04-04,1.1845714286
2023-04-05,1.193
2023-04-06,1.193
2023-04-07,1.2001428571
2023-04-08,1.2001428571
2023-04-09,1.2022857143
2023-04-10,1.2087142857
2023-04-11,1.2468571429
2023-04-12,1.2412857143
2023-04-13,1.2552857143
2023-04-14,1.2855714286
2023-04-15,1.2708571429
2023-04-16,1.3107142857
2023-04-17,1.3284285714
2023-04-18,1.2968571429
2023-04-19,1.275
2023-04-20,1.2638571429
2023-04-21,1.2382857143
2023-04-22,1.2527142857
2023-04-23,1.2255714286
2023-04-24,1.164
2023-04-25,1.1528571429
2023-04-26,1.1581428571
2023-04-27,1.1755714286
2023-04-28,1.1717142857
2023-04-29,1.1862857143
2023-04-30,1.2414285714
2023-05-01,1.25
2023-05-02,1.2691428571
2023-05-03,1.2872857143
2023-05-04,1.2544285714
2023-05-05,1.2691428571
2023-05-06,1.2557142857
2023-05-07,1.2002857143
2023-05-08,1.2221428571
2023-05-09,1.2497142857
2023-05-10,1.2445714286
2023-05-11,1.2564285714
2023-05-12,1.239
2023-05-13,1.2692857143
2023-05-14,1.2784285714
2023-05-15,1.277
2023-05-16,1.2634285714
2023-05-17,1.251
2023-05-18,1.2622857143
2023-05-19,1.2474285714
2023-05-20,1.2195714286
2023-05-21,1.2137142857
2023-05-22,1.2162857143
2023-05-23,1.187
2023-05-24,1.1962857143
2023-05-25,1.1988571429
2023-05-26,1.2138571429
2023-05-27,1.2335714286
2023-05-28,1.2611428571
2023-05-29,1.2644285714
2023-05-30,1.27
2023-05-31,1.2502857143
2023-06-01,1.2671428571
2023-06-02,1.2511428571
2023-06-03,1.2307142857
2023-06-04,1.19
2023-06-05,1.1835714286
2023-06-06,1.1717142857
2023-06-07,1.1961428571
2023-06-08,1.197
2023-06-09,1.2178571429
2023-06-10,1.2274285714
2023-06-11,1.2501428571
2023-06-12,1.237
2023-06-13,1.2142857143
2023-06-14,1.2008571429
2023-06-15,1.181
2023-06-16,1.1685714286
2023-06-17,1.157
2023-06-18,1.1445714286
2023-06-19,1.1455714286
2023-06-20,1.1712857143
2023-06-21,1.1841428571
2023-06-22,1.1744285714
2023-06-23,1.2058571429
2023-06-24,1.2344285714
2023-06-25,1.26
2023-06-26,1.278
2023-06-27,1.2598571429
2023-06-28,1.2734285714
2023-06-29,1.3147142857
2023-06-30,1.2962857143
2023-07-01,1.319
2023-07-02,1.3108571429
2023-07-03,1.3115714286
2023-07-04,1.3747142857
2023-07-05,1.3608571429
2023-07-06,1.3797142857
2023-07-07,1.4341428571
2023-07-08,1.4261428571
2023-07-09,1.4418571429
2023-07-10,1.4308571429
2023-07-11,1.4127142857
2023-07-12,1.3941428571
2023-07-13,1.3442857143
2023-07-14,1.2911428571
2023-07-15,1.272
2023-07-16,1.2457142857
2023-07-17,1.2737142857
2023-07-18,1.2742857143
2023-07-19,1.2748571429
2023-07-20,1.2387142857
2023-07-21,1.2292857143
2023-07-22,1.2167142857
2023-07-23,1.2274285714
2023-07-26,1.1925714286
2023-07-27,1.178
2023-07-28,1.1797142857
2023-07-29,1.2441428571
2023-07-30,1.2488571429
2023-07-31,1.2344285714
2023-08-01,1.238
2023-08-02,1.2528571429
2023-08-03,1.2275714286
2023-08-04,1.2515714286
2023-08-05,1.2442857143
2023-08-06,1.2491428571
2023-08-07,1.2327142857
2023-08-08,1.2444285714
2023-08-09,1.2158571429
2023-08-10,1.2534285714
2023-08-11,1.2707142857
2023-08-12,1.2362857143
2023-08-13,1.2672857143
2023-08-14,1.3185714286
2023-08-15,1.313
2023-08-16,1.3294285714
2023-08-17,1.2945714286
2023-08-18,1.2417142857
2023-08-19,1.2527142857
2023-08-20,1.2221428571
2023-08-21,1.169
2023-08-22,1.1301428571
2023-08-23,1.108
2023-08-24,1.1032857143
2023-08-25,1.0991428571
2023-08-26,1.0488571429
2023-08-27,0.9981428571
2023-08-28,1.0248571429
2023-08-29,1.0115714286
2023-08-30,1.0155714286
2023-08-31,1.0308571429
2023-09-01,1.0454285714
2023-09-02,1.0888571429
2023-09-03,1.1194285714
2023-09-04,1.0707142857
2023-09-05,1.0715714286
2023-09-06,1.0744285714
2023-09-07,1.0552857143
2023-09-08,1.0537142857
2023-09-09,1.0407142857
2023-09-10,1.0464285714
2023-09-11,1.0642857143
2023-09-12,1.0791428571
2023-09-13,1.0978571429
2023-09-14,1.1607142857
2023-09-15,1.1681428571
2023-09-16,1.1734285714
2023-09-17,1.1795714286
2023-09-18,1.184
2023-09-19,1.1871428571
2023-09-20,1.1602857143
2023-09-21,1.0951428571
2023-09-22,1.0952857143
2023-09-23,1.0898571429
2023-09-24,1.0741428571
2023-09-25,1.0644285714
2023-09-26,1.0704285714
2023-09-27,1.0808571429
2023-09-28,1.1011428571
2023-09-29,1.0832857143
2023-09-30,1.0865714286
2023-10-01,1.1064285714
2023-10-02,1.143
2023-10-03,1.1225714286
2023-10-04,1.1187142857
2023-10-05,1.1385714286
2023-10-06,1.1801428571
2023-10-07,1.187
2023-10-08,1.1851428571
2023-10-09,1.182
2023-10-10,1.207
2023-10-11,1.2275714286
2023-10-12,1.196
2023-10-13,1.1607142857
2023-10-14,1.1752857143
2023-10-15,1.1628571429
2023-10-16,1.168
2023-10-17,1.1594285714
2023-10-18,1.1425714286
2023-10-19,1.1524285714
2023-10-20,1.1735714286
2023-10-21,1.1744285714
2023-10-22,1.2184285714
2023-10-23,1.2037142857
2023-10-24,1.2358571429
2023-10-25,1.2777142857
2023-10-26,1.3244285714
2023-10-27,1.36
2023-10-28,1.3638571429
2023-10-29,1.3695714286
2023-10-30,1.4102857143
2023-10-31,1.4201428571
2023-11-01,1.4137142857
2023-11-02,1.3921428571
2023-11-03,1.4067142857
2023-11-04,1.4422857143
2023-11-05,1.4041428571
2023-11-06,1.3765714286
2023-11-07,1.3764285714
2023-11-08,1.3827142857
2023-11-09,1.4198571429
2023-11-10,1.4177142857
2023-11-11,1.424
2023-11-12,1.4207142857
2023-11-13,1.4257142857
2023-11-14,1.4325714286
2023-11-15,1.4335714286
2023-11-16,1.4201428571
2023-11-17,1.3992857143
2023-11-18,1.4107142857
2023-11-19,1.4751428571
2023-11-20,1.493
2023-11-21,1.4788571429
2023-11-22,1.4804285714
2023-11-23,1.5081428571
2023-11-24,1.525
2023-11-25,1.4881428571
2023-11-26,1.4334285714
2023-11-27,1.433
2023-11-28,1.4237142857
2023-11-29,1.4047142857
2023-11-30,1.4082857143
2023-12-01,1.3688571429
2023-12-02,1.4061428571
2023-12-03,1.4627142857
2023-12-04,1.478
2023-12-05,1.5034285714
2023-12-06,1.4975714286
2023-12-07,1.4732857143
2023-12-08,1.5361428571
2023-12-09,1.5154285714
2023-12-10,1.5121428571
2023-12-11,1.5047142857
2023-12-12,1.5171428571
2023-12-13,1.56
2023-12-14,1.5868571429
2023-12-15,1.5667142857
2023-12-16,1.566
2023-12-17,1.5842857143
2023-12-18,1.6105714286
2023-12-19,1.6035714286
2023-12-20,1.6034285714
2023-12-21,1.6175714286
2023-12-22,1.6331428571
2023-12-23,1.6678571429
2023-12-24,1.6254285714
2023-12-25,1.5887142857
2023-12-26,1.56
2023-12-27,1.5138571429
2023-12-28,1.4737142857
2023-12-29,1.4398571429
2023-12-30,1.4094285714
2023-12-31,1.4315714286
2024-01-01,1.4277142857
2024-01-02,1.463
2024-01-03,1.538
2024-01-04,1.526
2024-01-05,1.5234285714
2024-01-06,1.4732857143
2024-01-07,1.4351428571
2024-01-08,1.4685714286
2024-01-09,1.4477142857
2024-01-10,1.4601428571
2024-01-11,1.4927142857
2024-01-12,1.5108571429
2024-01-13,1.5142857143
2024-01-14,1.4812857143
2024-01-15,1.4261428571
2024-01-16,1.3891428571
2024-01-17,1.3164285714
2024-01-18,1.2592857143
2024-01-19,1.2297142857
2024-01-20,1.2424285714
2024-01-21,1.2882857143
2024-01-22,1.3094285714
2024-01-23,1.3345714286
2024-01-24,1.3757142857
2024-01-25,1.4012857143
2024-01-26,1.4382857143
2024-01-27,1.4645714286
2024-01-28,1.4748571429
2024-01-29,1.4744285714
2024-01-30,1.4582857143
2024-01-31,1.4351428571
2024-02-01,1.4871428571
2024-02-02,1.4617142857
2024-02-03,1.455
2024-02-04,1.4491428571
2024-02-05,1.4817142857
2024-02-06,1.5255714286
2024-02-07,1.5122857143
2024-02-08,1.4997142857
2024-02-09,1.5204285714
2024-02-10,1.5174285714
2024-02-11,1.5844285714
2024-02-12,1.5615714286
2024-02-13,1.5618571429
2024-02-14,1.6164285714
2024-02-15,1.5871428571
2024-02-16,1.5984285714
2024-02-17,1.5864285714
2024-02-18,1.5252857143
2024-02-19,1.5428571429
2024-02-20,1.538
2024-02-21,1.4978571429
2024-02-22,1.5275714286
2024-02-23,1.504
2024-02-24,1.566
2024-02-25,1.5688571429
2024-02-26,1.5648571429
2024-02-27,1.6251428571
2024-02-28,1.6581428571
2024-02-29,1.6991428571
2024-03-01,1.7188571429
2024-03-02,1.7512857143
2024-03-03,1.7914285714
2024-03-04,1.883
2024-03-05,1.8754285714
2024-03-06,1.982
2024-03-07,2.0005714286
2024-03-08,2.088
2024-03-09,2.0827142857
2024-03-10,2.1741428571
2024-03-11,2.1481428571
2024-03-12,2.2088571429
2024-03-13,2.1434285714
2024-03-14,2.0877142857
2024-03-15,2.0312857143
2024-03-16,2.0277142857
2024-03-17,1.9501428571
2024-03-18,1.9344285714
2024-03-19,1.8838571429
2024-03-20,1.8171428571
2024-03-21,1.8058571429
2024-03-22,1.8178571429
2024-03-23,1.8524285714
2024-03-24,1.8334285714
2024-03-25,1.8191428571
2024-03-26,1.7954285714
2024-03-27,1.8694285714
2024-03-28,1.9045714286
2024-03-29,1.9188571429
2024-03-30,1.8675714286
2024-03-31,1.8945714286
2024-04-01,1.8972857143
2024-04-02,1.891
2024-04-03,1.8501428571
2024-04-04,1.8441428571
2024-04-05,1.836
2024-04-06,1.8835714286
2024-04-07,1.9
2024-04-08,1.9042857143
2024-04-09,1.9314285714
2024-04-10,1.921
2024-04-11,1.8915714286
2024-04-12,1.8824285714
2024-04-13,1.8382857143
2024-04-14,1.7717142857
2024-04-15,1.778
2024-04-16,1.716
2024-04-17,1.7107142857
2024-04-18,1.7158571429
2024-04-19,1.551
2024-04-20,1.4022857143
2024-04-21,1.3027142857
2024-04-22,1.1758571429
2024-04-23,1.088
2024-04-24,0.9711428571
2024-04-25,0.8381428571
2024-04-26,0.8434285714
2024-04-27,0.8395714286
2024-04-28,0.8165714286
2024-04-29,0.7835714286
2024-04-30,0.7548571429
2024-05-01,0.7467142857
2024-05-02,0.7422857143
2024-05-03,0.7438571429
2024-05-04,0.745
2024-05-05,0.7367142857
2024-05-06,0.7248571429
2024-05-07,0.7258571429
2024-05-08,0.7327142857
2024-05-09,0.7414285714
2024-05-10,0.7497142857
2024-05-11,0.7397142857
2024-05-12,0.7588571429
2024-05-13,0.7684285714
2024-05-14,0.7882857143
2024-05-15,0.7898571429
2024-05-16,0.8091428571
2024-05-17,0.7951428571
2024-05-18,0.8211428571
2024-05-19,0.8442857143
2024-05-20,0.8604285714
2024-05-21,0.8754285714
2024-05-22,0.9022857143
2024-05-23,0.9092857143
2024-05-24,0.9402857143
2024-05-25,0.9558571429
2024-05-26,0.923
2024-05-27,0.9158571429
2024-05-28,0.899
2024-05-29,0.8607142857
2024-05-30,0.8478571429
2024-05-31,0.8282857143
2024-06-01,0.803
2024-06-02,0.8311428571
2024-06-03,0.8345714286
2024-06-04,0.8278571429
2024-06-05,0.84
2024-06-06,0.838
2024-06-07,0.8671428571
2024-06-08,0.8811428571
2024-06-09,0.8664285714
2024-06-10,0.8515714286
2024-06-11,0.8662857143
2024-06-12,0.8691428571
2024-06-13,0.8514285714
2024-06-14,0.8131428571
2024-06-15,0.8152857143
2024-06-16,0.8105714286
2024-06-17,0.8301428571
2024-06-18,0.8164285714
2024-06-19,0.8031428571
2024-06-20,0.8092857143
2024-06-21,0.8201428571
2024-06-22,0.7734285714
2024-06-23,0.7714285714
2024-06-24,0.7437142857
2024-06-25,0.7248571429
2024-06-26,0.7171428571
2024-06-27,0.707
2024-06-28,0.7044285714
2024-06-29,0.7105714286
2024-06-30,0.707
2024-07-01,0.7258571429
2024-07-02,0.7428571429
2024-07-03,0.7432857143
2024-07-04,0.7275714286
2024-07-05,0.7284285714
2024-07-06,0.7325714286
2024-07-07,0.7347142857
2024-07-08,0.7318571429
2024-07-09,0.7211428571
2024-07-10,0.7211428571
2024-07-11,0.7437142857
2024-07-12,0.738
2024-07-13,0.7661428571
2024-07-14,0.7771428571
2024-07-15,0.785
2024-07-16,0.8141428571
2024-07-17,0.8168571429
2024-07-18,0.8307142857
2024-07-19,0.8544285714
2024-07-20,0.8702857143
2024-07-21,0.8967142857
2024-07-22,0.9155714286
2024-07-23,0.902
2024-07-24,0.9318571429
2024-07-25,0.9442857143
2024-07-26,0.9362857143
2024-07-27,0.9184285714
2024-07-28,0.9157142857
2024-07-29,0.9002857143
2024-07-30,0.8995714286
2024-07-31,0.8797142857
2024-08-01,0.8404285714
2024-08-02,0.8121428571
2024-08-03,0.7904285714
2024-08-04,0.7482857143
2024-08-05,0.7227142857
2024-08-06,0.6932857143
2024-08-07,0.6794285714
2024-08-08,0.682
2024-08-09,0.6778571429
2024-08-10,0.692
2024-08-11,0.6878571429
2024-08-12,0.7024285714
2024-08-13,0.7152857143
2024-08-14,0.7305714286
2024-08-15,0.7364285714
2024-08-16,0.7488571429
2024-08-17,0.7451428571
2024-08-18,0.74
2024-08-19,0.7381428571
2024-08-20,0.7531428571
2024-08-21,0.7584285714
2024-08-22,0.7845714286
2024-08-23,0.7958571429
2024-08-24,0.7882857143
2024-08-25,0.7968571429
2024-08-26,0.7914285714
2024-08-27,0.7974285714
2024-08-28,0.7745714286
2024-08-29,0.7482857143
2024-08-30,0.7341428571
2024-08-31,0.7285714286
2024-09-01,0.746
2024-09-02,0.7474285714
2024-09-03,0.738
2024-09-04,0.7484285714
2024-09-05,0.741
2024-09-06,0.7392857143
2024-09-07,0.7515714286
2024-09-08,0.7318571429
2024-09-09,0.7232857143
2024-09-10,0.6918571429
2024-09-11,0.6934285714
2024-09-12,0.689
2024-09-13,0.6865714286
2024-09-14,0.6837142857
2024-09-15,0.6714285714
2024-09-16,0.6852857143
2024-09-17,0.713
2024-09-18,0.699
2024-09-19,0.7198571429
2024-09-20,0.7222857143
2024-09-21,0.7187142857
2024-09-22,0.7425714286
2024-09-23,0.746
2024-09-24,0.7532857143
2024-09-25,0.7624285714
2024-09-26,0.7604285714
2024-09-27,0.7594285714
2024-09-28,0.7777142857
2024-09-29,0.7704285714
2024-09-30,0.773
2024-10-01,0.7768571429
2024-10-02,0.7905714286
2024-10-03,0.8082857143
2024-10-04,0.8187142857
2024-10-05,0.811
2024-10-06,0.823
2024-10-07,0.8327142857
2024-10-08,0.8117142857
2024-10-09,0.8082857143
2024-10-10,0.787
2024-10-11,0.783
2024-10-12,0.772
2024-10-13,0.766
2024-10-14,0.7665714286
2024-10-15,0.7888571429
2024-10-16,0.8037142857
2024-10-17,0.8102857143
2024-10-18,0.8437142857
2024-10-19,0.8831428571
2024-10-20,0.9111428571
2024-10-21,0.8971428571
2024-10-22,0.9031428571
2024-10-23,0.896
2024-10-24,0.9058571429
2024-10-25,0.881
2024-10-26,0.869
2024-10-27,0.8714285714
2024-10-28,0.8967142857
2024-10-29,0.9228571429
2024-10-30,0.9361428571
2024-10-31,0.942
2024-11-01,0.9415714286
2024-11-02,0.9187142857
2024-11-03,0.9005714286
2024-11-04,0.8794285714
2024-11-05,0.8714285714
2024-11-06,0.8802857143
2024-11-07,0.883
2024-11-08,0.894
2024-11-09,0.9281428571
2024-11-10,0.9504285714
2024-11-11,0.9888571429
2024-11-12,0.9994285714
2024-11-13,0.9898571429
2024-11-14,1.0234285714
2024-11-15,1.0658571429
2024-11-16,1.0841428571
2024-11-17,1.1081428571
2024-11-18,1.1471428571
2024-11-19,1.163
2024-11-20,1.1997142857
2024-11-21,1.2047142857
2024-11-22,1.1951428571
2024-11-23,1.1905714286
2024-11-24,1.2094285714
2024-11-25,1.1681428571
2024-11-26,1.1545714286
2024-11-27,1.1467142857
2024-11-28,1.1178571429
2024-11-29,1.145
2024-11-30,1.1712857143
2024-12-01,1.1274285714
2024-12-02,1.1542857143
2024-12-03,1.1748571429
2024-12-04,1.1914285714
2024-12-05,1.2122857143
2024-12-06,1.1922857143
2024-12-07,1.1835714286
2024-12-08,1.2318571429
2024-12-09,1.2292857143
2024-12-10,1.2267142857
2024-12-11,1.2234285714
2024-12-12,1.2657142857
2024-12-13,1.2877142857
2024-12-14,1.2822857143
2024-12-15,1.2742857143
2024-12-16,1.2678571429
2024-12-17,1.2682857143
2024-12-18,1.26
2024-12-19,1.2301428571
2024-12-20,1.2057142857
2024-12-21,1.2104285714
2024-12-22,1.1808571429
2024-12-23,1.164
2024-12-24,1.1698571429
2024-12-25,1.1794285714
2024-12-26,1.1531428571
2024-12-27,1.1622857143
2024-12-28,1.1484285714
2024-12-29,1.1667142857
2024-12-30,1.1861428571
2024-12-31,1.1511428571
2025-01-01,1.13
2025-01-02,1.1725714286
2025-01-03,1.1611428571
2025-01-04,1.173
2025-01-05,1.1795714286
2025-01-06,1.166
2025-01-07,1.1767142857
2025-01-08,1.1605714286
2025-01-09,1.1351428571
2025-01-10,1.1292857143
2025-01-11,1.1105714286
2025-01-12,1.1208571429
2025-01-13,1.1031428571
2025-01-14,1.125
2025-01-15,1.1485714286
2025-01-16,1.1335714286
2025-01-17,1.1585714286
2025-01-18,1.1638571429
2025-01-19,1.1501428571
2025-01-20,1.1904285714
2025-01-21,1.1805714286
2025-01-22,1.1991428571
2025-01-23,1.2145714286
2025-01-24,1.2024285714
2025-01-25,1.2001428571
2025-01-26,1.1874285714
2025-01-27,1.1905714286
2025-01-28,1.2004285714
2025-01-29,1.2062857143
2025-01-30,1.218
2025-01-31,1.1955714286
2025-02-01,1.2544285714
2025-02-02,1.2837142857
2025-02-03,1.2788571429
2025-02-04,1.2531428571
2025-02-05,1.227
2025-02-06,1.2125714286
2025-02-07,1.2574285714
2025-02-08,1.2214285714
2025-02-09,1.1877142857
2025-02-10,1.1642857143
2025-02-11,1.1535714286
2025-02-12,1.1431428571
2025-02-13,1.1577142857
2025-02-14,1.1364285714
2025-02-15,1.1385714286
2025-02-16,1.1474285714
2025-02-17,1.1428571429
2025-02-18,1.1601428571
2025-02-19,1.1507142857
2025-02-20,1.1222857143
2025-02-21,1.0942857143
2025-02-22,1.0691428571
2025-02-23,1.0447142857
2025-02-24,1.0314285714
2025-02-25,1.0282857143
2025-02-26,1.0405714286
2025-02-27,1.0401428571
2025-02-28,1.0495714286
2025-03-01,1.038
2025-03-02,1.033
2025-03-03,1.0457142857
2025-03-04,1.0432857143
2025-03-05,1.0322857143
2025-03-06,1.0647142857
2025-03-07,1.0562857143
2025-03-08,1.0512857143
2025-03-09,1.0641428571
2025-03-10,1.0568571429
2025-03-11,1.0431428571
2025-03-12,1.053
2025-03-13,1.0265714286
2025-03-14,1.0245714286
2025-03-15,1.0185714286
2025-03-16,1.0102857143
2025-03-17,1.0074285714
2025-03-18,1.0131428571
2025-03-19,1.0198571429
2025-03-20,1.0102857143
2025-03-21,1.0148571429
2025-03-22,1.0337142857
2025-03-23,1.0524285714
2025-03-24,1.0745714286
2025-03-25,1.0917142857
2025-03-26,1.0934285714
2025-03-27,1.1065714286
2025-03-28,1.118
2025-03-29,1.1082857143
2025-03-30,1.0842857143
2025-03-31,1.0708571429
2025-04-01,1.0541428571
2025-04-02,1.0687142857
2025-04-03,1.067
2025-04-04,1.095
2025-04-05,1.1218571429
2025-04-06,1.124
2025-04-07,1.1174285714
2025-04-08,1.1215714286
2025-04-09,1.0818571429
2025-04-10,1.0698571429
2025-04-11,1.0381428571
2025-04-12,1.0232857143
2025-04-13,1.0642857143
2025-04-14,1.08
2025-04-15,1.0864285714
2025-04-16,1.1087142857
2025-04-17,1.1298571429
2025-04-18,1.1207142857
2025-04-19,1.1168571429
2025-04-20,1.0685714286
2025-04-21,1.0492857143
2025-04-22,1.0811428571
2025-04-23,1.0588571429
2025-04-24,1.062
2025-04-25,1.0892857143
2025-04-26,1.0982857143
2025-04-27,1.1255714286
2025-04-28,1.1551428571
2025-04-29,1.1445714286
2025-04-30,1.1658571429
2025-05-01,1.1618571429
2025-05-02,1.1825714286
2025-05-03,1.2207142857
2025-05-04,1.225
2025-05-05,1.2635714286
2025-05-06,1.2568571429
2025-05-07,1.2831428571
2025-05-08,1.3234285714
2025-05-09,1.3088571429
2025-05-10,1.3061428571
2025-05-11,1.3338571429
2025-05-12,1.3107142857
2025-05-13,1.3112857143
2025-05-14,1.3124285714
2025-05-15,1.2817142857
2025-05-16,1.2841428571
2025-05-17,1.3002857143
2025-05-18,1.2907142857
2025-05-19,1.2998571429
2025-05-20,1.3258571429
2025-05-21,1.346
2025-05-22,1.3755714286
2025-05-23,1.3794285714
2025-05-24,1.3687142857
2025-05-25,1.3897142857
2025-05-26,1.3825714286
2025-05-27,1.4037142857
2025-05-28,1.4028571429
2025-05-29,1.3944285714
2025-05-30,1.4122857143
2025-05-31,1.3812857143
2025-06-01,1.347
2025-06-02,1.3427142857
2025-06-03,1.2865714286
2025-06-04,1.2464285714
2025-06-05,1.2194285714
2025-06-06,1.1968571429
2025-06-07,1.2208571429
2025-06-08,1.2357142857
2025-06-09,1.275
2025-06-10,1.2988571429
2025-06-11,1.3218571429
2025-06-12,1.3367142857
2025-06-13,1.3445714286
2025-06-14,1.321
2025-06-15,1.3218571429
2025-06-16,1.2457142857
2025-06-17,1.2365714286
2025-06-18,1.2068571429
2025-06-19,1.2078571429
2025-06-20,1.1874285714
2025-06-21,1.1442857143
2025-06-22,1.0915714286
2025-06-23,1.0911428571
2025-06-24,1.0977142857
2025-06-25,1.1374285714
2025-06-26,1.0975714286
2025-06-27,1.1107142857
2025-06-28,1.1971428571
2025-06-29,1.2451428571
2025-06-30,1.2638571429
2025-07-01,1.2771428571
2025-07-02,1.2721428571
2025-07-03,1.3267142857
2025-07-04,1.341
2025-07-05,1.3287142857
2025-07-06,1.3358571429
2025-07-07,1.349
2025-07-08,1.365
2025-07-09,1.3997142857
2025-07-10,1.4022857143
2025-07-11,1.4052857143
2025-07-12,1.3891428571
2025-07-13,1.3984285714
2025-07-14,1.4395714286
2025-07-15,1.406
2025-07-16,1.363
2025-07-17,1.3531428571
2025-07-18,1.3424285714
2025-07-19,1.3537142857
2025-07-20,1.3541428571
2025-07-21,1.3374285714
2025-07-22,1.3475714286
2025-07-23,1.3585714286
2025-07-24,1.377
2025-07-25,1.3897142857
2025-07-26,1.3754285714
2025-07-27,1.3678571429
2025-07-28,1.3124285714
2025-07-29,1.3052857143
2025-07-30,1.3082857143
2025-07-31,1.2875714286
2025-08-01,1.2664285714
2025-08-02,1.2792857143
2025-08-03,1.3055714286
2025-08-04,1.3317142857
2025-08-05,1.3341428571
2025-08-06,1.3431428571
2025-08-07,1.3282857143
2025-08-08,1.2954285714
2025-08-09,1.2752857143
2025-08-10,1.2482857143
2025-08-11,1.2538571429
2025-08-12,1.2807142857
2025-08-13,1.2812857143
2025-08-14,1.2762857143
2025-08-15,1.321
2025-08-16,1.338
2025-08-17,1.3404285714
2025-08-18,1.3238571429
2025-08-19,1.2877142857
2025-08-20,1.259
2025-08-21,1.2712857143
2025-08-22,1.2657142857
2025-08-23,1.2714285714
2025-08-24,1.244
2025-08-25,1.2598571429
2025-08-26,1.264
2025-08-27,1.2741428571
2025-08-28,1.2808571429
2025-08-29,1.275
2025-08-30,1.2272857143
2025-08-31,1.2465714286
2025-09-01,1.2584285714
2025-09-02,1.2421428571
2025-09-03,1.2154285714
2025-09-04,1.1918571429
2025-09-05,1.1718571429
2025-09-06,1.1998571429
2025-09-07,1.202
2025-09-08,1.205
2025-09-09,1.2448571429
2025-09-10,1.2611428571
2025-09-11,1.2397142857
2025-09-12,1.247
2025-09-13,1.25
2025-09-14,1.2564285714
2025-09-15,1.2545714286
2025-09-16,1.2068571429
2025-09-17,1.2167142857
2025-09-18,1.2704285714
2025-09-19,1.2821428571
2025-09-20,1.2901428571
2025-09-21,1.2684285714
2025-09-22,1.2404285714
2025-09-23,1.2628571429
2025-09-24,1.2295714286
2025-09-25,1.1778571429
2025-09-26,1.1687142857
2025-09-27,1.165
2025-09-28,1.1544285714
2025-09-29,1.1748571429
2025-09-30,1.1784285714
2025-10-01,1.1867142857
2025-10-02,1.1848571429
2025-10-03,1.1772857143
2025-10-04,1.1745714286
2025-10-05,1.1664285714
2025-10-06,1.1492857143
2025-10-07,1.1515714286
2025-10-08,1.1322857143
2025-10-09,1.1365714286
2025-10-10,1.1341428571
2025-10-11,1.1155714286
2025-10-12,1.1355714286
2025-10-13,1.1571428571
2025-10-14,1.1328571429
2025-10-15,1.1505714286
2025-10-16,1.1681428571
2025-10-17,1.1798571429
2025-10-18,1.1628571429
2025-10-19,1.1511428571
2025-10-20,1.122
2025-10-21,1.1257142857
2025-10-22,1.1155714286
2025-10-23,1.1401428571
2025-10-24,1.1425714286
2025-10-25,1.1557142857
2025-10-26,1.1585714286
2025-10-27,1.1784285714
2025-10-28,1.1514285714
2025-10-29,1.1678571429
2025-10-30,1.1254285714
2025-10-31,1.0967142857
2025-11-01,1.1005714286
2025-11-02,1.0837142857
2025-11-03,1.0352857143
2025-11-04,1.0378571429
2025-11-05,1.0071428571
2025-11-06,0.9977142857
2025-11-07,0.969
2025-11-08,0.9434285714
2025-11-09,0.9385714286
2025-11-10,0.9611428571
2025-11-11,0.9641428571
2025-11-12,0.972
2025-11-13,0.9662857143
2025-11-14,0.9797142857
2025-11-15,0.9852857143
2025-11-16,0.955
2025-11-17,0.9187142857
2025-11-18,0.899
2025-11-19,0.8667142857
2025-11-20,0.856
2025-11-21,0.8404285714
2025-11-22,0.8135714286
2025-11-23,0.8214285714
2025-11-24,0.8012857143
2025-11-25,0.8205714286
2025-11-26,0.8324285714
2025-11-27,0.8415714286
2025-11-28,0.8452857143
2025-11-29,0.8735714286
2025-11-30,0.8638571429
2025-12-01,0.8755714286
2025-12-02,0.8548571429
2025-12-03,0.8475714286
2025-12-04,0.8201428571
2025-12-05,0.8411428571
2025-12-06,0.8331428571
2025-12-07,0.8528571429
2025-12-08,0.8581428571
2025-12-09,0.8781428571
2025-12-10,0.8997142857
2025-12-11,0.9235714286
2025-12-12,0.9077142857
2025-12-13,0.8802857143
2025-12-14,0.8648571429
2025-12-15,0.8737142857
2025-12-16,0.8517142857
2025-12-17,0.8328571429
2025-12-18,0.8275714286
2025-12-19,0.8284285714
2025-12-20,0.8357142857
2025-12-21,0.8414285714
2025-12-22,0.8421428571
2025-12-23,0.8604285714
2025-12-24,0.857
2025-12-25,0.8671428571
2025-12-26,0.8571428571
2025-12-27,0.8708571429
2025-12-28,0.7771428571
2025-12-29,0.7858571429
2025-12-30,0.7535714286
2025-12-31,0.7505714286
2026-01-01,0.747
2026-01-02,0.7568571429
2026-01-03,0.761
2026-01-04,0.8635714286
2026-01-05,0.8515714286
2026-01-06,0.8678571429
2026-01-07,0.8852857143
2026-01-08,0.8728571429
2026-01-09,0.8731428571
2026-01-10,0.8802857143
2026-01-11,0.8594285714
2026-01-12,0.866
2026-01-13,0.8697142857
2026-01-14,0.8541428571
2026-01-15,0.8678571429
2026-01-16,0.8632857143
2026-01-17,0.8588571429
2026-01-18,0.8808571429
2026-01-19,0.8902857143
2026-01-20,0.8865714286
2026-01-21,0.8901428571
2026-01-22,0.9007142857
2026-01-23,0.9024285714
2026-01-24,0.85
2026-01-25,0.8134285714
2026-01-26,0.7842857143
2026-01-27,0.7718571429
2026-01-28,0.7488571429
2026-01-29,0.7172857143
2026-01-30,0.7018571429
2026-01-31,0.7267142857
2026-02-01,0.725
2026-02-02,0.7087142857
2026-02-03,0.7037142857
2026-02-04,0.7127142857
2026-02-05,0.6902857143
2026-02-06,0.6798571429
2026-02-07,0.683
2026-02-08,0.71
2026-02-09,0.7328571429
2026-02-10,0.7311428571
2026-02-11,0.7307142857
2026-02-12,0.7612857143
2026-02-13,0.7661428571
2026-02-14,0.7668571429
2026-02-15,0.7845714286
2026-02-16,0.7905714286
2026-02-17,0.8032857143
2026-02-18,0.7542857143
2026-02-19,0.7425714286
2026-02-20,0.7334285714
2026-02-21,0.6997142857
2026-02-22,0.6745714286
2026-02-23,0.6521428571
2026-02-24,0.6455714286
2026-02-25,0.6935714286
2026-02-26,0.6828571429
2026-02-27,0.6845714286
2026-02-28,0.6968571429
2026-03-01,0.6854285714
2026-03-02,0.6805714286
2026-03-03,0.6668571429
2026-03-04,0.6557142857
2026-03-05,0.6807142857
2026-03-06,0.6891428571
2026-03-07,0.686
2026-03-08,0.677
2026-03-09,0.6794285714
2026-03-10,0.6858571429
2026-03-11,0.691
2026-03-12,0.662
2026-03-13,0.6471428571
2026-03-14,0.6485714286
2026-03-15,0.6484285714
2026-03-16,0.6471428571
2026-03-17,0.6448571429
2026-03-18,0.6491428571
2026-03-19,0.6534285714
2026-03-20,0.6612857143
2026-03-21,0.6685714286
2026-03-22,0.6908571429
2026-03-23,0.7108571429
2026-03-24,0.7045714286
2026-03-25,0.7127142857
2026-03-26,0.7341428571
2026-03-27,0.7425714286
2026-03-28,0.7614285714
2026-03-29,0.746
2026-03-30,0.7257142857
2026-03-31,0.7297142857
2026-04-01,0.7317142857
2026-04-02,0.7134285714
2026-04-03,0.6992857143
2026-04-04,0.6638571429
2026-04-05,0.6755714286
2026-04-06,0.6734285714
2026-04-07,0.6771428571
2026-04-08,0.6727142857
2026-04-09,0.6791428571
2026-04-10,0.6818571429
2026-04-11,0.6914285714
2026-04-12,0.6955714286
2026-04-13,0.7132857143
2026-04-14,0.7412857143
2026-04-15,0.7282857143
2026-04-16,0.7395714286
2026-04-17,0.7567142857
2026-04-18,0.7845714286
2026-04-19,0.7931428571
2026-04-20,0.7848571429
2026-04-21,0.765
2026-04-22,0.7748571429
2026-04-23,0.7552857143
2026-04-24,0.7645714286
2026-04-25,0.7562857143
2026-04-26,0.7537142857
2026-04-27,0.7637142857
2026-04-28,0.7678571429
2026-04-29,0.763
2026-04-30,0.776
2026-05-01,0.7832857143
2026-05-02,0.7817142857
2026-05-03,0.7854285714
2026-05-04,0.7977142857
2026-05-05,0.8138571429
2026-05-06,0.8324285714
2026-05-07,0.841
2026-05-08,0.8361428571
2026-05-09,0.8684285714
2026-05-10,0.871
2026-05-11,0.8872857143
2026-05-12,0.874
2026-05-13,0.8708571429
2026-05-14,0.8782857143
2026-05-15,0.8774285714
2026-05-16,0.8581428571
2026-05-17,0.8461428571
2026-05-18,0.8194285714
2026-05-19,0.8208571429
2026-05-20,0.8275714286
2026-05-21,0.8047142857
2026-05-22,0.8095714286
2026-05-23,0.8162857143
2026-05-24,0.808
2026-05-25,0.8295714286
2026-05-26,0.8275714286
2026-05-27,0.816
2026-05-28,0.8381428571
2026-05-29,0.821
2026-05-30,0.8017142857
