date,value
2012-01-01,0.003959
2012-01-02,0.003879
2012-01-03,0.003618
2012-01-04,0.004135
2012-01-05,0.005066
2012-01-06,0.004904
2012-01-07,0.004965
2012-01-08,0.005162
2012-01-09,0.004556
2012-01-10,0.004711
2012-01-11,0.004951
2012-01-12,0.004848
2012-01-13,0.004603
2012-01-14,0.004803
2012-01-15,0.004985
2012-01-16,0.004733
2012-01-17,0.003936
2012-01-18,0.004134
2012-01-19,0.004411
2012-01-20,0.004525
2012-01-21,0.004288
2012-01-22,0.004359
2012-01-23,0.004394
2012-01-24,0.004311
2012-01-25,0.003981
2012-01-26,0.003667
2012-01-27,0.003615
2012-01-28,0.003847
2012-01-29,0.003655
2012-01-30,0.003721
2012-01-31,0.003735
2012-02-01,0.004085
2012-02-02,0.004089
2012-02-03,0.003978
2012-02-04,0.003929
2012-02-05,0.003773
2012-02-06,0.003633
2012-02-07,0.003741
2012-02-08,0.003702
2012-02-09,0.003833
2012-02-10,0.003888
2012-02-11,0.003665
2012-02-12,0.003594
2012-02-13,0.003473
2012-02-14,0.002906
2012-02-15,0.002798
2012-02-16,0.002747
2012-02-17,0.002829
2012-02-18,0.002745
2012-02-19,0.002816
2012-02-20,0.002795
2012-02-21,0.002757
2012-02-22,0.002818
2012-02-23,0.003205
2012-02-24,0.003188
2012-02-25,0.003021
2012-02-26,0.003111
2012-02-27,0.003119
2012-02-28,0.003052
2012-02-29,0.003054
2012-03-01,0.003077
2012-03-02,0.002941
2012-03-03,0.00288
2012-03-04,0.003001
2012-03-05,0.003086
2012-03-06,0.003081
2012-03-07,0.00305
2012-03-08,0.003034
2012-03-09,0.002988
2012-03-10,0.002962
2012-03-11,0.002986
2012-03-12,0.00299
2012-03-13,0.003213
2012-03-14,0.003265
2012-03-15,0.003226
2012-03-16,0.003217
2012-03-17,0.003146
2012-03-18,0.003158
2012-03-19,0.002798
2012-03-20,0.002882
2012-03-21,0.002867
2012-03-22,0.002809
2012-03-23,0.002781
2012-03-24,0.002751
2012-03-25,0.002687
2012-03-26,0.002728
2012-03-27,0.002827
2012-03-28,0.002809
2012-03-29,0.002805
2012-03-30,0.002838
2012-03-31,0.002848
2012-04-01,0.002786
2012-04-02,0.002889
2012-04-03,0.002867
2012-04-04,0.002838
2012-04-05,0.002833
2012-04-06,0.002843
2012-04-07,0.0027
2012-04-08,0.002734
2012-04-09,0.00277
2012-04-10,0.002757
2012-04-11,0.002793
2012-04-12,0.002779
2012-04-13,0.002792
2012-04-14,0.002798
2012-04-15,0.002795
2012-04-16,0.002782
2012-04-17,0.002786
2012-04-18,0.002867
2012-04-19,0.002864
2012-04-20,0.002989
2012-04-21,0.002935
2012-04-22,0.00288
2012-04-23,0.002827
2012-04-24,0.002808
2012-04-25,0.002836
2012-04-26,0.002802
2012-04-27,0.002795
2012-04-28,0.002721
2012-04-29,0.002678
2012-04-30,0.002695
2012-05-01,0.002714
2012-05-02,0.002745
2012-05-03,0.002775
2012-05-04,0.002751
2012-05-05,0.00273
2012-05-06,0.00272
2012-05-07,0.002725
2012-05-08,0.002696
2012-05-09,0.0027
2012-05-10,0.002634
2012-05-11,0.002648
2012-05-12,0.002634
2012-05-13,0.002628
2012-05-14,0.002659
2012-05-15,0.002665
2012-05-16,0.002689
2012-05-17,0.002684
2012-05-18,0.002694
2012-05-19,0.002686
2012-05-20,0.002671
2012-05-21,0.002666
2012-05-22,0.002659
2012-05-23,0.002674
2012-05-24,0.002664
2012-05-25,0.002669
2012-05-26,0.002646
2012-05-27,0.002657
2012-05-28,0.002653
2012-05-29,0.002654
2012-05-30,0.002644
2012-05-31,0.002661
2012-06-01,0.0027
2012-06-02,0.002683
2012-06-03,0.002662
2012-06-04,0.002681
2012-06-05,0.00276
2012-06-06,0.002765
2012-06-07,0.002831
2012-06-08,0.002843
2012-06-09,0.002805
2012-06-10,0.002749
2012-06-11,0.002808
2012-06-12,0.002873
2012-06-13,0.002958
2012-06-14,0.002977
2012-06-15,0.003249
2012-06-16,0.003201
2012-06-17,0.003073
2012-06-18,0.00312
2012-06-19,0.003203
2012-06-20,0.003292
2012-06-21,0.003273
2012-06-22,0.003212
2012-06-23,0.003147
2012-06-24,0.003092
2012-06-25,0.003068
2012-06-26,0.003117
2012-06-27,0.003197
2012-06-28,0.003177
2012-06-29,0.003202
2012-06-30,0.003204
2012-07-01,0.00317
2012-07-02,0.003218
2012-07-03,0.00307
2012-07-04,0.003094
2012-07-05,0.003147
2012-07-06,0.003153
2012-07-07,0.003209
2012-07-08,0.003195
2012-07-09,0.003298
2012-07-10,0.003357
2012-07-11,0.003352
2012-07-12,0.003515
2012-07-13,0.00354
2012-07-14,0.003507
2012-07-15,0.003519
2012-07-16,0.003906
2012-07-17,0.004012
2012-07-18,0.004156
2012-07-19,0.004045
2012-07-20,0.003875
2012-07-21,0.004019
2012-07-22,0.003841
2012-07-23,0.003841
2012-07-24,0.003849
2012-07-25,0.003925
2012-07-26,0.003961
2012-07-27,0.003956
2012-07-28,0.003923
2012-07-29,0.00387
2012-07-30,0.004009
2012-07-31,0.004099
2012-08-01,0.004195
2012-08-02,0.00461
2012-08-03,0.004753
2012-08-04,0.004738
2012-08-05,0.004672
2012-08-06,0.004684
2012-08-07,0.004699
2012-08-08,0.004738
2012-08-09,0.004736
2012-08-10,0.004866
2012-08-11,0.004888
2012-08-12,0.004891
2012-08-13,0.005038
2012-08-14,0.005103
2012-08-15,0.005491
2012-08-16,0.005584
2012-08-17,0.004995
2012-08-18,0.004771
2012-08-19,0.003221
2012-08-20,0.004093
2012-08-21,0.004051
2012-08-22,0.003987
2012-08-23,0.004104
2012-08-24,0.004298
2012-08-25,0.004281
2012-08-26,0.004253
2012-08-27,0.004384
2012-08-28,0.004385
2012-08-29,0.004347
2012-08-30,0.00428
2012-08-31,0.004021
2012-09-01,0.003974
2012-09-02,0.004051
2012-09-03,0.004146
2012-09-04,0.004082
2012-09-05,0.00433
2012-09-06,0.004369
2012-09-07,0.004323
2012-09-08,0.004296
2012-09-09,0.004291
2012-09-10,0.004302
2012-09-11,0.004345
2012-09-12,0.00435
2012-09-13,0.004361
2012-09-14,0.004479
2012-09-15,0.00446
2012-09-16,0.004508
2012-09-17,0.004499
2012-09-18,0.004615
2012-09-19,0.00469
2012-09-20,0.004621
2012-09-21,0.004591
2012-09-22,0.00453
2012-09-23,0.004496
2012-09-24,0.004462
2012-09-25,0.004472
2012-09-26,0.004507
2012-09-27,0.004492
2012-09-28,0.004501
2012-09-29,0.004495
2012-09-30,0.004476
2012-10-01,0.004461
2012-10-02,0.004596
2012-10-03,0.004634
2012-10-04,0.004586
2012-10-05,0.004532
2012-10-06,0.00443
2012-10-07,0.004195
2012-10-08,0.004133
2012-10-09,0.004155
2012-10-10,0.004241
2012-10-11,0.004215
2012-10-12,0.004189
2012-10-13,0.004142
2012-10-14,0.004035
2012-10-15,0.004113
2012-10-16,0.004081
2012-10-17,0.004094
2012-10-18,0.004085
2012-10-19,0.004016
2012-10-20,0.003984
2012-10-21,0.00396
2012-10-22,0.003978
2012-10-23,0.003956
2012-10-24,0.00392
2012-10-25,0.003615
2012-10-26,0.003398
2012-10-27,0.0035
2012-10-28,0.003576
2012-10-29,0.003541
2012-10-30,0.003608
2012-10-31,0.003694
2012-11-01,0.003509
2012-11-02,0.003474
2012-11-03,0.003505
2012-11-04,0.003544
2012-11-05,0.003517
2012-11-06,0.00355
2012-11-07,0.003569
2012-11-08,0.003541
2012-11-09,0.003507
2012-11-10,0.003514
2012-11-11,0.003498
2012-11-12,0.00355
2012-11-13,0.003531
2012-11-14,0.00351
2012-11-15,0.00357
2012-11-16,0.003729
2012-11-17,0.003733
2012-11-18,0.003696
2012-11-19,0.003713
2012-11-20,0.003687
2012-11-21,0.003686
2012-11-22,0.003852
2012-11-23,0.003837
2012-11-24,0.003867
2012-11-25,0.003892
2012-11-26,0.003774
2012-11-27,0.003756
2012-11-28,0.003799
2012-11-29,0.003839
2012-11-30,0.003855
2012-12-01,0.003846
2012-12-02,0.003807
2012-12-03,0.003844
2012-12-04,0.004048
2012-12-05,0.004019
2012-12-06,0.004057
2012-12-07,0.004045
2012-12-08,0.00404
2012-12-09,0.003983
2012-12-10,0.004015
2012-12-11,0.00404
2012-12-12,0.004044
2012-12-13,0.004058
2012-12-14,0.004002
2012-12-15,0.00397
2012-12-16,0.003902
2012-12-17,0.003887
2012-12-18,0.003863
2012-12-19,0.00393
2012-12-20,0.003929
2012-12-21,0.003878
2012-12-22,0.003867
2012-12-23,0.003826
2012-12-24,0.003848
2012-12-25,0.00382
2012-12-26,0.003836
2012-12-27,0.00381
2012-12-28,0.003815
2012-12-29,0.003782
2012-12-30,0.003791
2012-12-31,0.003809
2013-01-01,0.003739
2013-01-02,0.003714
2013-01-03,0.003732
2013-01-04,0.00374
2013-01-05,0.003732
2013-01-06,0.003734
2013-01-07,0.003737
2013-01-08,0.003788
2013-01-09,0.003787
2013-01-10,0.003859
2013-01-11,0.003875
2013-01-12,0.00386
2013-01-13,0.003834
2013-01-14,0.003864
2013-01-15,0.003851
2013-01-16,0.003945
2013-01-17,0.00417
2013-01-18,0.004188
2013-01-19,0.00414
2013-01-20,0.004161
2013-01-21,0.004426
2013-01-22,0.004547
2013-01-23,0.004592
2013-01-24,0.004411
2013-01-25,0.004528
2013-01-26,0.004552
2013-01-27,0.004618
2013-01-28,0.004841
2013-01-29,0.005009
2013-01-30,0.005049
2013-01-31,0.005228
2013-02-01,0.005191
2013-02-02,0.00497
2013-02-03,0.00519
2013-02-04,0.005138
2013-02-05,0.005176
2013-02-06,0.005296
2013-02-07,0.005504
2013-02-08,0.005651
2013-02-09,0.005865
2013-02-10,0.005885
2013-02-11,0.00601
2013-02-12,0.006107
2013-02-13,0.006005
2013-02-14,0.006624
2013-02-15,0.006575
2013-02-16,0.006597
2013-02-17,0.006477
2013-02-18,0.006459
2013-02-19,0.007032
2013-02-20,0.007107
2013-02-21,0.007083
2013-02-22,0.007213
2013-02-23,0.007033
2013-02-24,0.007028
2013-02-25,0.007116
2013-02-26,0.007279
2013-02-27,0.007275
2013-02-28,0.007742
2013-03-01,0.007994
2013-03-02,0.007855
2013-03-03,0.007891
2013-03-04,0.008292
2013-03-05,0.009218
2013-03-06,0.009749
2013-03-07,0.009393
2013-03-08,0.009771
2013-03-09,0.010366
2013-03-10,0.010118
2013-03-11,0.010529
2013-03-12,0.009629
2013-03-13,0.010127
2013-03-14,0.010045
2013-03-15,0.009981
2013-03-16,0.009975
2013-03-17,0.009952
2013-03-18,0.010726
2013-03-19,0.012324
2013-03-20,0.013079
2013-03-21,0.014427
2013-03-22,0.014083
2013-03-23,0.012887
2013-03-24,0.014231
2013-03-25,0.014628
2013-03-26,0.015335
2013-03-27,0.017144
2013-03-28,0.016756
2013-03-29,0.017105
2013-03-30,0.017305
2013-03-31,0.017462
2013-04-01,0.019051
2013-04-02,0.021188
2013-04-03,0.023509
2013-04-04,0.023461
2013-04-05,0.024763
2013-04-06,0.02448
2013-04-07,0.027398
2013-04-08,0.030736
2013-04-09,0.037093
2013-04-10,0.025591
2013-04-11,0.013165
2013-04-12,0.017639
2013-04-13,0.015428
2013-04-14,0.01405
2013-04-15,0.012807
2013-04-16,0.010855
2013-04-17,0.014762
2013-04-18,0.017225
2013-04-19,0.018793
2013-04-20,0.020131
2013-04-21,0.018539
2013-04-22,0.019673
2013-04-23,0.022044
2013-04-24,0.023813
2013-04-25,0.021745
2013-04-26,0.021132
2013-04-27,0.019751
2013-04-28,0.020718
2013-04-29,0.022035
2013-04-30,0.021241
2013-05-01,0.01769
2013-05-02,0.016183
2013-05-03,0.014664
2013-05-04,0.017078
2013-05-05,0.017595
2013-05-06,0.016846
2013-05-07,0.01668
2013-05-08,0.016812
2013-05-09,0.016543
2013-05-10,0.017259
2013-05-11,0.016813
2013-05-12,0.016596
2013-05-13,0.016823
2013-05-14,0.015347
2013-05-15,0.015394
2013-05-16,0.015816
2013-05-17,0.016277
2013-05-18,0.016253
2013-05-19,0.015952
2013-05-20,0.015909
2013-05-21,0.015679
2013-05-22,0.015747
2013-05-23,0.016195
2013-05-24,0.016686
2013-05-25,0.016478
2013-05-26,0.016454
2013-05-27,0.015798
2013-05-28,0.015557
2013-05-29,0.015822
2013-05-30,0.015276
2013-05-31,0.015259
2013-06-01,0.015202
2013-06-02,0.014322
2013-06-03,0.014212
2013-06-04,0.013755
2013-06-05,0.013696
2013-06-06,0.013362
2013-06-07,0.012265
2013-06-08,0.01205
2013-06-09,0.010947
2013-06-10,0.011347
2013-06-11,0.011597
2013-06-12,0.011386
2013-06-13,0.010767
2013-06-14,0.010469
2013-06-15,0.010466
2013-06-16,0.010307
2013-06-17,0.010348
2013-06-18,0.010699
2013-06-19,0.010635
2013-06-20,0.010548
2013-06-21,0.010184
2013-06-22,0.009978
2013-06-23,0.009936
2013-06-24,0.009743
2013-06-25,0.009561
2013-06-26,0.009576
2013-06-27,0.009335
2013-06-28,0.008574
2013-06-29,0.008465
2013-06-30,0.008481
2013-07-01,0.007814
2013-07-02,0.008236
2013-07-03,0.007253
2013-07-04,0.007353
2013-07-05,0.006244
2013-07-06,0.00612
2013-07-07,0.006623
2013-07-08,0.006766
2013-07-09,0.006818
2013-07-10,0.007698
2013-07-11,0.007878
2013-07-12,0.008062
2013-07-13,0.008153
2013-07-14,0.007956
2013-07-15,0.008252
2013-07-16,0.008028
2013-07-17,0.007918
2013-07-18,0.007353
2013-07-19,0.007425
2013-07-20,0.007274
2013-07-21,0.007301
2013-07-22,0.007264
2013-07-23,0.007339
2013-07-24,0.0074
2013-07-25,0.007528
2013-07-26,0.007472
2013-07-27,0.007282
2013-07-28,0.007617
2013-07-29,0.007619
2013-07-30,0.007847
2013-07-31,0.00791
2013-08-01,0.007747
2013-08-02,0.007663
2013-08-03,0.007574
2013-08-04,0.007598
2013-08-05,0.007645
2013-08-06,0.007612
2013-08-07,0.007523
2013-08-08,0.007268
2013-08-09,0.007094
2013-08-10,0.00712
2013-08-11,0.007158
2013-08-12,0.007209
2013-08-13,0.007344
2013-08-14,0.007406
2013-08-15,0.007292
2013-08-16,0.007267
2013-08-17,0.007327
2013-08-18,0.007255
2013-08-19,0.007478
2013-08-20,0.007561
2013-08-21,0.007971
2013-08-22,0.007835
2013-08-23,0.007663
2013-08-24,0.007705
2013-08-25,0.007956
2013-08-26,0.007844
2013-08-27,0.00819
2013-08-28,0.00818
2013-08-29,0.008167
2013-08-30,0.008528
2013-08-31,0.00871
2013-09-01,0.008798
2013-09-02,0.008675
2013-09-03,0.008595
2013-09-04,0.008104
2013-09-05,0.008046
2013-09-06,0.007707
2013-09-07,0.007791
2013-09-08,0.007635
2013-09-09,0.007798
2013-09-10,0.007815
2013-09-11,0.00808
2013-09-12,0.008014
2013-09-13,0.008006
2013-09-14,0.00777
2013-09-15,0.007771
2013-09-16,0.007797
2013-09-17,0.007795
2013-09-18,0.007752
2013-09-19,0.007544
2013-09-20,0.007428
2013-09-21,0.007423
2013-09-22,0.007361
2013-09-23,0.007308
2013-09-24,0.007325
2013-09-25,0.007278
2013-09-26,0.007304
2013-09-27,0.007378
2013-09-28,0.007351
2013-09-29,0.00733
2013-09-30,0.007234
2013-10-01,0.00728
2013-10-02,0.005918
2013-10-03,0.006652
2013-10-04,0.006864
2013-10-05,0.0068
2013-10-06,0.006827
2013-10-07,0.006873
2013-10-08,0.006887
2013-10-09,0.006917
2013-10-10,0.006925
2013-10-11,0.00692
2013-10-12,0.006917
2013-10-13,0.007126
2013-10-14,0.007244
2013-10-15,0.007531
2013-10-16,0.007323
2013-10-17,0.007567
2013-10-18,0.007994
2013-10-19,0.008616
2013-10-20,0.008597
2013-10-21,0.009222
2013-10-22,0.009686
2013-10-23,0.010322
2013-10-24,0.009733
2013-10-25,0.009228
2013-10-26,0.008878
2013-10-27,0.009538
2013-10-28,0.009555
2013-10-29,0.00988
2013-10-30,0.009498
2013-10-31,0.009691
2013-11-01,0.009614
2013-11-02,0.009632
2013-11-03,0.009825
2013-11-04,0.010616
2013-11-05,0.01122
2013-11-06,0.01202
2013-11-07,0.013126
2013-11-08,0.014935
2013-11-09,0.01466
2013-11-10,0.014363
2013-11-11,0.014878
2013-11-12,0.015245
2013-11-13,0.016781
2013-11-14,0.017543
2013-11-15,0.017061
2013-11-16,0.01809
2013-11-17,0.019999
2013-11-18,0.026734
2013-11-19,0.022032
2013-11-20,0.02373
2013-11-21,0.028297
2013-11-22,0.030967
2013-11-23,0.03161
2013-11-24,0.030082
2013-11-25,0.029952
2013-11-26,0.033025
2013-11-27,0.034115
2013-11-28,0.035076
2013-11-29,0.038501
2013-11-30,0.03749
2013-12-01,0.031948
2013-12-02,0.034082
2013-12-03,0.034132
2013-12-04,0.036281
2013-12-05,0.032557
2013-12-06,0.02607
2013-12-07,0.022284
2013-12-08,0.024788
2013-12-09,0.028218
2013-12-10,0.030555
2013-12-11,0.02727
2013-12-12,0.027102
2013-12-13,0.027176
2013-12-14,0.026257
2013-12-15,0.026486
2013-12-16,0.020827
2013-12-17,0.020998
2013-12-18,0.016282
2013-12-19,0.021203
2013-12-20,0.018584
2013-12-21,0.018525
2013-12-22,0.019095
2013-12-23,0.020398
2013-12-24,0.020124
2013-12-25,0.02091
2013-12-26,0.02298
2013-12-27,0.022023
2013-12-28,0.021704
2013-12-29,0.021884
2013-12-30,0.021924
2013-12-31,0.02152
2014-01-01,0.021943
2014-01-02,0.022601
2014-01-03,0.022913
2014-01-04,0.023178
2014-01-05,0.024832
2014-01-06,0.024733
2014-01-07,0.021431
2014-01-08,0.021598
2014-01-09,0.021571
2014-01-10,0.021817
2014-01-11,0.022401
2014-01-12,0.02099
2014-01-13,0.020165
2014-01-14,0.019721
2014-01-15,0.020074
2014-01-16,0.019226
2014-01-17,0.018459
2014-01-18,0.018622
2014-01-19,0.019034
2014-01-20,0.01858
2014-01-21,0.018238
2014-01-22,0.017916
2014-01-23,0.01753
2014-01-24,0.016698
2014-01-25,0.017002
2014-01-26,0.017012
2014-01-27,0.015359
2014-01-28,0.016165
2014-01-29,0.016061
2014-01-30,0.016014
2014-01-31,0.015922
2014-02-01,0.01595
2014-02-02,0.015809
2014-02-03,0.0155
2014-02-04,0.015211
2014-02-05,0.014768
2014-02-06,0.014241
2014-02-07,0.013161
2014-02-08,0.012439
2014-02-09,0.012521
2014-02-10,0.01239
2014-02-11,0.012055
2014-02-12,0.01165
2014-02-13,0.010854
2014-02-14,0.011755
2014-02-15,0.011418
2014-02-16,0.010801
2014-02-17,0.010867
2014-02-18,0.010725
2014-02-19,0.010591
2014-02-20,0.009524
2014-02-21,0.009746
2014-02-22,0.010131
2014-02-23,0.010113
2014-02-24,0.00894
2014-02-25,0.008755
2014-02-26,0.00958
2014-02-27,0.009486
2014-02-28,0.008885
2014-03-01,0.009094
2014-03-02,0.008902
2014-03-03,0.010704
2014-03-04,0.0106
2014-03-05,0.010468
2014-03-06,0.010359
2014-03-07,0.009743
2014-03-08,0.009525
2014-03-09,0.009754
2014-03-10,0.00951
2014-03-11,0.009541
2014-03-12,0.009503
2014-03-13,0.009577
2014-03-14,0.009295
2014-03-15,0.009354
2014-03-16,0.009267
2014-03-17,0.009047
2014-03-18,0.008877
2014-03-19,0.008779
2014-03-20,0.008398
2014-03-21,0.008123
2014-03-22,0.008018
2014-03-23,0.007905
2014-03-24,0.008238
2014-03-25,0.008185
2014-03-26,0.008084
2014-03-27,0.00672
2014-03-28,0.00691
2014-03-29,0.00676
2014-03-30,0.006318
2014-03-31,0.006249
2014-04-01,0.00655
2014-04-02,0.005984
2014-04-03,0.006106
2014-04-04,0.006089
2014-04-05,0.006228
2014-04-06,0.006166
2014-04-07,0.006011
2014-04-08,0.006045
2014-04-09,0.005892
2014-04-10,0.004871
2014-04-11,0.005583
2014-04-12,0.005594
2014-04-13,0.005472
2014-04-14,0.006036
2014-04-15,0.006796
2014-04-16,0.006893
2014-04-17,0.006455
2014-04-18,0.006213
2014-04-19,0.006458
2014-04-20,0.006393
2014-04-21,0.006319
2014-04-22,0.006182
2014-04-23,0.006168
2014-04-24,0.006298
2014-04-25,0.005812
2014-04-26,0.005698
2014-04-27,0.005421
2014-04-28,0.005434
2014-04-29,0.005486
2014-04-30,0.005477
2014-05-01,0.005591
2014-05-02,0.005471
2014-05-03,0.005289
2014-05-04,0.00524
2014-05-05,0.005167
2014-05-06,0.00512
2014-05-07,0.005242
2014-05-08,0.0052
2014-05-09,0.005323
2014-05-10,0.005347
2014-05-11,0.005119
2014-05-12,0.005122
2014-05-13,0.005074
2014-05-14,0.00512
2014-05-15,0.005123
2014-05-16,0.005121
2014-05-17,0.005105
2014-05-18,0.005058
2014-05-19,0.005041
2014-05-20,0.005499
2014-05-21,0.005514
2014-05-22,0.005851
2014-05-23,0.005788
2014-05-24,0.005803
2014-05-25,0.00627
2014-05-26,0.006361
2014-05-27,0.006209
2014-05-28,0.006232
2014-05-29,0.006104
2014-05-30,0.006607
2014-05-31,0.006644
2014-06-01,0.00663
2014-06-02,0.006941
2014-06-03,0.006993
2014-06-04,0.00666
2014-06-05,0.006804
2014-06-06,0.006651
2014-06-07,0.006683
2014-06-08,0.006658
2014-06-09,0.006529
2014-06-10,0.006522
2014-06-11,0.006297
2014-06-12,0.005879
2014-06-13,0.005905
2014-06-14,0.005671
2014-06-15,0.005787
2014-06-16,0.005772
2014-06-17,0.005929
2014-06-18,0.00589
2014-06-19,0.005752
2014-06-20,0.005689
2014-06-21,0.005678
2014-06-22,0.005721
2014-06-23,0.005603
2014-06-24,0.005492
2014-06-25,0.005304
2014-06-26,0.005457
2014-06-27,0.005622
2014-06-28,0.005541
2014-06-29,0.005579
2014-06-30,0.005907
2014-07-01,0.005918
2014-07-02,0.005969
2014-07-03,0.005898
2014-07-04,0.005729
2014-07-05,0.005703
2014-07-06,0.005715
2014-07-07,0.005583
2014-07-08,0.005576
2014-07-09,0.005525
2014-07-10,0.005453
2014-07-11,0.005587
2014-07-12,0.005582
2014-07-13,0.005495
2014-07-14,0.005378
2014-07-15,0.005378
2014-07-16,0.005307
2014-07-17,0.005351
2014-07-18,0.005383
2014-07-19,0.005345
2014-07-20,0.005289
2014-07-21,0.005234
2014-07-22,0.0052
2014-07-23,0.005179
2014-07-24,0.005018
2014-07-25,0.004988
2014-07-26,0.004912
2014-07-27,0.004867
2014-07-28,0.004816
2014-07-29,0.004771
2014-07-30,0.004581
2014-07-31,0.004719
2014-08-01,0.004819
2014-08-02,0.004747
2014-08-03,0.004706
2014-08-04,0.004695
2014-08-05,0.004633
2014-08-06,0.00462
2014-08-07,0.004634
2014-08-08,0.004642
2014-08-09,0.004625
2014-08-10,0.004612
2014-08-11,0.004472
2014-08-12,0.004418
2014-08-13,0.004249
2014-08-14,0.003903
2014-08-15,0.003856
2014-08-16,0.00401
2014-08-17,0.003815
2014-08-18,0.003585
2014-08-19,0.003712
2014-08-20,0.003917
2014-08-21,0.003937
2014-08-22,0.003902
2014-08-23,0.003749
2014-08-24,0.003823
2014-08-25,0.003762
2014-08-26,0.003829
2014-08-27,0.003806
2014-08-28,0.003767
2014-08-29,0.003776
2014-08-30,0.00371
2014-08-31,0.003532
2014-09-01,0.003494
2014-09-02,0.003485
2014-09-03,0.003473
2014-09-04,0.003578
2014-09-05,0.003491
2014-09-06,0.003496
2014-09-07,0.003471
2014-09-08,0.003395
2014-09-09,0.003419
2014-09-10,0.003442
2014-09-11,0.00343
2014-09-12,0.003399
2014-09-13,0.003419
2014-09-14,0.003394
2014-09-15,0.003365
2014-09-16,0.003297
2014-09-17,0.003234
2014-09-18,0.003019
2014-09-19,0.002781
2014-09-20,0.002897
2014-09-21,0.002817
2014-09-22,0.002815
2014-09-23,0.003073
2014-09-24,0.002964
2014-09-25,0.002859
2014-09-26,0.002824
2014-09-27,0.002787
2014-09-28,0.002608
2014-09-29,0.002587
2014-09-30,0.002694
2014-10-01,0.002646
2014-10-02,0.00257
2014-10-03,0.002464
2014-10-04,0.002262
2014-10-05,0.002218
2014-10-06,0.002243
2014-10-07,0.002286
2014-10-08,0.002426
2014-10-09,0.002472
2014-10-10,0.002449
2014-10-11,0.002466
2014-10-12,0.00257
2014-10-13,0.002662
2014-10-14,0.002717
2014-10-15,0.00267
2014-10-16,0.002583
2014-10-17,0.002578
2014-10-18,0.002635
2014-10-19,0.002613
2014-10-20,0.002558
2014-10-21,0.002581
2014-10-22,0.002547
2014-10-23,0.002387
2014-10-24,0.002384
2014-10-25,0.002303
2014-10-26,0.002348
2014-10-27,0.002325
2014-10-28,0.002352
2014-10-29,0.002209
2014-10-30,0.002279
2014-10-31,0.002226
2014-11-01,0.002139
2014-11-02,0.002135
2014-11-03,0.002139
2014-11-04,0.002164
2014-11-05,0.002221
2014-11-06,0.002289
2014-11-07,0.002236
2014-11-08,0.002255
2014-11-09,0.002368
2014-11-10,0.002376
2014-11-11,0.002387
2014-11-12,0.002737
2014-11-13,0.002727
2014-11-14,0.00257
2014-11-15,0.002434
2014-11-16,0.002508
2014-11-17,0.002486
2014-11-18,0.002395
2014-11-19,0.002415
2014-11-20,0.002274
2014-11-21,0.002236
2014-11-22,0.002243
2014-11-23,0.002336
2014-11-24,0.002391
2014-11-25,0.002385
2014-11-26,0.002323
2014-11-27,0.002332
2014-11-28,0.00238
2014-11-29,0.002365
2014-11-30,0.002377
2014-12-01,0.002376
2014-12-02,0.002395
2014-12-03,0.002348
2014-12-04,0.0023
2014-12-05,0.002355
2014-12-06,0.002331
2014-12-07,0.002336
2014-12-08,0.002249
2014-12-09,0.002171
2014-12-10,0.002148
2014-12-11,0.002149
2014-12-12,0.002174
2014-12-13,0.002146
2014-12-14,0.002185
2014-12-15,0.002126
2014-12-16,0.00201
2014-12-17,0.001956
2014-12-18,0.001912
2014-12-19,0.001938
2014-12-20,0.002008
2014-12-21,0.00195
2014-12-22,0.002012
2014-12-23,0.002035
2014-12-24,0.001953
2014-12-25,0.001926
2014-12-26,0.001985
2014-12-27,0.001903
2014-12-28,0.001906
2014-12-29,0.00188
2014-12-30,0.001862
2014-12-31,0.001921
2015-01-01,0.001883
2015-01-02,0.001887
2015-01-03,0.001704
2015-01-04,0.001569
2015-01-05,0.001637
2015-01-06,0.00171
2015-01-07,0.001767
2015-01-08,0.001687
2015-01-09,0.001733
2015-01-10,0.001635
2015-01-11,0.001589
2015-01-12,0.001587
2015-01-13,0.001323
2015-01-14,0.001036
2015-01-15,0.001252
2015-01-16,0.001223
2015-01-17,0.001177
2015-01-18,0.001243
2015-01-19,0.001276
2015-01-20,0.001246
2015-01-21,0.001339
2015-01-22,0.001372
2015-01-23,0.001367
2015-01-24,0.00146
2015-01-25,0.00149
2015-01-26,0.001602
2015-01-27,0.001547
2015-01-28,0.001376
2015-01-29,0.001365
2015-01-30,0.001334
2015-01-31,0.001266
2015-02-01,0.001321
2015-02-02,0.001395
2015-02-03,0.001323
2015-02-04,0.001316
2015-02-05,0.001258
2015-02-06,0.00129
2015-02-07,0.001323
2015-02-08,0.001295
2015-02-09,0.001275
2015-02-10,0.001274
2015-02-11,0.001265
2015-02-12,0.001282
2015-02-13,0.001361
2015-02-14,0.00148
2015-02-15,0.001346
2015-02-16,0.001348
2015-02-17,0.001397
2015-02-18,0.00135
2015-02-19,0.001382
2015-02-20,0.001402
2015-02-21,0.0014
2015-02-22,0.001348
2015-02-23,0.00136
2015-02-24,0.001363
2015-02-25,0.001353
2015-02-26,0.001344
2015-02-27,0.001445
2015-02-28,0.001443
2015-03-01,0.001473
2015-03-02,0.00156
2015-03-03,0.001594
2015-03-04,0.00154
2015-03-05,0.001554
2015-03-06,0.001535
2015-03-07,0.001551
2015-03-08,0.001543
2015-03-09,0.001624
2015-03-10,0.001634
2015-03-11,0.001657
2015-03-12,0.00165
2015-03-13,0.001593
2015-03-14,0.001579
2015-03-15,0.001598
2015-03-16,0.001619
2015-03-17,0.001584
2015-03-18,0.001427
2015-03-19,0.001453
2015-03-20,0.001457
2015-03-21,0.001445
2015-03-22,0.001487
2015-03-23,0.001474
2015-03-24,0.001363
2015-03-25,0.001361
2015-03-26,0.001376
2015-03-27,0.001363
2015-03-28,0.001394
2015-03-29,0.001336
2015-03-30,0.001365
2015-03-31,0.001343
2015-04-01,0.001356
2015-04-02,0.00139
2015-04-03,0.001395
2015-04-04,0.001389
2015-04-05,0.001427
2015-04-06,0.001399
2015-04-07,0.001389
2015-04-08,0.001339
2015-04-09,0.001327
2015-04-10,0.001282
2015-04-11,0.001289
2015-04-12,0.001286
2015-04-13,0.001222
2015-04-14,0.00119
2015-04-15,0.001208
2015-04-16,0.001235
2015-04-17,0.001203
2015-04-18,0.001205
2015-04-19,0.001203
2015-04-20,0.001211
2015-04-21,0.001264
2015-04-22,0.001257
2015-04-23,0.001267
2015-04-24,0.001241
2015-04-25,0.001213
2015-04-26,0.00118
2015-04-27,0.001216
2015-04-28,0.001205
2015-04-29,0.001205
2015-04-30,0.00126
2015-05-01,0.00124
2015-05-02,0.001253
2015-05-03,0.001278
2015-05-04,0.001269
2015-05-05,0.001252
2015-05-06,0.001216
2015-05-07,0.001256
2015-05-08,0.001293
2015-05-09,0.001282
2015-05-10,0.001271
2015-05-11,0.001277
2015-05-12,0.001276
2015-05-13,0.001245
2015-05-14,0.001245
2015-05-15,0.001247
2015-05-16,0.001237
2015-05-17,0.001242
2015-05-18,0.001219
2015-05-19,0.001213
2015-05-20,0.001224
2015-05-21,0.00123
2015-05-22,0.001253
2015-05-23,0.001245
2015-05-24,0.001253
2015-05-25,0.001232
2015-05-26,0.00123
2015-05-27,0.001231
2015-05-28,0.001228
2015-05-29,0.001225
2015-05-30,0.001204
2015-05-31,0.001186
2015-06-01,0.001153
2015-06-02,0.001162
2015-06-03,0.001161
2015-06-04,0.001151
2015-06-05,0.001156
2015-06-06,0.001157
2015-06-07,0.001147
2015-06-08,0.001174
2015-06-09,0.001176
2015-06-10,0.001171
2015-06-11,0.001175
2015-06-12,0.001175
2015-06-13,0.00119
2015-06-14,0.001187
2015-06-15,0.001207
2015-06-16,0.001281
2015-06-17,0.001262
2015-06-18,0.001266
2015-06-19,0.001243
2015-06-20,0.001246
2015-06-21,0.001238
2015-06-22,0.001251
2015-06-23,0.001236
2015-06-24,0.001216
2015-06-25,0.001224
2015-06-26,0.001226
2015-06-27,0.001268
2015-06-28,0.001254
2015-06-29,0.001291
2015-06-30,0.001326
2015-07-01,0.001296
2015-07-02,0.001278
2015-07-03,0.001283
2015-07-04,0.001304
2015-07-05,0.001357
2015-07-06,0.001345
2015-07-07,0.00133
2015-07-08,0.001349
2015-07-09,0.001343
2015-07-10,0.001421
2015-07-11,0.001461
2015-07-12,0.001547
2015-07-13,0.001452
2015-07-14,0.001426
2015-07-15,0.001416
2015-07-16,0.001378
2015-07-17,0.001384
2015-07-18,0.001369
2015-07-19,0.001358
2015-07-20,0.001375
2015-07-21,0.001362
2015-07-22,0.001366
2015-07-23,0.00136
2015-07-24,0.00142
2015-07-25,0.001419
2015-07-26,0.001436
2015-07-27,0.00144
2015-07-28,0.001443
2015-07-29,0.001415
2015-07-30,0.001405
2015-07-31,0.001386
2015-08-01,0.001371
2015-08-02,0.001373
2015-08-03,0.00137
2015-08-04,0.001384
2015-08-05,0.001368
2015-08-06,0.001351
2015-08-07,0.001352
2015-08-08,0.001263
2015-08-09,0.001286
2015-08-10,0.001278
2015-08-11,0.001308
2015-08-12,0.001291
2015-08-13,0.001273
2015-08-14,0.00128
2015-08-15,0.001257
2015-08-16,0.001242
2015-08-17,0.001236
2015-08-18,0.001043
2015-08-19,0.001087
2015-08-20,0.001126
2015-08-21,0.001112
2015-08-22,0.001101
2015-08-23,0.001091
2015-08-24,0.00101
2015-08-25,0.001061
2015-08-26,0.001076
2015-08-27,0.00107
2015-08-28,0.001104
2015-08-29,0.001092
2015-08-30,0.001087
2015-08-31,0.001094
2015-09-01,0.001081
2015-09-02,0.001087
2015-09-03,0.001075
2015-09-04,0.001093
2015-09-05,0.001115
2015-09-06,0.001137
2015-09-07,0.001136
2015-09-08,0.001151
2015-09-09,0.001125
2015-09-10,0.001124
2015-09-11,0.001133
2015-09-12,0.001111
2015-09-13,0.001083
2015-09-14,0.001084
2015-09-15,0.001081
2015-09-16,0.001074
2015-09-17,0.001092
2015-09-18,0.001091
2015-09-19,0.001086
2015-09-20,0.001081
2015-09-21,0.001059
2015-09-22,0.001076
2015-09-23,0.001073
2015-09-24,0.001091
2015-09-25,0.001096
2015-09-26,0.001091
2015-09-27,0.001084
2015-09-28,0.001114
2015-09-29,0.001101
2015-09-30,0.001097
2015-10-01,0.001103
2015-10-02,0.001101
2015-10-03,0.001108
2015-10-04,0.001106
2015-10-05,0.001112
2015-10-06,0.001138
2015-10-07,0.001122
2015-10-08,0.001118
2015-10-09,0.001124
2015-10-10,0.001129
2015-10-11,0.00114
2015-10-12,0.001128
2015-10-13,0.001147
2015-10-14,0.001158
2015-10-15,0.001164
2015-10-16,0.0012
2015-10-17,0.001241
2015-10-18,0.001201
2015-10-19,0.001204
2015-10-20,0.001232
2015-10-21,0.001218
2015-10-22,0.001251
2015-10-23,0.001264
2015-10-24,0.001286
2015-10-25,0.001295
2015-10-26,0.001297
2015-10-27,0.001336
2015-10-28,0.001375
2015-10-29,0.00142
2015-10-30,0.00148
2015-10-31,0.001414
2015-11-01,0.001483
2015-11-02,0.001637
2015-11-03,0.001798
2015-11-04,0.001816
2015-11-05,0.001719
2015-11-06,0.001666
2015-11-07,0.001724
2015-11-08,0.00166
2015-11-09,0.001694
2015-11-10,0.001502
2015-11-11,0.001373
2015-11-12,0.001499
2015-11-13,0.001496
2015-11-14,0.001476
2015-11-15,0.001417
2015-11-16,0.001466
2015-11-17,0.001485
2015-11-18,0.001484
2015-11-19,0.00144
2015-11-20,0.00142
2015-11-21,0.001437
2015-11-22,0.001426
2015-11-23,0.001422
2015-11-24,0.001408
2015-11-25,0.001446
2015-11-26,0.001565
2015-11-27,0.001576
2015-11-28,0.001563
2015-11-29,0.001628
2015-11-30,0.001651
2015-12-01,0.001584
2015-12-02,0.001568
2015-12-03,0.001575
2015-12-04,0.001583
2015-12-05,0.001695
2015-12-06,0.00171
2015-12-07,0.001717
2015-12-08,0.001795
2015-12-09,0.001809
2015-12-10,0.001798
2015-12-11,0.00196
2015-12-12,0.00188
2015-12-13,0.001871
2015-12-14,0.001906
2015-12-15,0.001996
2015-12-16,0.001948
2015-12-17,0.001955
2015-12-18,0.001982
2015-12-19,0.001971
2015-12-20,0.001887
2015-12-21,0.001865
2015-12-22,0.001853
2015-12-23,0.001882
2015-12-24,0.001935
2015-12-25,0.001932
2015-12-26,0.001771
2015-12-27,0.001788
2015-12-28,0.001779
2015-12-29,0.001821
2015-12-30,0.001796
2015-12-31,0.00181
2016-01-01,0.001828
2016-01-02,0.001825
2016-01-03,0.001805
2016-01-04,0.001817
2016-01-05,0.001811
2016-01-06,0.001801
2016-01-07,0.001917
2016-01-08,0.001894
2016-01-09,0.001873
2016-01-10,0.001866
2016-01-11,0.001865
2016-01-12,0.001832
2016-01-13,0.001791
2016-01-14,0.001778
2016-01-15,0.00152
2016-01-16,0.001602
2016-01-17,0.001577
2016-01-18,0.001585
2016-01-19,0.001556
2016-01-20,0.001729
2016-01-21,0.00168
2016-01-22,0.001562
2016-01-23,0.001583
2016-01-24,0.001651
2016-01-25,0.001602
2016-01-26,0.001597
2016-01-27,0.00161
2016-01-28,0.001544
2016-01-29,0.001543
2016-01-30,0.001535
2016-01-31,0.001489
2016-02-01,0.001508
2016-02-02,0.001514
2016-02-03,0.001493
2016-02-04,0.00158
2016-02-05,0.001557
2016-02-06,0.001516
2016-02-07,0.001517
2016-02-08,0.001498
2016-02-09,0.001508
2016-02-10,0.001529
2016-02-11,0.001522
2016-02-12,0.001539
2016-02-13,0.001567
2016-02-14,0.001632
2016-02-15,0.001603
2016-02-16,0.001633
2016-02-17,0.001664
2016-02-18,0.001687
2016-02-19,0.001678
2016-02-20,0.001759
2016-02-21,0.001751
2016-02-22,0.001744
2016-02-23,0.001673
2016-02-24,0.001687
2016-02-25,0.001685
2016-02-26,0.001714
2016-02-27,0.001717
2016-02-28,0.001716
2016-02-29,0.001732
2016-03-01,0.001711
2016-03-02,0.001671
2016-03-03,0.001654
2016-03-04,0.001608
2016-03-05,0.001565
2016-03-06,0.001589
2016-03-07,0.001625
2016-03-08,0.001617
2016-03-09,0.00162
2016-03-10,0.001634
2016-03-11,0.001646
2016-03-12,0.001609
2016-03-13,0.001614
2016-03-14,0.001625
2016-03-15,0.001625
2016-03-16,0.001631
2016-03-17,0.001637
2016-03-18,0.001598
2016-03-19,0.001597
2016-03-20,0.001608
2016-03-21,0.001605
2016-03-22,0.001623
2016-03-23,0.001626
2016-03-24,0.00161
2016-03-25,0.00162
2016-03-26,0.00162
2016-03-27,0.001653
2016-03-28,0.001642
2016-03-29,0.001613
2016-03-30,0.0016
2016-03-31,0.001611
2016-04-01,0.001615
2016-04-02,0.001624
2016-04-03,0.001623
2016-04-04,0.00162
2016-04-05,0.00163
2016-04-06,0.001626
2016-04-07,0.001623
2016-04-08,0.001611
2016-04-09,0.00161
2016-04-10,0.001621
2016-04-11,0.001625
2016-04-12,0.001639
2016-04-13,0.001628
2016-04-14,0.00163
2016-04-15,0.001647
2016-04-16,0.001651
2016-04-17,0.001638
2016-04-18,0.001638
2016-04-19,0.001666
2016-04-20,0.001684
2016-04-21,0.001718
2016-04-22,0.001701
2016-04-23,0.001721
2016-04-24,0.001755
2016-04-25,0.00176
2016-04-26,0.001774
2016-04-27,0.001682
2016-04-28,0.0017
2016-04-29,0.001721
2016-04-30,0.001692
2016-05-01,0.00171
2016-05-02,0.00167
2016-05-03,0.001693
2016-05-04,0.001679
2016-05-05,0.001681
2016-05-06,0.001725
2016-05-07,0.001722
2016-05-08,0.00172
2016-05-09,0.001726
2016-05-10,0.001678
2016-05-11,0.001687
2016-05-12,0.001691
2016-05-13,0.001695
2016-05-14,0.001697
2016-05-15,0.001705
2016-05-16,0.001682
2016-05-17,0.001674
2016-05-18,0.001676
2016-05-19,0.001613
2016-05-20,0.001628
2016-05-21,0.001633
2016-05-22,0.001619
2016-05-23,0.00163
2016-05-24,0.001634
2016-05-25,0.00165
2016-05-26,0.001663
2016-05-27,0.001725
2016-05-28,0.001938
2016-05-29,0.001924
2016-05-30,0.001943
2016-05-31,0.001931
2016-06-01,0.001953
2016-06-02,0.001955
2016-06-03,0.002067
2016-06-04,0.002079
2016-06-05,0.00208
2016-06-06,0.002116
2016-06-07,0.002086
2016-06-08,0.002101
2016-06-09,0.002076
2016-06-10,0.002084
2016-06-11,0.002173
2016-06-12,0.002403
2016-06-13,0.00252
2016-06-14,0.002447
2016-06-15,0.002479
2016-06-16,0.002733
2016-06-17,0.002667
2016-06-18,0.002692
2016-06-19,0.002718
2016-06-20,0.002557
2016-06-21,0.002367
2016-06-22,0.002101
2016-06-23,0.002215
2016-06-24,0.002341
2016-06-25,0.002355
2016-06-26,0.002217
2016-06-27,0.002292
2016-06-28,0.002271
2016-06-29,0.002238
2016-06-30,0.00236
2016-07-01,0.002369
2016-07-02,0.002453
2016-07-03,0.00231
2016-07-04,0.002366
2016-07-05,0.002323
2016-07-06,0.002352
2016-07-07,0.002219
2016-07-08,0.002303
2016-07-09,0.002254
2016-07-10,0.002245
2016-07-11,0.002244
2016-07-12,0.002309
2016-07-13,0.002266
2016-07-14,0.002272
2016-07-15,0.002289
2016-07-16,0.002281
2016-07-17,0.002331
2016-07-18,0.002307
2016-07-19,0.002302
2016-07-20,0.002274
2016-07-21,0.002269
2016-07-22,0.00221
2016-07-23,0.00223
2016-07-24,0.00224
2016-07-25,0.002216
2016-07-26,0.002211
2016-07-27,0.002213
2016-07-28,0.002209
2016-07-29,0.002211
2016-07-30,0.0022
2016-07-31,0.002094
2016-08-01,0.00203
2016-08-02,0.001762
2016-08-03,0.001905
2016-08-04,0.001947
2016-08-05,0.001937
2016-08-06,0.001966
2016-08-07,0.001977
2016-08-08,0.001964
2016-08-09,0.001949
2016-08-10,0.001953
2016-08-11,0.001949
2016-08-12,0.001939
2016-08-13,0.00193
2016-08-14,0.001882
2016-08-15,0.001864
2016-08-16,0.0019
2016-08-17,0.001882
2016-08-18,0.001878
2016-08-19,0.001878
2016-08-20,0.001902
2016-08-21,0.001896
2016-08-22,0.001907
2016-08-23,0.001897
2016-08-24,0.001881
2016-08-25,0.00187
2016-08-26,0.001877
2016-08-27,0.001846
2016-08-28,0.00186
2016-08-29,0.001852
2016-08-30,0.001857
2016-08-31,0.001843
2016-09-01,0.001841
2016-09-02,0.001853
2016-09-03,0.001926
2016-09-04,0.001955
2016-09-05,0.001943
2016-09-06,0.001958
2016-09-07,0.001963
2016-09-08,0.002008
2016-09-09,0.001981
2016-09-10,0.001983
2016-09-11,0.001928
2016-09-12,0.001924
2016-09-13,0.001924
2016-09-14,0.001924
2016-09-15,0.001914
2016-09-16,0.001913
2016-09-17,0.00191
2016-09-18,0.00192
2016-09-19,0.001909
2016-09-20,0.001905
2016-09-21,0.001867
2016-09-22,0.00186
2016-09-23,0.001879
2016-09-24,0.001877
2016-09-25,0.001868
2016-09-26,0.001885
2016-09-27,0.001878
2016-09-28,0.001874
2016-09-29,0.001873
2016-09-30,0.001882
2016-10-01,0.001899
2016-10-02,0.001885
2016-10-03,0.001885
2016-10-04,0.001875
2016-10-05,0.001879
2016-10-06,0.001875
2016-10-07,0.001891
2016-10-08,0.001893
2016-10-09,0.001884
2016-10-10,0.001884
2016-10-11,0.001957
2016-10-12,0.001935
2016-10-13,0.001929
2016-10-14,0.001939
2016-10-15,0.001929
2016-10-16,0.001943
2016-10-17,0.001929
2016-10-18,0.001916
2016-10-19,0.001896
2016-10-20,0.00189
2016-10-21,0.001894
2016-10-22,0.001962
2016-10-23,0.001952
2016-10-24,0.001943
2016-10-25,0.001958
2016-10-26,0.002013
2016-10-27,0.002044
2016-10-28,0.002052
2016-10-29,0.002124
2016-10-30,0.002073
2016-10-31,0.002069
2016-11-01,0.00216
2016-11-02,0.002186
2016-11-03,0.002034
2016-11-04,0.002077
2016-11-05,0.002078
2016-11-06,0.002102
2016-11-07,0.002071
2016-11-08,0.002085
2016-11-09,0.00211
2016-11-10,0.002084
2016-11-11,0.002088
2016-11-12,0.002051
2016-11-13,0.002048
2016-11-14,0.002051
2016-11-15,0.002068
2016-11-16,0.002152
2016-11-17,0.002129
2016-11-18,0.002168
2016-11-19,0.00217
2016-11-20,0.002107
2016-11-21,0.002122
2016-11-22,0.002153
2016-11-23,0.002131
2016-11-24,0.002117
2016-11-25,0.002121
2016-11-26,0.002104
2016-11-27,0.002082
2016-11-28,0.002086
2016-11-29,0.002088
2016-11-30,0.002115
2016-12-01,0.002145
2016-12-02,0.002196
2016-12-03,0.002176
2016-12-04,0.002174
2016-12-05,0.002132
2016-12-06,0.002148
2016-12-07,0.002162
2016-12-08,0.002167
2016-12-09,0.002177
2016-12-10,0.002184
2016-12-11,0.002167
2016-12-12,0.002187
2016-12-13,0.002186
2016-12-14,0.002178
2016-12-15,0.002173
2016-12-16,0.002187
2016-12-17,0.002205
2016-12-18,0.002205
2016-12-19,0.002202
2016-12-20,0.002225
2016-12-21,0.002302
2016-12-22,0.002382
2016-12-23,0.002537
2016-12-24,0.002466
2016-12-25,0.002476
2016-12-26,0.002492
2016-12-27,0.002552
2016-12-28,0.002696
2016-12-29,0.002674
2016-12-30,0.002637
2016-12-31,0.002655
2017-01-01,0.002728
2017-01-02,0.002778
2017-01-03,0.002817
2017-01-04,0.003089
2017-01-05,0.002721
2017-01-06,0.002425
2017-01-07,0.002452
2017-01-08,0.002474
2017-01-09,0.002447
2017-01-10,0.002453
2017-01-11,0.002132
2017-01-12,0.002181
2017-01-13,0.002233
2017-01-14,0.002213
2017-01-15,0.002223
2017-01-16,0.002239
2017-01-17,0.002439
2017-01-18,0.00237
2017-01-19,0.002424
2017-01-20,0.002402
2017-01-21,0.002477
2017-01-22,0.002469
2017-01-23,0.002457
2017-01-24,0.00237
2017-01-25,0.002389
2017-01-26,0.002442
2017-01-27,0.002449
2017-01-28,0.002452
2017-01-29,0.00243
2017-01-30,0.00244
2017-01-31,0.002564
2017-02-01,0.00261
2017-02-02,0.00266
2017-02-03,0.002676
2017-02-04,0.00272
2017-02-05,0.002665
2017-02-06,0.002684
2017-02-07,0.002759
2017-02-08,0.002751
2017-02-09,0.002565
2017-02-10,0.002597
2017-02-11,0.002631
2017-02-12,0.002614
2017-02-13,0.002593
2017-02-14,0.002621
2017-02-15,0.002621
2017-02-16,0.002676
2017-02-17,0.002728
2017-02-18,0.002728
2017-02-19,0.002719
2017-02-20,0.002791
2017-02-21,0.002889
2017-02-22,0.002886
2017-02-23,0.003031
2017-02-24,0.003017
2017-02-25,0.002925
2017-02-26,0.002996
2017-02-27,0.003022
2017-02-28,0.003001
2017-03-01,0.003097
2017-03-02,0.003177
2017-03-03,0.003237
2017-03-04,0.00318
2017-03-05,0.003192
2017-03-06,0.003201
2017-03-07,0.003077
2017-03-08,0.002867
2017-03-09,0.002965
2017-03-10,0.002726
2017-03-11,0.002916
2017-03-12,0.003046
2017-03-13,0.00306
2017-03-14,0.003073
2017-03-15,0.003097
2017-03-16,0.002895
2017-03-17,0.002633
2017-03-18,0.002363
2017-03-19,0.002503
2017-03-20,0.002544
2017-03-21,0.002724
2017-03-22,0.00254
2017-03-23,0.002517
2017-03-24,0.002289
2017-03-25,0.00237
2017-03-26,0.002356
2017-03-27,0.002551
2017-03-28,0.002555
2017-03-29,0.002541
2017-03-30,0.002536
2017-03-31,0.002641
2017-04-01,0.002659
2017-04-02,0.002697
2017-04-03,0.002791
2017-04-04,0.002782
2017-04-05,0.002765
2017-04-06,0.002906
2017-04-07,0.002896
2017-04-08,0.002876
2017-04-09,0.002944
2017-04-10,0.002936
2017-04-11,0.002976
2017-04-12,0.00294
2017-04-13,0.002832
2017-04-14,0.002834
2017-04-15,0.002834
2017-04-16,0.002826
2017-04-17,0.002867
2017-04-18,0.002888
2017-04-19,0.002902
2017-04-20,0.002961
2017-04-21,0.002985
2017-04-22,0.002971
2017-04-23,0.002982
2017-04-24,0.002995
2017-04-25,0.003044
2017-04-26,0.003079
2017-04-27,0.003191
2017-04-28,0.00319
2017-04-29,0.003208
2017-04-30,0.003259
2017-05-01,0.003382
2017-05-02,0.003439
2017-05-03,0.003562
2017-05-04,0.003602
2017-05-05,0.003572
2017-05-06,0.003666
2017-05-07,0.003549
2017-05-08,0.00391
2017-05-09,0.00398
2017-05-10,0.004116
2017-05-11,0.004228
2017-05-12,0.003918
2017-05-13,0.004081
2017-05-14,0.004105
2017-05-15,0.003965
2017-05-16,0.004003
2017-05-17,0.004112
2017-05-18,0.004297
2017-05-19,0.004454
2017-05-20,0.004626
2017-05-21,0.004611
2017-05-22,0.004678
2017-05-23,0.005069
2017-05-24,0.005411
2017-05-25,0.005187
2017-05-26,0.005089
2017-05-27,0.004561
2017-05-28,0.004959
2017-05-29,0.005084
2017-05-30,0.004818
2017-05-31,0.005105
2017-06-01,0.00532
2017-06-02,0.005488
2017-06-03,0.005632
2017-06-04,0.005568
2017-06-05,0.00591
2017-06-06,0.006304
2017-06-07,0.005931
2017-06-08,0.006128
2017-06-09,0.006121
2017-06-10,0.006351
2017-06-11,0.006465
2017-06-12,0.005786
2017-06-13,0.00587
2017-06-14,0.005295
2017-06-15,0.005219
2017-06-16,0.005361
2017-06-17,0.005738
2017-06-18,0.005425
2017-06-19,0.0056
2017-06-20,0.005908
2017-06-21,0.005703
2017-06-22,0.005802
2017-06-23,0.005796
2017-06-24,0.005526
2017-06-25,0.005383
2017-06-26,0.005227
2017-06-27,0.005447
2017-06-28,0.005512
2017-06-29,0.00546
2017-06-30,0.005268
2017-07-01,0.005178
2017-07-02,0.005402
2017-07-03,0.005468
2017-07-04,0.005565
2017-07-05,0.005578
2017-07-06,0.005562
2017-07-07,0.005328
2017-07-08,0.005447
2017-07-09,0.005341
2017-07-10,0.004938
2017-07-11,0.004932
2017-07-12,0.005043
2017-07-13,0.004969
2017-07-14,0.004691
2017-07-15,0.00421
2017-07-16,0.00404
2017-07-17,0.004679
2017-07-18,0.004857
2017-07-19,0.004751
2017-07-20,0.005928
2017-07-21,0.005583
2017-07-22,0.005909
2017-07-23,0.005735
2017-07-24,0.005724
2017-07-25,0.005305
2017-07-26,0.005219
2017-07-27,0.005503
2017-07-28,0.005755
2017-07-29,0.005564
2017-07-30,0.00564
2017-07-31,0.005859
2017-08-01,0.005571
2017-08-02,0.005484
2017-08-03,0.005675
2017-08-04,0.005806
2017-08-05,0.006554
2017-08-06,0.006524
2017-08-07,0.006838
2017-08-08,0.006901
2017-08-09,0.006751
2017-08-10,0.00694
2017-08-11,0.007395
2017-08-12,0.007835
2017-08-13,0.008249
2017-08-14,0.00876
2017-08-15,0.008489
2017-08-16,0.008928
2017-08-17,0.008835
2017-08-18,0.00845
2017-08-19,0.008585
2017-08-20,0.008465
2017-08-21,0.008307
2017-08-22,0.008517
2017-08-23,0.008713
2017-08-24,0.009128
2017-08-25,0.009224
2017-08-26,0.00924
2017-08-27,0.009279
2017-08-28,0.009381
2017-08-29,0.009878
2017-08-30,0.009872
2017-08-31,0.010228
2017-09-01,0.01063
2017-09-02,0.009952
2017-09-03,0.010035
2017-09-04,0.009512
2017-09-05,0.009698
2017-09-06,0.010037
2017-09-07,0.010093
2017-09-08,0.009458
2017-09-09,0.009432
2017-09-10,0.009269
2017-09-11,0.00916
2017-09-12,0.009051
2017-09-13,0.008447
2017-09-14,0.007065
2017-09-15,0.00805
2017-09-16,0.008077
2017-09-17,0.00808
2017-09-18,0.008875
2017-09-19,0.008534
2017-09-20,0.008463
2017-09-21,0.007854
2017-09-22,0.007854
2017-09-23,0.008184
2017-09-24,0.00796
2017-09-25,0.008469
2017-09-26,0.008392
2017-09-27,0.009052
2017-09-28,0.008984
2017-09-29,0.008888
2017-09-30,0.009241
2017-10-01,0.009309
2017-10-02,0.009285
2017-10-03,0.009084
2017-10-04,0.008865
2017-10-05,0.009049
2017-10-06,0.009113
2017-10-07,0.009231
2017-10-08,0.009529
2017-10-09,0.009854
2017-10-10,0.00974
2017-10-11,0.00985
2017-10-12,0.010976
2017-10-13,0.01136
2017-10-14,0.011637
2017-10-15,0.011378
2017-10-16,0.011445
2017-10-17,0.011063
2017-10-18,0.011005
2017-10-19,0.011208
2017-10-20,0.011732
2017-10-21,0.011738
2017-10-22,0.011624
2017-10-23,0.011374
2017-10-24,0.010632
2017-10-25,0.011021
2017-10-26,0.011297
2017-10-27,0.011016
2017-10-28,0.010963
2017-10-29,0.011702
2017-10-30,0.011555
2017-10-31,0.012095
2017-11-01,0.012603
2017-11-02,0.013145
2017-11-03,0.013391
2017-11-04,0.013739
2017-11-05,0.0136
2017-11-06,0.012852
2017-11-07,0.013059
2017-11-08,0.013623
2017-11-09,0.012994
2017-11-10,0.012083
2017-11-11,0.011597
2017-11-12,0.010674
2017-11-13,0.01196
2017-11-14,0.012114
2017-11-15,0.013342
2017-11-16,0.014397
2017-11-17,0.014208
2017-11-18,0.014328
2017-11-19,0.014726
2017-11-20,0.015176
2017-11-21,0.014843
2017-11-22,0.015116
2017-11-23,0.014779
2017-11-24,0.015058
2017-11-25,0.015997
2017-11-26,0.016981
2017-11-27,0.017685
2017-11-28,0.01801
2017-11-29,0.017751
2017-11-30,0.018094
2017-12-01,0.019521
2017-12-02,0.019704
2017-12-03,0.020152
2017-12-04,0.020716
2017-12-05,0.020961
2017-12-06,0.02483
2017-12-07,0.029892
2017-12-08,0.028338
2017-12-09,0.026002
2017-12-10,0.026564
2017-12-11,0.02871
2017-12-12,0.029378
2017-12-13,0.027606
2017-12-14,0.027552
2017-12-15,0.029162
2017-12-16,0.031999
2017-12-17,0.031068
2017-12-18,0.030396
2017-12-19,0.028131
2017-12-20,0.026142
2017-12-21,0.024799
2017-12-22,0.022716
2017-12-23,0.023679
2017-12-24,0.022308
2017-12-25,0.022426
2017-12-26,0.025024
2017-12-27,0.024479
2017-12-28,0.022762
2017-12-29,0.023235
2017-12-30,0.020735
2017-12-31,0.022389
2018-01-01,0.021763
2018-01-02,0.023948
2018-01-03,0.024455
2018-01-04,0.024644
2018-01-05,0.02781
2018-01-06,0.027961
2018-01-07,0.026551
2018-01-08,0.0245
2018-01-09,0.023631
2018-01-10,0.02413
2018-01-11,0.021764
2018-01-12,0.022811
2018-01-13,0.023577
2018-01-14,0.022712
2018-01-15,0.022612
2018-01-16,0.019121
2018-01-17,0.018777
2018-01-18,0.019003
2018-01-19,0.019372
2018-01-20,0.02161
2018-01-21,0.01934
2018-01-22,0.018189
2018-01-23,0.018373
2018-01-24,0.018993
2018-01-25,0.01881
2018-01-26,0.018631
2018-01-27,0.019085
2018-01-28,0.019544
2018-01-29,0.018696
2018-01-30,0.016708
2018-01-31,0.016839
2018-02-01,0.015154
2018-02-02,0.014729
2018-02-03,0.015296
2018-02-04,0.013828
2018-02-05,0.011515
2018-02-06,0.013029
2018-02-07,0.012859
2018-02-08,0.01387
2018-02-09,0.014605
2018-02-10,0.014367
2018-02-11,0.013621
2018-02-12,0.014937
2018-02-13,0.014243
2018-02-14,0.01574
2018-02-15,0.016694
2018-02-16,0.016712
2018-02-17,0.018028
2018-02-18,0.016865
2018-02-19,0.017811
2018-02-20,0.01782
2018-02-21,0.016441
2018-02-22,0.01542
2018-02-23,0.015733
2018-02-24,0.014886
2018-02-25,0.014644
2018-02-26,0.015588
2018-02-27,0.015956
2018-02-28,0.015302
2018-03-01,0.016064
2018-03-02,0.016042
2018-03-03,0.016473
2018-03-04,0.016357
2018-03-05,0.0163
2018-03-06,0.014941
2018-03-07,0.013743
2018-03-08,0.012849
2018-03-09,0.012681
2018-03-10,0.011925
2018-03-11,0.012811
2018-03-12,0.01223
2018-03-13,0.012158
2018-03-14,0.010846
2018-03-15,0.010841
2018-03-16,0.010915
2018-03-17,0.010213
2018-03-18,0.010548
2018-03-19,0.010926
2018-03-20,0.011306
2018-03-21,0.011208
2018-03-22,0.010921
2018-03-23,0.010923
2018-03-24,0.010652
2018-03-25,0.010371
2018-03-26,0.009976
2018-03-27,0.00951
2018-03-28,0.009569
2018-03-29,0.00853
2018-03-30,0.00816
2018-03-31,0.008227
2018-04-01,0.008048
2018-04-02,0.008276
2018-04-03,0.008684
2018-04-04,0.007895
2018-04-05,0.007877
2018-04-06,0.007622
2018-04-07,0.0079
2018-04-08,0.008
2018-04-09,0.00765
2018-04-10,0.007702
2018-04-11,0.007806
2018-04-12,0.00883
2018-04-13,0.008792
2018-04-14,0.008834
2018-04-15,0.009143
2018-04-16,0.008764
2018-04-17,0.008538
2018-04-18,0.008779
2018-04-19,0.008841
2018-04-20,0.009381
2018-04-21,0.009342
2018-04-22,0.009213
2018-04-23,0.009286
2018-04-24,0.009961
2018-04-25,0.009078
2018-04-26,0.009433
2018-04-27,0.009085
2018-04-28,0.009383
2018-04-29,0.009373
2018-04-30,0.009144
2018-05-01,0.00893
2018-05-02,0.009004
2018-05-03,0.009477
2018-05-04,0.009366
2018-05-05,0.009403
2018-05-06,0.009155
2018-05-07,0.008861
2018-05-08,0.008692
2018-05-09,0.00872
2018-05-10,0.008437
2018-05-11,0.007825
2018-05-12,0.007849
2018-05-13,0.008002
2018-05-14,0.007941
2018-05-15,0.007737
2018-05-16,0.007557
2018-05-17,0.007275
2018-05-18,0.007407
2018-05-19,0.00737
2018-05-20,0.007585
2018-05-21,0.007449
2018-05-22,0.007069
2018-05-23,0.006613
2018-05-24,0.006633
2018-05-25,0.006475
2018-05-26,0.006362
2018-05-27,0.006346
2018-05-28,0.006125
2018-05-29,0.006393
2018-05-30,0.006299
2018-05-31,0.006361
2018-06-01,0.006368
2018-06-02,0.006438
2018-06-03,0.006463
2018-06-04,0.006254
2018-06-05,0.006329
2018-06-06,0.006333
2018-06-07,0.006316
2018-06-08,0.006252
2018-06-09,0.00617
2018-06-10,0.005486
2018-06-11,0.005549
2018-06-12,0.005269
2018-06-13,0.005073
2018-06-14,0.005314
2018-06-15,0.005111
2018-06-16,0.005168
2018-06-17,0.005114
2018-06-18,0.005294
2018-06-19,0.005295
2018-06-20,0.005289
2018-06-21,0.005243
2018-06-22,0.00471
2018-06-23,0.004782
2018-06-24,0.004743
2018-06-25,0.004801
2018-06-26,0.004671
2018-06-27,0.004688
2018-06-28,0.004459
2018-06-29,0.004718
2018-06-30,0.004817
2018-07-01,0.004789
2018-07-02,0.004956
2018-07-03,0.004856
2018-07-04,0.004899
2018-07-05,0.004848
2018-07-06,0.004876
2018-07-07,0.00496
2018-07-08,0.004917
2018-07-09,0.004869
2018-07-10,0.004594
2018-07-11,0.004628
2018-07-12,0.004455
2018-07-13,0.004476
2018-07-14,0.004494
2018-07-15,0.004545
2018-07-16,0.004788
2018-07-17,0.005202
2018-07-18,0.005221
2018-07-19,0.005265
2018-07-20,0.005147
2018-07-21,0.005186
2018-07-22,0.005158
2018-07-23,0.005358
2018-07-24,0.005805
2018-07-25,0.005647
2018-07-26,0.005426
2018-07-27,0.005581
2018-07-28,0.005568
2018-07-29,0.005572
2018-07-30,0.00551
2018-07-31,0.005188
2018-08-01,0.005083
2018-08-02,0.005028
2018-08-03,0.004922
2018-08-04,0.004635
2018-08-05,0.004638
2018-08-06,0.004556
2018-08-07,0.004406
2018-08-08,0.004096
2018-08-09,0.004273
2018-08-10,0.003987
2018-08-11,0.004091
2018-08-12,0.00408
2018-08-13,0.004037
2018-08-14,0.003974
2018-08-15,0.004018
2018-08-16,0.004021
2018-08-17,0.004184
2018-08-18,0.004068
2018-08-19,0.004115
2018-08-20,0.003967
2018-08-21,0.004083
2018-08-22,0.004005
2018-08-23,0.00409
2018-08-24,0.004193
2018-08-25,0.004211
2018-08-26,0.004166
2018-08-27,0.004249
2018-08-28,0.004395
2018-08-29,0.004348
2018-08-30,0.004297
2018-08-31,0.004323
2018-09-01,0.004416
2018-09-02,0.004463
2018-09-03,0.004434
2018-09-04,0.004485
2018-09-05,0.00413
2018-09-06,0.003938
2018-09-07,0.003883
2018-09-08,0.003742
2018-09-09,0.003772
2018-09-10,0.003793
2018-09-11,0.003775
2018-09-12,0.003797
2018-09-13,0.003887
2018-09-14,0.003881
2018-09-15,0.00389
2018-09-16,0.003864
2018-09-17,0.003714
2018-09-18,0.003752
2018-09-19,0.003768
2018-09-20,0.003826
2018-09-21,0.003957
2018-09-22,0.003925
2018-09-23,0.003912
2018-09-24,0.003828
2018-09-25,0.003724
2018-09-26,0.003741
2018-09-27,0.003854
2018-09-28,0.003811
2018-09-29,0.003778
2018-09-30,0.003779
2018-10-01,0.003744
2018-10-02,0.003703
2018-10-03,0.003668
2018-10-04,0.003704
2018-10-05,0.003716
2018-10-06,0.003686
2018-10-07,0.003683
2018-10-08,0.003696
2018-10-09,0.003678
2018-10-10,0.003634
2018-10-11,0.003419
2018-10-12,0.003429
2018-10-13,0.003423
2018-10-14,0.003407
2018-10-15,0.003541
2018-10-16,0.003542
2018-10-17,0.003522
2018-10-18,0.003488
2018-10-19,0.003473
2018-10-20,0.003478
2018-10-21,0.003473
2018-10-22,0.003461
2018-10-23,0.003446
2018-10-24,0.003448
2018-10-25,0.003433
2018-10-26,0.003426
2018-10-27,0.003421
2018-10-28,0.003411
2018-10-29,0.003327
2018-10-30,0.003324
2018-10-31,0.003335
2018-11-01,0.003346
2018-11-02,0.003341
2018-11-03,0.003325
2018-11-04,0.003363
2018-11-05,0.003346
2018-11-06,0.003358
2018-11-07,0.003381
2018-11-08,0.003324
2018-11-09,0.003278
2018-11-10,0.003281
2018-11-11,0.003264
2018-11-12,0.003249
2018-11-13,0.003215
2018-11-14,0.002854
2018-11-15,0.00283
2018-11-16,0.002803
2018-11-17,0.002801
2018-11-18,0.002823
2018-11-19,0.002432
2018-11-20,0.002188
2018-11-21,0.002302
2018-11-22,0.002175
2018-11-23,0.002166
2018-11-24,0.00192
2018-11-25,0.001988
2018-11-26,0.001863
2018-11-27,0.001899
2018-11-28,0.002114
2018-11-29,0.002127
2018-11-30,0.001992
2018-12-01,0.002078
2018-12-02,0.002051
2018-12-03,0.001922
2018-12-04,0.001945
2018-12-05,0.001852
2018-12-06,0.001753
2018-12-07,0.001683
2018-12-08,0.001699
2018-12-09,0.001764
2018-12-10,0.0017
2018-12-11,0.001669
2018-12-12,0.001704
2018-12-13,0.001622
2018-12-14,0.001591
2018-12-15,0.001583
2018-12-16,0.001587
2018-12-17,0.001737
2018-12-18,0.001815
2018-12-19,0.001833
2018-12-20,0.002014
2018-12-21,0.001899
2018-12-22,0.001959
2018-12-23,0.001946
2018-12-24,0.001992
2018-12-25,0.001853
2018-12-26,0.001874
2018-12-27,0.001763
2018-12-28,0.001906
2018-12-29,0.001875
2018-12-30,0.001874
2018-12-31,0.001805
2019-01-01,0.001862
2019-01-02,0.001903
2019-01-03,0.001845
2019-01-04,0.001864
2019-01-05,0.001847
2019-01-06,0.001965
2019-01-07,0.00194
2019-01-08,0.001934
2019-01-09,0.001937
2019-01-10,0.001753
2019-01-11,0.001749
2019-01-12,0.001743
2019-01-13,0.001689
2019-01-14,0.001763
2019-01-15,0.00172
2019-01-16,0.00173
2019-01-17,0.001744
2019-01-18,0.001727
2019-01-19,0.001762
2019-01-20,0.001689
2019-01-21,0.001686
2019-01-22,0.001704
2019-01-23,0.00169
2019-01-24,0.001695
2019-01-25,0.001691
2019-01-26,0.001687
2019-01-27,0.001675
2019-01-28,0.001625
2019-01-29,0.001605
2019-01-30,0.001623
2019-01-31,0.001608
2019-02-01,0.001622
2019-02-02,0.001629
2019-02-03,0.001604
2019-02-04,0.001601
2019-02-05,0.001606
2019-02-06,0.001577
2019-02-07,0.001571
2019-02-08,0.001688
2019-02-09,0.00169
2019-02-10,0.001698
2019-02-11,0.001672
2019-02-12,0.001668
2019-02-13,0.001661
2019-02-14,0.001652
2019-02-15,0.001652
2019-02-16,0.001659
2019-02-17,0.001675
2019-02-18,0.001785
2019-02-19,0.001796
2019-02-20,0.00181
2019-02-21,0.00179
2019-02-22,0.001813
2019-02-23,0.001885
2019-02-24,0.001719
2019-02-25,0.001748
2019-02-26,0.001734
2019-02-27,0.001734
2019-02-28,0.001728
2019-03-01,0.001734
2019-03-02,0.001732
2019-03-03,0.001717
2019-03-04,0.001677
2019-03-05,0.001739
2019-03-06,0.001743
2019-03-07,0.001742
2019-03-08,0.001733
2019-03-09,0.001763
2019-03-10,0.001758
2019-03-11,0.001732
2019-03-12,0.001734
2019-03-13,0.001729
2019-03-14,0.001728
2019-03-15,0.001747
2019-03-16,0.001785
2019-03-17,0.001772
2019-03-18,0.001771
2019-03-19,0.001781
2019-03-20,0.001795
2019-03-21,0.001768
2019-03-22,0.00177
2019-03-23,0.001767
2019-03-24,0.00176
2019-03-25,0.00173
2019-03-26,0.001732
2019-03-27,0.001779
2019-03-28,0.001769
2019-03-29,0.001802
2019-03-30,0.0018
2019-03-31,0.001799
2019-04-01,0.001816
2019-04-02,0.002149
2019-04-03,0.00217
2019-04-04,0.002145
2019-04-05,0.002195
2019-04-06,0.002196
2019-04-07,0.002256
2019-04-08,0.002293
2019-04-09,0.002251
2019-04-10,0.002297
2019-04-11,0.002181
2019-04-12,0.002191
2019-04-13,0.002185
2019-04-14,0.002216
2019-04-15,0.002164
2019-04-16,0.00223
2019-04-17,0.002236
2019-04-18,0.002254
2019-04-19,0.002256
2019-04-20,0.002262
2019-04-21,0.002251
2019-04-22,0.002285
2019-04-23,0.002349
2019-04-24,0.002298
2019-04-25,0.002166
2019-04-26,0.002173
2019-04-27,0.002183
2019-04-28,0.002166
2019-04-29,0.002163
2019-04-30,0.002209
2019-05-01,0.002227
2019-05-02,0.002256
2019-05-03,0.002363
2019-05-04,0.002408
2019-05-05,0.002384
2019-05-06,0.002365
2019-05-07,0.002417
2019-05-08,0.002457
2019-05-09,0.002543
2019-05-10,0.002624
2019-05-11,0.003017
2019-05-12,0.002854
2019-05-13,0.003199
2019-05-14,0.003257
2019-05-15,0.003356
2019-05-16,0.003205
2019-05-17,0.002982
2019-05-18,0.002957
2019-05-19,0.003332
2019-05-20,0.00323
2019-05-21,0.003225
2019-05-22,0.003092
2019-05-23,0.003179
2019-05-24,0.003208
2019-05-25,0.003232
2019-05-26,0.003493
2019-05-27,0.00352
2019-05-28,0.003473
2019-05-29,0.003441
2019-05-30,0.003282
2019-05-31,0.003389
2019-06-01,0.003382
2019-06-02,0.003449
2019-06-03,0.003219
2019-06-04,0.003008
2019-06-05,0.003063
2019-06-06,0.00305
2019-06-07,0.003143
2019-06-08,0.003105
2019-06-09,0.002981
2019-06-10,0.003116
2019-06-11,0.003083
2019-06-12,0.003164
2019-06-13,0.003192
2019-06-14,0.003365
2019-06-15,0.003417
2019-06-16,0.003475
2019-06-17,0.00359
2019-06-18,0.00347
2019-06-19,0.003554
2019-06-20,0.003646
2019-06-21,0.003841
2019-06-22,0.004059
2019-06-23,0.00409
2019-06-24,0.004158
2019-06-25,0.004419
2019-06-26,0.004832
2019-06-27,0.004163
2019-06-28,0.004617
2019-06-29,0.004451
2019-06-30,0.004031
2019-07-01,0.003922
2019-07-02,0.003988
2019-07-03,0.004417
2019-07-04,0.004122
2019-07-05,0.004048
2019-07-06,0.004117
2019-07-07,0.004199
2019-07-08,0.004506
2019-07-09,0.00459
2019-07-10,0.004408
2019-07-11,0.004105
2019-07-12,0.004286
2019-07-13,0.004109
2019-07-14,0.003719
2019-07-15,0.003945
2019-07-16,0.003416
2019-07-17,0.003486
2019-07-18,0.003842
2019-07-19,0.003784
2019-07-20,0.003897
2019-07-21,0.003794
2019-07-22,0.003691
2019-07-23,0.003525
2019-07-24,0.003495
2019-07-25,0.003527
2019-07-26,0.003501
2019-07-27,0.003358
2019-07-28,0.003383
2019-07-29,0.00337
2019-07-30,0.003395
2019-07-31,0.003555
2019-08-01,0.003669
2019-08-02,0.003708
2019-08-03,0.003798
2019-08-04,0.00385
2019-08-05,0.004122
2019-08-06,0.003985
2019-08-07,0.004164
2019-08-08,0.004144
2019-08-09,0.004106
2019-08-10,0.003905
2019-08-11,0.003973
2019-08-12,0.003913
2019-08-13,0.003727
2019-08-14,0.003432
2019-08-15,0.003522
2019-08-16,0.003536
2019-08-17,0.003472
2019-08-18,0.003506
2019-08-19,0.003685
2019-08-20,0.003637
2019-08-21,0.003402
2019-08-22,0.003402
2019-08-23,0.003493
2019-08-24,0.003396
2019-08-25,0.003372
2019-08-26,0.003452
2019-08-27,0.003379
2019-08-28,0.003225
2019-08-29,0.003138
2019-08-30,0.003163
2019-08-31,0.003165
2019-09-01,0.00321
2019-09-02,0.003404
2019-09-03,0.003475
2019-09-04,0.003453
2019-09-05,0.003446
2019-09-06,0.003357
2019-09-07,0.003402
2019-09-08,0.003365
2019-09-09,0.003334
2019-09-10,0.003247
2019-09-11,0.003257
2019-09-12,0.003333
2019-09-13,0.003306
2019-09-14,0.003304
2019-09-15,0.003278
2019-09-16,0.003255
2019-09-17,0.003228
2019-09-18,0.00321
2019-09-19,0.003236
2019-09-20,0.003197
2019-09-21,0.003132
2019-09-22,0.003144
2019-09-23,0.003027
2019-09-24,0.002685
2019-09-25,0.002621
2019-09-26,0.002514
2019-09-27,0.00254
2019-09-28,0.00254
2019-09-29,0.002494
2019-09-30,0.002557
2019-10-01,0.002563
2019-10-02,0.002574
2019-10-03,0.002537
2019-10-04,0.002505
2019-10-05,0.002493
2019-10-06,0.002402
2019-10-07,0.002511
2019-10-08,0.002496
2019-10-09,0.002615
2019-10-10,0.002604
2019-10-11,0.002512
2019-10-12,0.002518
2019-10-13,0.002504
2019-10-14,0.002516
2019-10-15,0.002455
2019-10-16,0.002404
2019-10-17,0.002421
2019-10-18,0.002383
2019-10-19,0.002376
2019-10-20,0.002451
2019-10-21,0.002446
2019-10-22,0.002387
2019-10-23,0.002214
2019-10-24,0.00221
2019-10-25,0.002561
2019-10-26,0.002731
2019-10-27,0.002816
2019-10-28,0.00274
2019-10-29,0.002768
2019-10-30,0.00269
2019-10-31,0.002676
2019-11-01,0.002699
2019-11-02,0.002708
2019-11-03,0.002677
2019-11-04,0.002732
2019-11-05,0.002702
2019-11-06,0.002704
2019-11-07,0.002658
2019-11-08,0.002533
2019-11-09,0.002534
2019-11-10,0.002596
2019-11-11,0.002498
2019-11-12,0.002515
2019-11-13,0.002505
2019-11-14,0.002466
2019-11-15,0.002411
2019-11-16,0.002411
2019-11-17,0.002414
2019-11-18,0.00232
2019-11-19,0.002297
2019-11-20,0.002282
2019-11-21,0.002148
2019-11-22,0.002051
2019-11-23,0.002062
2019-11-24,0.001953
2019-11-25,0.002005
2019-11-26,0.002011
2019-11-27,0.00211
2019-11-28,0.002082
2019-11-29,0.002166
2019-11-30,0.00211
2019-12-01,0.002069
2019-12-02,0.002038
2019-12-03,0.002032
2019-12-04,0.002005
2019-12-05,0.002055
2019-12-06,0.002088
2019-12-07,0.002079
2019-12-08,0.002081
2019-12-09,0.002026
2019-12-10,0.001994
2019-12-11,0.001983
2019-12-12,0.001978
2019-12-13,0.00199
2019-12-14,0.00194
2019-12-15,0.001948
2019-12-16,0.001883
2019-12-17,0.001806
2019-12-18,0.001989
2019-12-19,0.001948
2019-12-20,0.001956
2019-12-21,0.001942
2019-12-22,0.002032
2019-12-23,0.001986
2019-12-24,0.00196
2019-12-25,0.001945
2019-12-26,0.001944
2019-12-27,0.001953
2019-12-28,0.001969
2019-12-29,0.001989
2019-12-30,0.001943
2019-12-31,0.001923
2020-01-01,0.001922
2020-01-02,0.001859
2020-01-03,0.001955
2020-01-04,0.00196
2020-01-05,0.001958
2020-01-06,0.002067
2020-01-07,0.002162
2020-01-08,0.002138
2020-01-09,0.002071
2020-01-10,0.00215
2020-01-11,0.002121
2020-01-12,0.002153
2020-01-13,0.002138
2020-01-14,0.002321
2020-01-15,0.002312
2020-01-16,0.002284
2020-01-17,0.002331
2020-01-18,0.002331
2020-01-19,0.002264
2020-01-20,0.002247
2020-01-21,0.002268
2020-01-22,0.002243
2020-01-23,0.002166
2020-01-24,0.002178
2020-01-25,0.002154
2020-01-26,0.002209
2020-01-27,0.00229
2020-01-28,0.002388
2020-01-29,0.002387
2020-01-30,0.002433
2020-01-31,0.00239
2020-02-01,0.002393
2020-02-02,0.002378
2020-02-03,0.002359
2020-02-04,0.002325
2020-02-05,0.002439
2020-02-06,0.002463
2020-02-07,0.002474
2020-02-08,0.002498
2020-02-09,0.002554
2020-02-10,0.00248
2020-02-11,0.002577
2020-02-12,0.002595
2020-02-13,0.00256
2020-02-14,0.002587
2020-02-15,0.002471
2020-02-16,0.002477
2020-02-17,0.002407
2020-02-18,0.00253
2020-02-19,0.002388
2020-02-20,0.002379
2020-02-21,0.002398
2020-02-22,0.002388
2020-02-23,0.002458
2020-02-24,0.002374
2020-02-25,0.002297
2020-02-26,0.00216
2020-02-27,0.002153
2020-02-28,0.002143
2020-02-29,0.0021
2020-03-01,0.002087
2020-03-02,0.002174
2020-03-03,0.002138
2020-03-04,0.002132
2020-03-05,0.002204
2020-03-06,0.002222
2020-03-07,0.002159
2020-03-08,0.001965
2020-03-09,0.001912
2020-03-10,0.001913
2020-03-11,0.001918
2020-03-12,0.001198
2020-03-13,0.001359
2020-03-14,0.001242
2020-03-15,0.001293
2020-03-16,0.001209
2020-03-17,0.001306
2020-03-18,0.0013
2020-03-19,0.001494
2020-03-20,0.001486
2020-03-21,0.001486
2020-03-22,0.001402
2020-03-23,0.001558
2020-03-24,0.001626
2020-03-25,0.001605
2020-03-26,0.001619
2020-03-27,0.001554
2020-03-28,0.001491
2020-03-29,0.001412
2020-03-30,0.001538
2020-03-31,0.001535
2020-04-01,0.001584
2020-04-02,0.001618
2020-04-03,0.001607
2020-04-04,0.001631
2020-04-05,0.001613
2020-04-06,0.001731
2020-04-07,0.001703
2020-04-08,0.001745
2020-04-09,0.001726
2020-04-10,0.00162
2020-04-11,0.001624
2020-04-12,0.001644
2020-04-13,0.001616
2020-04-14,0.001617
2020-04-15,0.001556
2020-04-16,0.001672
2020-04-17,0.001659
2020-04-18,0.001699
2020-04-19,0.001671
2020-04-20,0.0016
2020-04-21,0.001602
2020-04-22,0.001659
2020-04-23,0.001742
2020-04-24,0.001744
2020-04-25,0.001749
2020-04-26,0.00178
2020-04-27,0.0018
2020-04-28,0.001795
2020-04-29,0.002021
2020-04-30,0.001993
2020-05-01,0.002037
2020-05-02,0.002061
2020-05-03,0.00204
2020-05-04,0.002033
2020-05-05,0.002054
2020-05-06,0.002114
2020-05-07,0.002276
2020-05-08,0.002242
2020-05-09,0.002174
2020-05-10,0.001976
2020-05-11,0.001945
2020-05-12,0.001993
2020-05-13,0.002104
2020-05-14,0.002208
2020-05-15,0.002098
2020-05-16,0.002111
2020-05-17,0.002172
2020-05-18,0.002178
2020-05-19,0.002181
2020-05-20,0.002125
2020-05-21,0.002022
2020-05-22,0.00204
2020-05-23,0.002042
2020-05-24,0.001955
2020-05-25,0.001976
2020-05-26,0.001957
2020-05-27,0.002028
2020-05-28,0.002113
2020-05-29,0.00208
2020-05-30,0.002134
2020-05-31,0.002074
2020-06-01,0.002239
2020-06-02,0.002085
2020-06-03,0.00211
2020-06-04,0.002145
2020-06-05,0.002104
2020-06-06,0.002107
2020-06-07,0.002121
2020-06-08,0.002123
2020-06-09,0.002122
2020-06-10,0.002143
2020-06-11,0.002008
2020-06-12,0.002043
2020-06-13,0.002042
2020-06-14,0.002013
2020-06-15,0.002032
2020-06-16,0.002046
2020-06-17,0.002028
2020-06-18,0.002012
2020-06-19,0.001987
2020-06-20,0.002
2020-06-21,0.001981
2020-06-22,0.002064
2020-06-23,0.002045
2020-06-24,0.001975
2020-06-25,0.001963
2020-06-26,0.001942
2020-06-27,0.001906
2020-06-28,0.001926
2020-06-29,0.00194
2020-06-30,0.001929
2020-07-01,0.001947
2020-07-02,0.001913
2020-07-03,0.001905
2020-07-04,0.001915
2020-07-05,0.001903
2020-07-06,0.001955
2020-07-07,0.001934
2020-07-08,0.001969
2020-07-09,0.001924
2020-07-10,0.001933
2020-07-11,0.00192
2020-07-12,0.001929
2020-07-13,0.001915
2020-07-14,0.001918
2020-07-15,0.001902
2020-07-16,0.001886
2020-07-17,0.001889
2020-07-18,0.00189
2020-07-19,0.001896
2020-07-20,0.001883
2020-07-21,0.001926
2020-07-22,0.001953
2020-07-23,0.001966
2020-07-24,0.001951
2020-07-25,0.00198
2020-07-26,0.002024
2020-07-27,0.002247
2020-07-28,0.002222
2020-07-29,0.002253
2020-07-30,0.002254
2020-07-31,0.002291
2020-08-01,0.00238
2020-08-02,0.002234
2020-08-03,0.002259
2020-08-04,0.002249
2020-08-05,0.00235
2020-08-06,0.002356
2020-08-07,0.002319
2020-08-08,0.002344
2020-08-09,0.002329
2020-08-10,0.002363
2020-08-11,0.002265
2020-08-12,0.002299
2020-08-13,0.002335
2020-08-14,0.002332
2020-08-15,0.002347
2020-08-16,0.002351
2020-08-17,0.00243
2020-08-18,0.002363
2020-08-19,0.00231
2020-08-20,0.002332
2020-08-21,0.002262
2020-08-22,0.00229
2020-08-23,0.002284
2020-08-24,0.002302
2020-08-25,0.002219
2020-08-26,0.002239
2020-08-27,0.002205
2020-08-28,0.002244
2020-08-29,0.002234
2020-08-30,0.002272
2020-08-31,0.002265
2020-09-01,0.002319
2020-09-02,0.002209
2020-09-03,0.001984
2020-09-04,0.002023
2020-09-05,0.001954
2020-09-06,0.001976
2020-09-07,0.001996
2020-09-08,0.001944
2020-09-09,0.001964
2020-09-10,0.001983
2020-09-11,0.001991
2020-09-12,0.001999
2020-09-13,0.001974
2020-09-14,0.002037
2020-09-15,0.002057
2020-09-16,0.00209
2020-09-17,0.002082
2020-09-18,0.002076
2020-09-19,0.002103
2020-09-20,0.002071
2020-09-21,0.001981
2020-09-22,0.001991
2020-09-23,0.001934
2020-09-24,0.002028
2020-09-25,0.002015
2020-09-26,0.002024
2020-09-27,0.002024
2020-09-28,0.002016
2020-09-29,0.002035
2020-09-30,0.00202
2020-10-01,0.001987
2020-10-02,0.001978
2020-10-03,0.001973
2020-10-04,0.001991
2020-10-05,0.002008
2020-10-06,0.001973
2020-10-07,0.001984
2020-10-08,0.002025
2020-10-09,0.002055
2020-10-10,0.002094
2020-10-11,0.002105
2020-10-12,0.002134
2020-10-13,0.002111
2020-10-14,0.002105
2020-10-15,0.002118
2020-10-16,0.002086
2020-10-17,0.002088
2020-10-18,0.002108
2020-10-19,0.002152
2020-10-20,0.002182
2020-10-21,0.002347
2020-10-22,0.002371
2020-10-23,0.002359
2020-10-24,0.002385
2020-10-25,0.002369
2020-10-26,0.002372
2020-10-27,0.002477
2020-10-28,0.002404
2020-10-29,0.002434
2020-10-30,0.002453
2020-10-31,0.002486
2020-11-01,0.00247
2020-11-02,0.002442
2020-11-03,0.00251
2020-11-04,0.00253
2020-11-05,0.002791
2020-11-06,0.002789
2020-11-07,0.002651
2020-11-08,0.00276
2020-11-09,0.002725
2020-11-10,0.002722
2020-11-11,0.002792
2020-11-12,0.002888
2020-11-13,0.002892
2020-11-14,0.002849
2020-11-15,0.002826
2020-11-16,0.002956
2020-11-17,0.003118
2020-11-18,0.003136
2020-11-19,0.003134
2020-11-20,0.003279
2020-11-21,0.003282
2020-11-22,0.003238
2020-11-23,0.003215
2020-11-24,0.003347
2020-11-25,0.003273
2020-11-26,0.002985
2020-11-27,0.002982
2020-11-28,0.003092
2020-11-29,0.003167
2020-11-30,0.00342
2020-12-01,0.003271
2020-12-02,0.003337
2020-12-03,0.003379
2020-12-04,0.003249
2020-12-05,0.003313
2020-12-06,0.003352
2020-12-07,0.00332
2020-12-08,0.003172
2020-12-09,0.003211
2020-12-10,0.003162
2020-12-11,0.003121
2020-12-12,0.003249
2020-12-13,0.003307
2020-12-14,0.003328
2020-12-15,0.003352
2020-12-16,0.003684
2020-12-17,0.003925
2020-12-18,0.003967
2020-12-19,0.004103
2020-12-20,0.004044
2020-12-21,0.00394
2020-12-22,0.004078
2020-12-23,0.003999
2020-12-24,0.004066
2020-12-25,0.004228
2020-12-26,0.004533
2020-12-27,0.004521
2020-12-28,0.00462
2020-12-29,0.004648
2020-12-30,0.004917
2020-12-31,0.004941
2021-01-01,0.004996
2021-01-02,0.005437
2021-01-03,0.005644
2021-01-04,0.005392
2021-01-05,0.005764
2021-01-06,0.006204
2021-01-07,0.006633
2021-01-08,0.006889
2021-01-09,0.006815
2021-01-10,0.006468
2021-01-11,0.005953
2021-01-12,0.005692
2021-01-13,0.006297
2021-01-14,0.006589
2021-01-15,0.006195
2021-01-16,0.006106
2021-01-17,0.006088
2021-01-18,0.006176
2021-01-19,0.006118
2021-01-20,0.005995
2021-01-21,0.00524
2021-01-22,0.005572
2021-01-23,0.005413
2021-01-24,0.005444
2021-01-25,0.00548
2021-01-26,0.005516
2021-01-27,0.005132
2021-01-28,0.005662
2021-01-29,0.00577
2021-01-30,0.005798
2021-01-31,0.005596
2021-02-01,0.005662
2021-02-02,0.005995
2021-02-03,0.006317
2021-02-04,0.006231
2021-02-05,0.006373
2021-02-06,0.006575
2021-02-07,0.006503
2021-02-08,0.007664
2021-02-09,0.007708
2021-02-10,0.00744
2021-02-11,0.007876
2021-02-12,0.007787
2021-02-13,0.007705
2021-02-14,0.007936
2021-02-15,0.00779
2021-02-16,0.007928
2021-02-17,0.008392
2021-02-18,0.008269
2021-02-19,0.008903
2021-02-20,0.008879
2021-02-21,0.009106
2021-02-22,0.008519
2021-02-23,0.007655
2021-02-24,0.007802
2021-02-25,0.007479
2021-02-26,0.007262
2021-02-27,0.007193
2021-02-28,0.007113
2021-03-01,0.007772
2021-03-02,0.007555
2021-03-03,0.007916
2021-03-04,0.007561
2021-03-05,0.007605
2021-03-06,0.007623
2021-03-07,0.007942
2021-03-08,0.008087
2021-03-09,0.008482
2021-03-10,0.008675
2021-03-11,0.008919
2021-03-12,0.008819
2021-03-13,0.0094
2021-03-14,0.009165
2021-03-15,0.00857
2021-03-16,0.008611
2021-03-17,0.008924
2021-03-18,0.008761
2021-03-19,0.008808
2021-03-20,0.0088
2021-03-21,0.00866
2021-03-22,0.008192
2021-03-23,0.008192
2021-03-24,0.007878
2021-03-25,0.007705
2021-03-26,0.008168
2021-03-27,0.00832
2021-03-28,0.008246
2021-03-29,0.008491
2021-03-30,0.008623
2021-03-31,0.008608
2021-04-01,0.008582
2021-04-02,0.008584
2021-04-03,0.008305
2021-04-04,0.008409
2021-04-05,0.00846
2021-04-06,0.008337
2021-04-07,0.008051
2021-04-08,0.008266
2021-04-09,0.008251
2021-04-10,0.008447
2021-04-11,0.008456
2021-04-12,0.008422
2021-04-13,0.008884
2021-04-14,0.008771
2021-04-15,0.008788
2021-04-16,0.008525
2021-04-17,0.008317
2021-04-18,0.007759
2021-04-19,0.007655
2021-04-20,0.007727
2021-04-21,0.007372
2021-04-22,0.007063
2021-04-23,0.006922
2021-04-24,0.006816
2021-04-25,0.006624
2021-04-26,0.007283
2021-04-27,0.007411
2021-04-28,0.007361
2021-04-29,0.007184
2021-04-30,0.007726
2021-05-01,0.007721
2021-05-02,0.007528
2021-05-03,0.007597
2021-05-04,0.007114
2021-05-05,0.007572
2021-05-06,0.007444
2021-05-07,0.007531
2021-05-08,0.007692
2021-05-09,0.007612
2021-05-10,0.007282
2021-05-11,0.007355
2021-05-12,0.006609
2021-05-13,0.006391
2021-05-14,0.00646
2021-05-15,0.006069
2021-05-16,0.005927
2021-05-17,0.005594
2021-05-18,0.005497
2021-05-19,0.004833
2021-05-20,0.005234
2021-05-21,0.004767
2021-05-22,0.004824
2021-05-23,0.004455
2021-05-24,0.004944
2021-05-25,0.004894
2021-05-26,0.005007
2021-05-27,0.004915
2021-05-28,0.00454
2021-05-29,0.00442
2021-05-30,0.00454
2021-05-31,0.004746
2021-06-01,0.00466
2021-06-02,0.004779
2021-06-03,0.004965
2021-06-04,0.004672
2021-06-05,0.00448
2021-06-06,0.004513
2021-06-07,0.004256
2021-06-08,0.004219
2021-06-09,0.004701
2021-06-10,0.004624
2021-06-11,0.004659
2021-06-12,0.004461
2021-06-13,0.004857
2021-06-14,0.005036
2021-06-15,0.004997
2021-06-16,0.004737
2021-06-17,0.004694
2021-06-18,0.004398
2021-06-19,0.004368
2021-06-20,0.004361
2021-06-21,0.003876
2021-06-22,0.00395
2021-06-23,0.004088
2021-06-24,0.004205
2021-06-25,0.003835
2021-06-26,0.003851
2021-06-27,0.004156
2021-06-28,0.00413
2021-06-29,0.004305
2021-06-30,0.004189
2021-07-01,0.003991
2021-07-02,0.004013
2021-07-03,0.004097
2021-07-04,0.004175
2021-07-05,0.003994
2021-07-06,0.004007
2021-07-07,0.003974
2021-07-08,0.003833
2021-07-09,0.00395
2021-07-10,0.003903
2021-07-11,0.003967
2021-07-12,0.003826
2021-07-13,0.003759
2021-07-14,0.003767
2021-07-15,0.003632
2021-07-16,0.003594
2021-07-17,0.003595
2021-07-18,0.003604
2021-07-19,0.003502
2021-07-20,0.003367
2021-07-21,0.003624
2021-07-22,0.003636
2021-07-23,0.003753
2021-07-24,0.003824
2021-07-25,0.00392
2021-07-26,0.004166
2021-07-27,0.004339
2021-07-28,0.004414
2021-07-29,0.004415
2021-07-30,0.004587
2021-07-31,0.004571
2021-08-01,0.004357
2021-08-02,0.004271
2021-08-03,0.004148
2021-08-04,0.004295
2021-08-05,0.004406
2021-08-06,0.004588
2021-08-07,0.004752
2021-08-08,0.00468
2021-08-09,0.004905
2021-08-10,0.004805
2021-08-11,0.004806
2021-08-12,0.004656
2021-08-13,0.004984
2021-08-14,0.004903
2021-08-15,0.004879
2021-08-16,0.004749
2021-08-17,0.004601
2021-08-18,0.00461
2021-08-19,0.004767
2021-08-20,0.005012
2021-08-21,0.004976
2021-08-22,0.004987
2021-08-23,0.004991
2021-08-24,0.004807
2021-08-25,0.004897
2021-08-26,0.004699
2021-08-27,0.004867
2021-08-28,0.004829
2021-08-29,0.004821
2021-08-30,0.004626
2021-08-31,0.004619
2021-09-01,0.004746
2021-09-02,0.004796
2021-09-03,0.004826
2021-09-04,0.004815
2021-09-05,0.004973
2021-09-06,0.00504
2021-09-07,0.004472
2021-09-08,0.004395
2021-09-09,0.004406
2021-09-10,0.004234
2021-09-11,0.004253
2021-09-12,0.004342
2021-09-13,0.004218
2021-09-14,0.004395
2021-09-15,0.004488
2021-09-16,0.00444
2021-09-17,0.004373
2021-09-18,0.004451
2021-09-19,0.004347
2021-09-20,0.003935
2021-09-21,0.003712
2021-09-22,0.003981
2021-09-23,0.004087
2021-09-24,0.00389
2021-09-25,0.003873
2021-09-26,0.003899
2021-09-27,0.003832
2021-09-28,0.003708
2021-09-29,0.003719
2021-09-30,0.003918
2021-10-01,0.004289
2021-10-02,0.004251
2021-10-03,0.004274
2021-10-04,0.004357
2021-10-05,0.004542
2021-10-06,0.004865
2021-10-07,0.004706
2021-10-08,0.004702
2021-10-09,0.004779
2021-10-10,0.004735
2021-10-11,0.004941
2021-10-12,0.004831
2021-10-13,0.004913
2021-10-14,0.004899
2021-10-15,0.005226
2021-10-16,0.005164
2021-10-17,0.005189
2021-10-18,0.005214
2021-10-19,0.005388
2021-10-20,0.005515
2021-10-21,0.00519
2021-10-22,0.005039
2021-10-23,0.005065
2021-10-24,0.005017
2021-10-25,0.005179
2021-10-26,0.004948
2021-10-27,0.004784
2021-10-28,0.004933
2021-10-29,0.005053
2021-10-30,0.004999
2021-10-31,0.00496
2021-11-01,0.00492
2021-11-02,0.005063
2021-11-03,0.005044
2021-11-04,0.004908
2021-11-05,0.004865
2021-11-06,0.00489
2021-11-07,0.005004
2021-11-08,0.005346
2021-11-09,0.005299
2021-11-10,0.005105
2021-11-11,0.005111
2021-11-12,0.005033
2021-11-13,0.00505
2021-11-14,0.005091
2021-11-15,0.004983
2021-11-16,0.004708
2021-11-17,0.00469
2021-11-18,0.004423
2021-11-19,0.004511
2021-11-20,0.004638
2021-11-21,0.004573
2021-11-22,0.00436
2021-11-23,0.004448
2021-11-24,0.0044
2021-11-25,0.004534
2021-11-26,0.004127
2021-11-27,0.004184
2021-11-28,0.004376
2021-11-29,0.004418
2021-11-30,0.004347
2021-12-01,0.004345
2021-12-02,0.004291
2021-12-03,0.004062
2021-12-04,0.003715
2021-12-05,0.003722
2021-12-06,0.003807
2021-12-07,0.003803
2021-12-08,0.003792
2021-12-09,0.003594
2021-12-10,0.003551
2021-12-11,0.003685
2021-12-12,0.003739
2021-12-13,0.003483
2021-12-14,0.003589
2021-12-15,0.003622
2021-12-16,0.003529
2021-12-17,0.003424
2021-12-18,0.00346
2021-12-19,0.003452
2021-12-20,0.003452
2021-12-21,0.003601
2021-12-22,0.003566
2021-12-23,0.003706
2021-12-24,0.003703
2021-12-25,0.003681
2021-12-26,0.003688
2021-12-27,0.00368
2021-12-28,0.003447
2021-12-29,0.003354
2021-12-30,0.003393
2021-12-31,0.003333
2022-01-01,0.003412
2022-01-02,0.003391
2022-01-03,0.003319
2022-01-04,0.003274
2022-01-05,0.003099
2022-01-06,0.003066
2022-01-07,0.002945
2022-01-08,0.00296
2022-01-09,0.002961
2022-01-10,0.002951
2022-01-11,0.003013
2022-01-12,0.003091
2022-01-13,0.002992
2022-01-14,0.003019
2022-01-15,0.003021
2022-01-16,0.003013
2022-01-17,0.00294
2022-01-18,0.00295
2022-01-19,0.0029
2022-01-20,0.002824
2022-01-21,0.002525
2022-01-22,0.002418
2022-01-23,0.002503
2022-01-24,0.002526
2022-01-25,0.002542
2022-01-26,0.00253
2022-01-27,0.00254
2022-01-28,0.002588
2022-01-29,0.002606
2022-01-30,0.002595
2022-01-31,0.002623
2022-02-01,0.002641
2022-02-02,0.002512
2022-02-03,0.002516
2022-02-04,0.002784
2022-02-05,0.002808
2022-02-06,0.002859
2022-02-07,0.002956
2022-02-08,0.002969
2022-02-09,0.002979
2022-02-10,0.00292
2022-02-11,0.002831
2022-02-12,0.002813
2022-02-13,0.00281
2022-02-14,0.002834
2022-02-15,0.002953
2022-02-16,0.002917
2022-02-17,0.002684
2022-02-18,0.002642
2022-02-19,0.002641
2022-02-20,0.002535
2022-02-21,0.002435
2022-02-22,0.002504
2022-02-23,0.002441
2022-02-24,0.0025
2022-02-25,0.002563
2022-02-26,0.002541
2022-02-27,0.002447
2022-02-28,0.002799
2022-03-01,0.002868
2022-03-02,0.00284
2022-03-03,0.002738
2022-03-04,0.002516
2022-03-05,0.00253
2022-03-06,0.002463
2022-03-07,0.002443
2022-03-08,0.002476
2022-03-09,0.002681
2022-03-10,0.002517
2022-03-11,0.002471
2022-03-12,0.002476
2022-03-13,0.0024
2022-03-14,0.002512
2022-03-15,0.00249
2022-03-16,0.002596
2022-03-17,0.002584
2022-03-18,0.002634
2022-03-19,0.002652
2022-03-20,0.002592
2022-03-21,0.002573
2022-03-22,0.002651
2022-03-23,0.002668
2022-03-24,0.00274
2022-03-25,0.002758
2022-03-26,0.002764
2022-03-27,0.002898
2022-03-28,0.00292
2022-03-29,0.002929
2022-03-30,0.002902
2022-03-31,0.0028
2022-04-01,0.002836
2022-04-02,0.002812
2022-04-03,0.002837
2022-04-04,0.002844
2022-04-05,0.00278
2022-04-06,0.00263
2022-04-07,0.002641
2022-04-08,0.002555
2022-04-09,0.002578
2022-04-10,0.002548
2022-04-11,0.00238
2022-04-12,0.002409
2022-04-13,0.002469
2022-04-14,0.002391
2022-04-15,0.002423
2022-04-16,0.002414
2022-04-17,0.002366
2022-04-18,0.002429
2022-04-19,0.002464
2022-04-20,0.002455
2022-04-21,0.002395
2022-04-22,0.002349
2022-04-23,0.002336
2022-04-24,0.002328
2022-04-25,0.002381
2022-04-26,0.002237
2022-04-27,0.002301
2022-04-28,0.002328
2022-04-29,0.002258
2022-04-30,0.002202
2022-05-01,0.002242
2022-05-02,0.002245
2022-05-03,0.002192
2022-05-04,0.002301
2022-05-05,0.002116
2022-05-06,0.002087
2022-05-07,0.002053
2022-05-08,0.001967
2022-05-09,0.001757
2022-05-10,0.001786
2022-05-11,0.001659
2022-05-12,0.001671
2022-05-13,0.001684
2022-05-14,0.001727
2022-05-15,0.00179
2022-05-16,0.001714
2022-05-17,0.001744
2022-05-18,0.001648
2022-05-19,0.001731
2022-05-20,0.001671
2022-05-21,0.001681
2022-05-22,0.001731
2022-05-23,0.001659
2022-05-24,0.001689
2022-05-25,0.001684
2022-05-26,0.001669
2022-05-27,0.001627
2022-05-28,0.00165
2022-05-29,0.00167
2022-05-30,0.001799
2022-05-31,0.001803
2022-06-01,0.001688
2022-06-02,0.001725
2022-06-03,0.001676
2022-06-04,0.001682
2022-06-05,0.001687
2022-06-06,0.001765
2022-06-07,0.001754
2022-06-08,0.001699
2022-06-09,0.001689
2022-06-10,0.001631
2022-06-11,0.00159
2022-06-12,0.001503
2022-06-13,0.001249
2022-06-14,0.001235
2022-06-15,0.001259
2022-06-16,0.001135
2022-06-17,0.001143
2022-06-18,0.001062
2022-06-19,0.001144
2022-06-20,0.001148
2022-06-21,0.001154
2022-06-22,0.001115
2022-06-23,0.001175
2022-06-24,0.001186
2022-06-25,0.001195
2022-06-26,0.001172
2022-06-27,0.001154
2022-06-28,0.001126
2022-06-29,0.001116
2022-06-30,0.001074
2022-07-01,0.001074
2022-07-02,0.001067
2022-07-03,0.001069
2022-07-04,0.001121
2022-07-05,0.001119
2022-07-06,0.001139
2022-07-07,0.001198
2022-07-08,0.001207
2022-07-09,0.001193
2022-07-10,0.001151
2022-07-11,0.001103
2022-07-12,0.001067
2022-07-13,0.001111
2022-07-14,0.001133
2022-07-15,0.001147
2022-07-16,0.001166
2022-07-17,0.001145
2022-07-19,0.001283
2022-07-20,0.001277
2022-07-21,0.001269
2022-07-22,0.001243
2022-07-23,0.00123
2022-07-24,0.001238
2022-07-25,0.001175
2022-07-26,0.001156
2022-07-27,0.001249
2022-07-28,0.001299
2022-07-29,0.001304
2022-07-30,0.001285
2022-07-31,0.001269
2022-08-01,0.001267
2022-08-02,0.001249
2022-08-03,0.001236
2022-08-04,0.001225
2022-08-05,0.001257
2022-08-06,0.001243
2022-08-07,0.00125
2022-08-08,0.001284
2022-08-09,0.001249
2022-08-10,0.001288
2022-08-11,0.001287
2022-08-12,0.001311
2022-08-13,0.001311
2022-08-14,0.001304
2022-08-15,0.00129
2022-08-16,0.001277
2022-08-17,0.001248
2022-08-18,0.00124
2022-08-19,0.001116
2022-08-20,0.001128
2022-08-21,0.001148
2022-08-22,0.001134
2022-08-23,0.001145
2022-08-24,0.001139
2022-08-25,0.001146
2022-08-26,0.001074
2022-08-27,0.001063
2022-08-28,0.001042
2022-08-29,0.001073
2022-08-30,0.001049
2022-08-31,0.001058
2022-09-01,0.001062
2022-09-02,0.001053
2022-09-03,0.001044
2022-09-04,0.001052
2022-09-05,0.001042
2022-09-06,0.000992
2022-09-07,0.001014
2022-09-08,0.001015
2022-09-09,0.001122
2022-09-10,0.001139
2022-09-11,0.001139
2022-09-12,0.001171
2022-09-13,0.001055
2022-09-14,0.001059
2022-09-15,0.001029
2022-09-16,0.001031
2022-09-17,0.00105
2022-09-18,0.001013
2022-09-19,0.001019
2022-09-20,0.000982
2022-09-21,0.000963
2022-09-22,0.001009
2022-09-23,0.001004
2022-09-24,0.000982
2022-09-25,0.000975
2022-09-26,0.000995
2022-09-27,0.00099
2022-09-28,0.001007
2022-09-29,0.001011
2022-09-30,0.001005
2022-10-01,0.000997
2022-10-02,0.000981
2022-10-03,0.001013
2022-10-04,0.001048
2022-10-05,0.001038
2022-10-06,0.001026
2022-10-07,0.001005
2022-10-08,0.000998
2022-10-09,0.000997
2022-10-10,0.000983
2022-10-11,0.000976
2022-10-12,0.000981
2022-10-13,0.000992
2022-10-14,0.000981
2022-10-15,0.000975
2022-10-16,0.000984
2022-10-17,0.000998
2022-10-18,0.000986
2022-10-19,0.000975
2022-10-20,0.000969
2022-10-21,0.000976
2022-10-22,0.000977
2022-10-23,0.000994
2022-10-24,0.000982
2022-10-25,0.00102
2022-10-26,0.001054
2022-10-27,0.001027
2022-10-28,0.001043
2022-10-29,0.001052
2022-10-30,0.001042
2022-10-31,0.001035
2022-11-01,0.001034
2022-11-02,0.001016
2022-11-03,0.001018
2022-11-04,0.001065
2022-11-05,0.001071
2022-11-06,0.001053
2022-11-07,0.001034
2022-11-08,0.00093
2022-11-09,0.000791
2022-11-10,0.00088
2022-11-11,0.000849
2022-11-12,0.000841
2022-11-13,0.000818
2022-11-14,0.000833
2022-11-15,0.000844
2022-11-16,0.000834
2022-11-17,0.000835
2022-11-18,0.000834
2022-11-19,0.000836
2022-11-20,0.000813
2022-11-21,0.00079
2022-11-22,0.000809
2022-11-23,0.000829
2022-11-24,0.000829
2022-11-25,0.000826
2022-11-26,0.000822
2022-11-27,0.000821
2022-11-28,0.00081
2022-11-29,0.000821
2022-11-30,0.000858
2022-12-01,0.000847
2022-12-02,0.000852
2022-12-03,0.000843
2022-12-04,0.000854
2022-12-05,0.000846
2022-12-06,0.000851
2022-12-07,0.00084
2022-12-08,0.000858
2022-12-09,0.000853
2022-12-10,0.000852
2022-12-11,0.00085
2022-12-12,0.000855
2022-12-13,0.000883
2022-12-14,0.000885
2022-12-15,0.000861
2022-12-16,0.000824
2022-12-17,0.000832
2022-12-18,0.000832
2022-12-19,0.000814
2022-12-20,0.000837
2022-12-21,0.000832
2022-12-22,0.000832
2022-12-23,0.00083
2022-12-24,0.000832
2022-12-25,0.000831
2022-12-26,0.000833
2022-12-27,0.000824
2022-12-28,0.000815
2022-12-29,0.00082
2022-12-30,0.000817
2022-12-31,0.000813
2023-01-01,0.000817
2023-01-02,0.000821
2023-01-03,0.000819
2023-01-04,0.000828
2023-01-05,0.000826
2023-01-06,0.000832
2023-01-07,0.000831
2023-01-08,0.000836
2023-01-09,0.000842
2023-01-10,0.000854
2023-01-11,0.000873
2023-01-12,0.000923
2023-01-13,0.000971
2023-01-14,0.001026
2023-01-15,0.001019
2023-01-16,0.001033
2023-01-17,0.001032
2023-01-18,0.001009
2023-01-19,0.001026
2023-01-20,0.001102
2023-01-21,0.001108
2023-01-22,0.001103
2023-01-23,0.001113
2023-01-24,0.001097
2023-01-25,0.00112
2023-01-26,0.001114
2023-01-27,0.001116
2023-01-28,0.001113
2023-01-29,0.001149
2023-01-30,0.001101
2023-01-31,0.001116
2023-02-01,0.001144
2023-02-02,0.001132
2023-02-03,0.001128
2023-02-04,0.001123
2023-02-05,0.001103
2023-02-06,0.001092
2023-02-07,0.001116
2023-02-08,0.0011
2023-02-09,0.001045
2023-02-10,0.001035
2023-02-11,0.001046
2023-02-12,0.001041
2023-02-13,0.001041
2023-02-14,0.001061
2023-02-15,0.001159
2023-02-16,0.001132
2023-02-17,0.001172
2023-02-18,0.001172
2023-02-19,0.001158
2023-02-20,0.001178
2023-02-21,0.001158
2023-02-22,0.001146
2023-02-23,0.001133
2023-02-24,0.001097
2023-02-25,0.001095
2023-02-26,0.001112
2023-02-27,0.00111
2023-02-28,0.001092
2023-03-01,0.001113
2023-03-02,0.001105
2023-03-03,0.001052
2023-03-04,0.00105
2023-03-05,0.001053
2023-03-06,0.001052
2023-03-07,0.00104
2023-03-08,0.001017
2023-03-09,0.000953
2023-03-10,0.000948
2023-03-17,0.001278
2023-03-18,0.001255
2023-03-19,0.00131
2023-03-20,0.001292
2023-03-21,0.001307
2023-03-22,0.001267
2023-03-23,0.001314
2023-03-24,0.001271
2023-03-25,0.001271
2023-03-27,0.001253
2023-03-28,0.001258
2023-03-29,0.001308
2023-03-30,0.00129
2023-03-31,0.001312
2023-04-01,0.00131
2023-04-02,0.001293
2023-04-03,0.001278
2023-04-04,0.001289
2023-04-05,0.001292
2023-04-06,0.001284
2023-04-07,0.001278
2023-04-08,0.001278
2023-04-09,0.001295
2023-04-10,0.001355
2023-04-11,0.001379
2023-04-12,0.001363
2023-04-13,0.001383
2023-04-14,0.001386
2023-04-15,0.001379
2023-04-16,0.001377
2023-04-17,0.001337
2023-04-18,0.001377
2023-04-19,0.001305
2023-04-20,0.001279
2023-04-21,0.001235
2023-04-22,0.001258
2023-04-23,0.001247
2023-04-24,0.001242
2023-04-25,0.001276
2023-04-26,0.001279
2023-04-27,0.001326
2023-04-28,0.00132
2023-04-29,0.001313
2023-04-30,0.001318
2023-05-01,0.001261
2023-05-02,0.001286
2023-05-03,0.0013
2023-05-04,0.001291
2023-05-05,0.001321
2023-05-06,0.00129
2023-05-07,0.001283
2023-05-08,0.001236
2023-05-09,0.001231
2023-05-10,0.00123
2023-05-11,0.0012
2023-05-12,0.001189
2023-05-13,0.001191
2023-05-14,0.001194
2023-05-15,0.001206
2023-05-16,0.001196
2023-05-17,0.001212
2023-05-18,0.001186
2023-05-19,0.001187
2023-05-20,0.001196
2023-05-21,0.00118
2023-05-22,0.001183
2023-05-23,0.001198
2023-05-24,0.001158
2023-05-25,0.001164
2023-05-26,0.001173
2023-05-27,0.001178
2023-05-28,0.001231
2023-05-29,0.001216
2023-05-30,0.001212
2023-05-31,0.00119
2023-06-01,0.001172
2023-06-02,0.00119
2023-06-03,0.001181
2023-06-04,0.001184
2023-06-05,0.001123
2023-06-06,0.001184
2023-06-07,0.001145
2023-06-08,0.001152
2023-06-09,0.001149
2023-06-10,0.001122
2023-06-11,0.001123
2023-06-12,0.001122
2023-06-13,0.00112
2023-06-14,0.001086
2023-06-15,0.001105
2023-06-16,0.001137
2023-06-17,0.001144
2023-06-18,0.001137
2023-06-19,0.001154
2023-06-20,0.001219
2023-06-21,0.001295
2023-06-22,0.001288
2023-06-23,0.001316
2023-06-24,0.001311
2023-06-25,0.001306
2023-06-26,0.001296
2023-06-27,0.001313
2023-06-28,0.001288
2023-06-29,0.001302
2023-06-30,0.001302
2023-07-01,0.001305
2023-07-02,0.001304
2023-07-03,0.001326
2023-07-04,0.001311
2023-07-05,0.001297
2023-07-06,0.001274
2023-07-07,0.001288
2023-07-08,0.001284
2023-07-09,0.001279
2023-07-10,0.001287
2023-07-11,0.001296
2023-07-12,0.001285
2023-07-13,0.001328
2023-07-14,0.001279
2023-07-15,0.001278
2023-07-16,0.001275
2023-07-17,0.001269
2023-07-18,0.001255
2023-07-19,0.001258
2023-07-20,0.001252
2023-07-21,0.001256
2023-07-22,0.001247
2023-07-23,0.00126
2023-07-26,0.001228
2023-07-27,0.00122
2023-07-28,0.001224
2023-07-29,0.001225
2023-07-30,0.00122
2023-07-31,0.001217
2023-08-01,0.001228
2023-08-02,0.001212
2023-08-03,0.001213
2023-08-04,0.001207
2023-08-05,0.001206
2023-08-06,0.001204
2023-08-07,0.001208
2023-08-08,0.001233
2023-08-09,0.001224
2023-08-10,0.001217
2023-08-11,0.001214
2023-08-12,0.001214
2023-08-13,0.001207
2023-08-14,0.001211
2023-08-15,0.001201
2023-08-16,0.001183
2023-08-17,0.001096
2023-08-18,0.001069
2023-08-19,0.001071
2023-08-20,0.001073
2023-08-21,0.001071
2023-08-22,0.001064
2023-08-23,0.001082
2023-08-24,0.001068
2023-08-25,0.001064
2023-08-26,0.001062
2023-08-27,0.001064
2023-08-28,0.001064
2023-08-29,0.001127
2023-08-30,0.001111
2023-08-31,0.001056
2023-09-01,0.001049
2023-09-02,0.001051
2023-09-03,0.001054
2023-09-04,0.001046
2023-09-05,0.001045
2023-09-06,0.001043
2023-09-07,0.001061
2023-09-08,0.001048
2023-09-09,0.001046
2023-09-10,0.001043
2023-09-11,0.001014
2023-09-12,0.001043
2023-09-13,0.001057
2023-09-14,0.001069
2023-09-15,0.001073
2023-09-16,0.001067
2023-09-17,0.001064
2023-09-18,0.001074
2023-09-19,0.001091
2023-09-20,0.001087
2023-09-21,0.001064
2023-09-22,0.001063
2023-09-23,0.001062
2023-09-24,0.00105
2023-09-25,0.001049
2023-09-26,0.001045
2023-09-27,0.001049
2023-09-28,0.001076
2023-09-29,0.001071
2023-09-30,0.001072
2023-10-01,0.00111
2023-10-02,0.001094
2023-10-03,0.001088
2023-10-04,0.001101
2023-10-05,0.001086
2023-10-06,0.001105
2023-10-07,0.001106
2023-10-08,0.001103
2023-10-09,0.001089
2023-10-10,0.001081
2023-10-11,0.001057
2023-10-12,0.001053
2023-10-13,0.001056
2023-10-14,0.001056
2023-10-15,0.001066
2023-10-16,0.001119
2023-10-17,0.001115
2023-10-18,0.001111
2023-10-19,0.001124
2023-10-20,0.001163
2023-10-21,0.00117
2023-10-22,0.001172
2023-10-23,0.001287
2023-10-24,0.001322
2023-10-25,0.001344
2023-10-26,0.001331
2023-10-27,0.001319
2023-10-28,0.001325
2023-10-29,0.001343
2023-10-30,0.001339
2023-10-31,0.001343
2023-11-01,0.001373
2023-11-02,0.00135
2023-11-03,0.001343
2023-11-04,0.001356
2023-11-05,0.001356
2023-11-06,0.001351
2023-11-07,0.001365
2023-11-08,0.001379
2023-11-09,0.001411
2023-11-10,0.001437
2023-11-11,0.00142
2023-11-12,0.001422
2023-11-13,0.001401
2023-11-14,0.001363
2023-11-15,0.001448
2023-11-16,0.001383
2023-11-17,0.001397
2023-11-18,0.001396
2023-11-19,0.001428
2023-11-20,0.001429
2023-11-21,0.001372
2023-11-22,0.001423
2023-11-23,0.001418
2023-11-24,0.001432
2023-11-25,0.001434
2023-11-26,0.00142
2023-11-27,0.001409
2023-11-28,0.001431
2023-11-29,0.00143
2023-11-30,0.001424
2023-12-01,0.00146
2023-12-02,0.001487
2023-12-03,0.001505
2023-12-04,0.001576
2023-12-05,0.001655
2023-12-06,0.001641
2023-12-07,0.001622
2023-12-08,0.001654
2023-12-09,0.001635
2023-12-10,0.001633
2023-12-11,0.001537
2023-12-12,0.001545
2023-12-13,0.001598
2023-12-14,0.0016
2023-12-15,0.001559
2023-12-16,0.001566
2023-12-17,0.001535
2023-12-18,0.001579
2023-12-19,0.001564
2023-12-20,0.001611
2023-12-21,0.001619
2023-12-22,0.001623
2023-12-23,0.001612
2023-12-24,0.001586
2023-12-25,0.001604
2023-12-26,0.001561
2023-12-27,0.001594
2023-12-28,0.001565
2023-12-29,0.001539
2023-12-30,0.001545
2023-12-31,0.001545
2024-01-01,0.00161
2024-01-02,0.001642
2024-01-03,0.001561
2024-01-04,0.001614
2024-01-05,0.001609
2024-01-06,0.001599
2024-01-07,0.001595
2024-01-08,0.001707
2024-01-09,0.001673
2024-01-10,0.001698
2024-01-11,0.00168
2024-01-12,0.00155
2024-01-13,0.00155
2024-01-14,0.001514
2024-01-15,0.001536
2024-01-16,0.001558
2024-01-17,0.001539
2024-01-18,0.001487
2024-01-19,0.001498
2024-01-20,0.001499
2024-01-21,0.001494
2024-01-22,0.001422
2024-01-23,0.001427
2024-01-24,0.001439
2024-01-25,0.001432
2024-01-26,0.001501
2024-01-27,0.001509
2024-01-28,0.001503
2024-01-29,0.001546
2024-01-30,0.001536
2024-01-31,0.001522
2024-02-01,0.001537
2024-02-02,0.001541
2024-02-03,0.001534
2024-02-04,0.001518
2024-02-05,0.001519
2024-02-06,0.001535
2024-02-07,0.001575
2024-02-08,0.001613
2024-02-09,0.001677
2024-02-10,0.001698
2024-02-11,0.001711
2024-02-12,0.001773
2024-02-13,0.001759
2024-02-14,0.001836
2024-02-15,0.001838
2024-02-16,0.001844
2024-02-17,0.001825
2024-02-18,0.00184
2024-02-19,0.001827
2024-02-20,0.001843
2024-02-21,0.001821
2024-02-22,0.001804
2024-02-23,0.001785
2024-02-24,0.001811
2024-02-25,0.001815
2024-02-26,0.001911
2024-02-27,0.001997
2024-02-28,0.002184
2024-02-29,0.002144
2024-03-01,0.002181
2024-03-02,0.002161
2024-03-03,0.002191
2024-03-04,0.002366
2024-03-05,0.002219
2024-03-06,0.002292
2024-03-07,0.002322
2024-03-08,0.002364
2024-03-09,0.002367
2024-03-10,0.002378
2024-03-11,0.002489
2024-03-12,0.00246
2024-03-13,0.002515
2024-03-14,0.00246
2024-03-15,0.002387
2024-03-16,0.002249
2024-03-17,0.002347
2024-03-18,0.002329
2024-03-19,0.00213
2024-03-20,0.002331
2024-03-21,0.002249
2024-03-22,0.002182
2024-03-23,0.002214
2024-03-24,0.002315
2024-03-25,0.002412
2024-03-26,0.002415
2024-03-27,0.002389
2024-03-28,0.002445
2024-03-29,0.002416
2024-03-30,0.002409
2024-03-31,0.002464
2024-04-01,0.002415
2024-04-02,0.00227
2024-04-03,0.002292
2024-04-04,0.002373
2024-04-05,0.002355
2024-04-06,0.002397
2024-04-07,0.002405
2024-04-08,0.002485
2024-04-09,0.002392
2024-04-10,0.002442
2024-04-11,0.002421
2024-04-12,0.002317
2024-04-13,0.002228
2024-04-14,0.002263
2024-04-15,0.002183
2024-04-16,0.002195
2024-04-17,0.002108
2024-04-18,0.002181
2024-04-19,0.002188
2024-04-20,0.002225
2024-04-21,0.002224
2024-04-22,0.002289
2024-04-23,0.002267
2024-04-24,0.00219
2024-04-25,0.002198
2024-04-26,0.002171
2024-04-27,0.002156
2024-04-28,0.002138
2024-04-29,0.002167
2024-04-30,0.002054
2024-05-01,0.001968
2024-05-02,0.002
2024-05-03,0.002127
2024-05-04,0.002154
2024-05-05,0.002158
2024-05-06,0.002127
2024-05-07,0.002097
2024-05-08,0.00205
2024-05-09,0.002112
2024-05-10,0.002039
2024-05-11,0.002034
2024-05-12,0.002051
2024-05-13,0.002097
2024-05-14,0.00205
2024-05-15,0.002205
2024-05-16,0.002168
2024-05-17,0.002221
2024-05-18,0.002218
2024-05-19,0.002192
2024-05-20,0.002351
2024-05-21,0.002315
2024-05-22,0.002274
2024-05-23,0.002228
2024-05-24,0.002253
2024-05-25,0.002272
2024-05-26,0.002241
2024-05-27,0.002267
2024-05-28,0.002231
2024-05-29,0.002204
2024-05-30,0.002226
2024-05-31,0.002191
2024-06-01,0.002199
2024-06-02,0.002198
2024-06-03,0.002229
2024-06-04,0.002281
2024-06-05,0.002295
2024-06-06,0.002282
2024-06-07,0.002232
2024-06-08,0.002228
2024-06-09,0.002236
2024-06-10,0.002227
2024-06-11,0.002157
2024-06-12,0.002181
2024-06-13,0.002133
2024-06-14,0.002105
2024-06-15,0.002109
2024-06-16,0.00212
2024-06-17,0.002113
2024-06-18,0.002067
2024-06-19,0.002057
2024-06-20,0.002055
2024-06-21,0.002027
2024-06-22,0.00203
2024-06-23,0.001999
2024-06-24,0.001899
2024-06-25,0.001944
2024-06-26,0.001912
2024-06-27,0.001934
2024-06-28,0.001892
2024-06-29,0.001908
2024-06-30,0.001965
2024-07-01,0.001965
2024-07-02,0.001938
2024-07-03,0.001879
2024-07-04,0.00179
2024-07-05,0.001767
2024-07-06,0.001813
2024-07-07,0.001744
2024-07-08,0.00176
2024-07-09,0.001798
2024-07-10,0.001789
2024-07-11,0.001774
2024-07-12,0.001789
2024-07-13,0.001833
2024-07-14,0.001882
2024-07-15,0.001994
2024-07-16,0.002004
2024-07-17,0.001973
2024-07-18,0.001964
2024-07-19,0.002047
2024-07-20,0.002058
2024-07-21,0.002082
2024-07-22,0.002063
2024-07-23,0.002012
2024-07-24,0.001992
2024-07-25,0.002001
2024-07-26,0.002065
2024-07-27,0.002068
2024-07-28,0.002068
2024-07-29,0.002026
2024-07-30,0.002003
2024-07-31,0.001956
2024-08-01,0.001968
2024-08-02,0.001856
2024-08-03,0.001829
2024-08-04,0.001755
2024-08-05,0.001635
2024-08-06,0.001685
2024-08-07,0.001656
2024-08-08,0.001857
2024-08-09,0.00182
2024-08-10,0.001823
2024-08-11,0.00176
2024-08-12,0.001775
2024-08-13,0.001808
2024-08-14,0.001755
2024-08-15,0.001718
2024-08-16,0.001754
2024-08-17,0.001767
2024-08-18,0.001746
2024-08-19,0.001763
2024-08-20,0.001752
2024-08-21,0.00181
2024-08-22,0.001786
2024-08-23,0.001894
2024-08-24,0.001889
2024-08-25,0.0019
2024-08-26,0.001853
2024-08-27,0.00175
2024-08-28,0.001735
2024-08-29,0.00174
2024-08-30,0.001733
2024-08-31,0.001726
2024-09-01,0.001677
2024-09-02,0.001728
2024-09-03,0.001681
2024-09-04,0.001691
2024-09-05,0.001633
2024-09-06,0.001566
2024-09-07,0.001571
2024-09-08,0.001592
2024-09-09,0.001657
2024-09-10,0.00167
2024-09-11,0.001661
2024-09-12,0.00168
2024-09-13,0.001747
2024-09-14,0.00173
2024-09-15,0.001703
2024-09-16,0.001675
2024-09-17,0.001731
2024-09-18,0.00176
2024-09-19,0.001806
2024-09-20,0.001808
2024-09-21,0.001812
2024-09-22,0.001816
2024-09-23,0.001807
2024-09-24,0.001833
2024-09-25,0.001795
2024-09-26,0.001849
2024-09-27,0.001867
2024-09-28,0.001865
2024-09-29,0.001858
2024-09-30,0.001789
2024-10-01,0.00172
2024-10-02,0.001713
2024-10-03,0.001713
2024-10-04,0.001748
2024-10-05,0.001745
2024-10-06,0.001764
2024-10-07,0.001752
2024-10-08,0.001742
2024-10-09,0.001698
2024-10-10,0.001685
2024-10-11,0.001745
2024-10-12,0.001764
2024-10-13,0.00175
2024-10-14,0.001841
2024-10-15,0.001862
2024-10-16,0.001869
2024-10-17,0.001896
2024-10-18,0.001893
2024-10-19,0.001909
2024-10-20,0.001863
2024-10-21,0.001861
2024-10-22,0.001837
2024-10-23,0.001876
2024-10-24,0.001822
2024-10-25,0.001841
2024-10-26,0.001866
2024-10-27,0.001915
2024-10-28,0.00199
2024-10-29,0.001981
2024-10-30,0.001922
2024-10-31,0.001896
2024-11-01,0.001887
2024-11-02,0.001872
2024-11-03,0.001844
2024-11-04,0.00189
2024-11-05,0.002055
2024-11-06,0.00206
2024-11-07,0.002072
2024-11-08,0.002077
2024-11-09,0.002172
2024-11-10,0.002397
2024-11-11,0.002372
2024-11-12,0.002431
2024-11-13,0.002343
2024-11-14,0.002445
2024-11-15,0.002427
2024-11-16,0.002401
2024-11-17,0.002421
2024-11-18,0.002462
2024-11-19,0.002509
2024-11-20,0.002622
2024-11-21,0.002629
2024-11-22,0.002593
2024-11-23,0.002596
2024-11-24,0.002471
2024-11-25,0.002429
2024-11-26,0.002536
2024-11-27,0.002528
2024-11-28,0.00257
2024-11-29,0.002543
2024-11-30,0.002568
2024-12-01,0.002522
2024-12-02,0.00253
2024-12-03,0.002607
2024-12-04,0.002556
2024-12-05,0.002635
2024-12-06,0.002636
2024-12-07,0.002658
2024-12-08,0.002569
2024-12-09,0.002556
2024-12-10,0.002674
2024-12-11,0.002641
2024-12-12,0.002672
2024-12-13,0.002672
2024-12-14,0.002754
2024-12-15,0.002807
2024-12-16,0.002815
2024-12-17,0.002668
2024-12-18,0.002597
2024-12-19,0.002598
2024-12-20,0.002586
2024-12-21,0.002536
2024-12-22,0.002529
2024-12-23,0.002634
2024-12-24,0.002652
2024-12-25,0.002652
2024-12-26,0.002557
2024-12-27,0.002521
2024-12-28,0.002545
2024-12-29,0.002501
2024-12-30,0.002479
2024-12-31,0.002505
2025-01-01,0.002536
2025-01-02,0.002601
2025-01-03,0.002637
2025-01-04,0.00264
2025-01-05,0.002646
2025-01-06,0.002746
2025-01-07,0.002606
2025-01-08,0.002554
2025-01-09,0.00248
2025-01-10,0.002543
2025-01-11,0.002536
2025-01-12,0.002527
2025-01-13,0.002525
2025-01-14,0.00258
2025-01-15,0.002673
2025-01-16,0.002665
2025-01-17,0.002776
2025-01-18,0.002775
2025-01-19,0.00268
2025-01-20,0.002719
2025-01-21,0.002806
2025-01-22,0.002744
2025-01-23,0.002751
2025-01-24,0.002762
2025-01-25,0.002762
2025-01-26,0.002704
2025-01-27,0.002677
2025-01-28,0.002653
2025-01-29,0.002722
2025-01-30,0.002746
2025-01-31,0.002671
2025-02-01,0.002624
2025-02-02,0.002537
2025-02-03,0.002642
2025-02-04,0.002541
2025-02-05,0.002504
2025-02-06,0.002501
2025-02-07,0.002493
2025-02-08,0.002496
2025-02-09,0.002485
2025-02-10,0.00251
2025-02-11,0.002467
2025-02-12,0.002514
2025-02-13,0.00248
2025-02-14,0.002499
2025-02-15,0.0025
2025-02-16,0.002461
2025-02-17,0.002448
2025-02-18,0.002435
2025-02-19,0.002462
2025-02-20,0.002503
2025-02-21,0.00244
2025-02-22,0.00245
2025-02-23,0.002433
2025-02-24,0.002323
2025-02-25,0.002242
2025-02-26,0.002119
2025-02-27,0.002132
2025-02-28,0.00212
2025-03-01,0.002158
2025-03-02,0.002368
2025-03-03,0.002164
2025-03-04,0.002187
2025-03-05,0.002266
2025-03-06,0.002254
2025-03-07,0.002159
2025-03-08,0.002147
2025-03-09,0.002007
2025-03-10,0.001965
2025-03-11,0.002055
2025-03-12,0.002075
2025-03-13,0.00201
2025-03-14,0.002082
2025-03-15,0.002086
2025-03-16,0.002038
2025-03-17,0.002073
2025-03-18,0.002038
2025-03-19,0.002136
2025-03-20,0.002068
2025-03-21,0.002065
2025-03-22,0.002056
2025-03-23,0.002102
2025-03-24,0.002137
2025-03-25,0.002137
2025-03-26,0.002121
2025-03-27,0.002127
2025-03-28,0.002054
2025-03-29,0.002008
2025-03-30,0.001998
2025-03-31,0.002002
2025-04-01,0.002067
2025-04-02,0.002
2025-04-03,0.002006
2025-04-04,0.002024
2025-04-05,0.002011
2025-04-06,0.001879
2025-04-07,0.001913
2025-04-08,0.001837
2025-04-09,0.001988
2025-04-10,0.00191
2025-04-11,0.001999
2025-04-12,0.002042
2025-04-13,0.001999
2025-04-14,0.002021
2025-04-15,0.001997
2025-04-16,0.002006
2025-04-17,0.002022
2025-04-18,0.002008
2025-04-19,0.002022
2025-04-20,0.002019
2025-04-21,0.00207
2025-04-22,0.002212
2025-04-23,0.002213
2025-04-24,0.002214
2025-04-25,0.002233
2025-04-26,0.002229
2025-04-27,0.002205
2025-04-28,0.002232
2025-04-29,0.002207
2025-04-30,0.002207
2025-05-01,0.002256
2025-05-02,0.002264
2025-05-03,0.002241
2025-05-04,0.002202
2025-05-05,0.002211
2025-05-06,0.002252
2025-05-07,0.002261
2025-05-08,0.002397
2025-05-09,0.002392
2025-05-10,0.002428
2025-05-11,0.002411
2025-05-12,0.002384
2025-05-13,0.002411
2025-05-14,0.002395
2025-05-15,0.002391
2025-05-16,0.002381
2025-05-17,0.002444
2025-05-18,0.002432
2025-05-19,0.00246
2025-05-20,0.002524
2025-05-21,0.002564
2025-05-22,0.002467
2025-05-23,0.00248
2025-05-24,0.002501
2025-05-25,0.00251
2025-05-26,0.002502
2025-05-27,0.002474
2025-05-28,0.002424
2025-05-29,0.002383
2025-05-30,0.002398
2025-05-31,0.00242
2025-06-01,0.002422
2025-06-02,0.002411
2025-06-03,0.002393
2025-06-04,0.00232
2025-06-05,0.002381
2025-06-06,0.002407
2025-06-07,0.002406
2025-06-08,0.002505
2025-06-09,0.002499
2025-06-10,0.002464
2025-06-11,0.002402
2025-06-12,0.0024
2025-06-13,0.002384
2025-06-14,0.002383
2025-06-15,0.002419
2025-06-16,0.002357
2025-06-17,0.002359
2025-06-18,0.002354
2025-06-19,0.002319
2025-06-20,0.002277
2025-06-21,0.002259
2025-06-22,0.002359
2025-06-23,0.002367
2025-06-24,0.002394
2025-06-25,0.002384
2025-06-26,0.002383
2025-06-27,0.002386
2025-06-28,0.002405
2025-06-29,0.002375
2025-06-30,0.002337
2025-07-01,0.002408
2025-07-02,0.002421
2025-07-03,0.002384
2025-07-04,0.002384
2025-07-05,0.002402
2025-07-06,0.002379
2025-07-07,0.002392
2025-07-08,0.002443
2025-07-09,0.002538
2025-07-10,0.002573
2025-07-11,0.002565
2025-07-12,0.002595
2025-07-13,0.002613
2025-07-14,0.002564
2025-07-15,0.002583
2025-07-16,0.002598
2025-07-17,0.002562
2025-07-18,0.002559
2025-07-19,0.002544
2025-07-20,0.002545
2025-07-21,0.002601
2025-07-22,0.002569
2025-07-23,0.002563
2025-07-24,0.002544
2025-07-25,0.002554
2025-07-26,0.002584
2025-07-27,0.002553
2025-07-28,0.002549
2025-07-29,0.002546
2025-07-30,0.002505
2025-07-31,0.002449
2025-08-01,0.002433
2025-08-02,0.00247
2025-08-03,0.002489
2025-08-04,0.002466
2025-08-05,0.002485
2025-08-06,0.002536
2025-08-07,0.00252
2025-08-08,0.002515
2025-08-09,0.002571
2025-08-10,0.00256
2025-08-11,0.002588
2025-08-12,0.002656
2025-08-13,0.002548
2025-08-14,0.00252
2025-08-15,0.002521
2025-08-16,0.002522
2025-08-17,0.002491
2025-08-18,0.002415
2025-08-19,0.002443
2025-08-20,0.002399
2025-08-21,0.002492
2025-08-22,0.002457
2025-08-23,0.002416
2025-08-24,0.002341
2025-08-25,0.002377
2025-08-26,0.002361
2025-08-27,0.002384
2025-08-28,0.002297
2025-08-29,0.002301
2025-08-30,0.002289
2025-08-31,0.002301
2025-09-01,0.002344
2025-09-02,0.002355
2025-09-03,0.002334
2025-09-04,0.002328
2025-09-05,0.002316
2025-09-06,0.002336
2025-09-07,0.002333
2025-09-08,0.002347
2025-09-09,0.002332
2025-09-10,0.00238
2025-09-11,0.002409
2025-09-12,0.002421
2025-09-13,0.002414
2025-09-14,0.0024
2025-09-15,0.002398
2025-09-16,0.002423
2025-09-17,0.002416
2025-09-18,0.002423
2025-09-19,0.002391
2025-09-20,0.002391
2025-09-21,0.002379
2025-09-22,0.002323
2025-09-23,0.002307
2025-09-24,0.002331
2025-09-25,0.002243
2025-09-26,0.002252
2025-09-27,0.002249
2025-09-28,0.002298
2025-09-29,0.002339
2025-09-30,0.00233
2025-10-01,0.002417
2025-10-02,0.002496
2025-10-03,0.002493
2025-10-04,0.002492
2025-10-05,0.002511
2025-10-06,0.002535
2025-10-07,0.002504
2025-10-08,0.002502
2025-10-09,0.002465
2025-10-10,0.002536
2025-10-11,0.002246
2025-10-12,0.00233
2025-10-13,0.002332
2025-10-14,0.002291
2025-10-15,0.002241
2025-10-16,0.002185
2025-10-17,0.002154
2025-10-18,0.002163
2025-10-19,0.002193
2025-10-20,0.002231
2025-10-21,0.002191
2025-10-22,0.00217
2025-10-23,0.002218
2025-10-24,0.002236
2025-10-25,0.003665
2025-10-26,0.002304
2025-10-27,0.002293
2025-10-28,0.00227
2025-10-29,0.002168
2025-10-30,0.002167
2025-10-31,0.002197
2025-11-01,0.002204
2025-11-02,0.002211
2025-11-03,0.002132
2025-11-04,0.002029
2025-11-05,0.00208
2025-11-06,0.002025
2025-11-07,0.002047
2025-11-08,0.002046
2025-11-09,0.002092
2025-11-10,0.002119
2025-11-11,0.002056
2025-11-12,0.00203
2025-11-13,0.001886
2025-11-14,0.001886
2025-11-15,0.001906
2025-11-16,0.001878
2025-11-17,0.001833
2025-11-18,0.001851
2025-11-19,0.001821
2025-11-20,0.001733
2025-11-21,0.001694
2025-11-22,0.001733
2025-11-23,0.001733
2025-11-24,0.001763
2025-11-25,0.001744
2025-11-26,0.001805
2025-11-27,0.001822
2025-11-28,0.001812
2025-11-29,0.001811
2025-11-30,0.001806
2025-12-01,0.001725
2025-12-02,0.001824
2025-12-03,0.001865
2025-12-04,0.001836
2025-12-05,0.001775
2025-12-06,0.001792
2025-12-07,0.001791
2025-12-08,0.001803
2025-12-09,0.00183
2025-12-10,0.00184
2025-12-11,0.001839
2025-12-12,0.001792
2025-12-13,0.00179
2025-12-14,0.001712
2025-12-15,0.001739
2025-12-16,0.001738
2025-12-17,0.001704
2025-12-18,0.001691
2025-12-19,0.001766
2025-12-20,0.00176
2025-12-21,0.001766
2025-12-22,0.001756
2025-12-23,0.001739
2025-12-24,0.001749
2025-12-25,0.001766
2025-12-26,0.001739
2025-12-27,0.001739
2025-12-28,0.001786
