date,value
2012-01-01,1.0570689307
2012-01-02,0.9628753237
2012-01-03,1.0255674462
2012-01-04,1.0660674212
2012-01-05,1.0965199018
2012-01-06,1.0706749763
2012-01-07,1.0515983042
2012-01-08,1.0733894616
2012-01-09,1.0626742455
2012-01-10,0.9975671397
2012-01-11,1.0428942695
2012-01-12,1.0865205877
2012-01-13,1.0333770312
2012-01-14,1.0313773196
2012-01-15,1.0180283772
2012-01-16,1.0258545119
2012-01-17,1.0117092984
2012-01-18,0.9709897911
2012-01-19,1.0403402793
2012-01-20,0.9928512998
2012-01-21,1.0064354121
2012-01-22,1.0010575529
2012-01-23,1.0043352766
2012-01-24,1.0114803609
2012-01-25,0.9914741083
2012-01-26,0.9567461679
2012-01-27,0.9543007668
2012-01-28,0.9854201474
2012-01-29,0.9776818848
2012-01-30,0.9848992688
2012-01-31,0.9727840233
2012-02-01,1.0107549196
2012-02-02,1.0136787851
2012-02-03,1.0042252958
2012-02-04,1.0015221943
2012-02-05,0.9922833618
2012-02-06,0.9641944689
2012-02-07,0.9929826045
2012-02-08,0.9956916174
2012-02-09,0.9993454929
2012-02-10,0.9896018795
2012-02-11,1.0368846967
2012-02-12,0.9987008953
2012-02-13,0.8710621852
2012-02-14,0.9544291634
2012-02-15,0.981090154
2012-02-16,0.9785689987
2012-02-17,0.9839700698
2012-02-18,0.9551907102
2012-02-19,0.9707968774
2012-02-20,0.9818137573
2012-02-21,0.9719559651
2012-02-22,0.9922601553
2012-02-23,1.0116521964
2012-02-24,1.0060098597
2012-02-25,1.0138963304
2012-02-26,1.0018501058
2012-02-27,1.0076163046
2012-02-28,1.0083090472
2012-02-29,0.8359267658
2012-03-01,1.0038271862
2012-03-02,0.9712284017
2012-03-03,0.9924688313
2012-03-04,1.0012088911
2012-03-05,1.0066714362
2012-03-06,1.0060515885
2012-03-07,1.0063990571
2012-03-08,0.9940236417
2012-03-09,0.9985992037
2012-03-10,0.9790408202
2012-03-11,0.9921754907
2012-03-12,0.9961508605
2012-03-13,1.0138095207
2012-03-14,1.0204695733
2012-03-15,1.0151931281
2012-03-16,1.0193658015
2012-03-17,0.9922823354
2012-03-18,0.9991840215
2012-03-19,0.981183196
2012-03-20,0.9815322205
2012-03-21,0.9627207308
2012-03-22,0.9884729529
2012-03-23,1.0002957519
2012-03-24,0.985081889
2012-03-25,0.9764282358
2012-03-26,0.9904026824
2012-03-27,0.9934583626
2012-03-28,1.0011232905
2012-03-29,0.9944715905
2012-03-30,0.8773025972
2012-03-31,1.0015719486
2012-04-01,0.9969784172
2012-04-02,1.0025695542
2012-04-03,0.9709112496
2012-04-04,1.0020727674
2012-04-05,1.0020244186
2012-04-06,1.0089444997
2012-04-07,0.9918124165
2012-04-08,0.998751053
2012-04-09,1.0038526316
2012-04-10,0.9982346536
2012-04-11,1.0016754395
2012-04-12,1.005337212
2012-04-13,1.0002489167
2012-04-14,1.0039032452
2012-04-15,1.0041316074
2012-04-16,1.0028138949
2012-04-17,1.0017532499
2012-04-18,1.0084960703
2012-04-19,1.008948795
2012-04-20,1.0037085382
2012-04-21,1.0016482587
2012-04-22,1.0089819489
2012-04-23,0.9893503523
2012-04-24,1.0002922067
2012-04-25,1.0387433755
2012-04-26,0.9938828883
2012-04-27,1.0000825582
2012-04-28,0.9959380264
2012-04-29,0.9806908604
2012-04-30,0.9928531086
2012-05-01,0.9995726347
2012-05-02,1.0013265794
2012-05-03,1.0013685382
2012-05-04,1.0013868841
2012-05-05,1.0002033022
2012-05-06,0.9671366213
2012-05-07,0.9998868115
2012-05-08,0.9992099904
2012-05-09,1.0002604329
2012-05-10,0.999158212
2012-05-11,0.9963325917
2012-05-12,1.0073562945
2012-05-13,0.992269855
2012-05-14,0.9981233515
2012-05-15,0.9996721548
2012-05-16,0.99803229
2012-05-17,0.9966508492
2012-05-18,0.9910930787
2012-05-19,0.9995586716
2012-05-20,0.9834305641
2012-05-21,0.9938799944
2012-05-22,0.9988254256
2012-05-23,1.001719885
2012-05-24,0.9787725524
2012-05-25,1.0003724836
2012-05-26,0.9943540752
2012-05-27,1.0010702992
2012-05-28,0.9997078309
2012-05-29,0.9999350631
2012-05-30,0.9998831863
2012-05-31,0.9924265057
2012-06-01,1.0015631856
2012-06-02,1.0009527583
2012-06-03,1.0002361478
2012-06-04,1.0004469651
2012-06-05,1.0019563274
2012-06-06,1.002425927
2012-06-07,1.0015755481
2012-06-08,1.0017855623
2012-06-09,1.0033941789
2012-06-10,1.0001126397
2012-06-11,1.0021502654
2012-06-12,1.0038012837
2012-06-13,1.0055807473
2012-06-14,1.0006530376
2012-06-15,1.0077746808
2012-06-16,1.0044846031
2012-06-17,1.0071978654
2012-06-18,1.0022859576
2012-06-19,1.003796739
2012-06-20,1.0017612329
2012-06-21,1.0102051074
2012-06-22,1.0047335978
2012-06-23,1.0015359024
2012-06-24,1.000523242
2012-06-25,0.9988311166
2012-06-26,1.0058281176
2012-06-27,1.0036901416
2012-06-28,1.0018043986
2012-06-29,1.0020133205
2012-06-30,1.0032586842
2012-07-01,1.0019045113
2012-07-02,1.0074800391
2012-07-03,0.9994206929
2012-07-04,1.0021302478
2012-07-05,1.0022863707
2012-07-06,1.0034570643
2012-07-07,0.9980758372
2012-07-08,1.0099416319
2012-07-09,1.0037199821
2012-07-10,0.9751169677
2012-07-11,1.011525313
2012-07-12,1.0074261487
2012-07-13,1.0102227599
2012-07-14,0.982388219
2012-07-15,1.0030568365
2012-07-16,1.0159071161
2012-07-17,1.0250884567
2012-07-18,1.0205089419
2012-07-19,1.022317367
2012-07-20,0.9994151136
2012-07-21,1.0083097272
2012-07-22,1.0033807781
2012-07-23,1.0049695811
2012-07-24,1.0052690854
2012-07-25,1.0055574093
2012-07-26,1.0081564478
2012-07-27,1.0062058454
2012-07-28,1.0060951513
2012-07-29,1.0096911434
2012-07-30,1.0120653897
2012-07-31,1.0080327821
2012-08-01,1.0080200035
2012-08-02,1.0267027337
2012-08-03,1.0231135042
2012-08-04,1.0183012095
2012-08-05,1.0092574839
2012-08-06,1.0103979336
2012-08-07,1.0051753992
2012-08-08,1.0157926544
2012-08-09,1.0139897356
2012-08-10,1.0080672423
2012-08-11,1.0063759822
2012-08-12,1.0062918876
2012-08-13,1.0095990936
2012-08-14,1.0144745717
2012-08-15,1.0164357111
2012-08-16,1.0175131363
2012-08-17,1.0203786737
2012-08-18,1.0207142053
2012-08-19,0.9837252217
2012-08-20,1.0018043285
2012-08-21,1.0000144827
2012-08-22,1.0008421082
2012-08-23,1.0002194313
2012-08-24,1.000975351
2012-08-25,1.0030755144
2012-08-26,1.0026354792
2012-08-27,1.0087549875
2012-08-28,1.0019822882
2012-08-29,1.0002380347
2012-08-30,1.0000635842
2012-08-31,1.0053973361
2012-09-01,0.9975368274
2012-09-02,1.0003037307
2012-09-03,1.0011614531
2012-09-04,1.0013274015
2012-09-05,1.0012146193
2012-09-06,1.0006169602
2012-09-07,1.0003401185
2012-09-08,1.0008287794
2012-09-09,1.0032421586
2012-09-10,1.003907965
2012-09-11,1.0000705347
2012-09-12,1.001215592
2012-09-13,1.0003485807
2012-09-14,1.0006448533
2012-09-15,1.0020706767
2012-09-16,1.0009145734
2012-09-17,1.0007816439
2012-09-18,1.0009572952
2012-09-19,1.000915693
2012-09-20,1.002057598
2012-09-21,1.0004288458
2012-09-22,1.0004433371
2012-09-23,1.0002884118
2012-09-24,1.0008898528
2012-09-25,1.0049443425
2012-09-26,1.0059430973
2012-09-27,1.0099185715
2012-09-28,1.0074301589
2012-09-29,1.0081901757
2012-09-30,1.0049677245
2012-10-01,1.0029479013
2012-10-02,1.0078438247
2012-10-03,1.0124357613
2012-10-04,1.0129583192
2012-10-05,1.0016002478
2012-10-06,1.0006863518
2012-10-07,0.997372682
2012-10-08,0.9988444465
2012-10-09,1.0008828597
2012-10-10,1.0051367552
2012-10-11,1.0016218498
2012-10-12,1.0004718353
2012-10-13,0.9998194907
2012-10-14,1.0024309892
2012-10-15,0.9998186193
2012-10-16,1.0020950928
2012-10-17,1.0038430613
2012-10-18,1.0012407576
2012-10-19,1.0004346423
2012-10-20,0.9992269059
2012-10-21,1.0061072599
2012-10-22,1.0000135556
2012-10-23,1.0005533155
2012-10-24,1.0024774712
2012-10-25,0.996962
2012-10-26,0.9832577987
2012-10-27,0.9932349994
2012-10-28,0.9956027576
2012-10-29,0.999314478
2012-10-30,0.9997236937
2012-10-31,1.002115725
2012-11-01,0.9989052155
2012-11-02,0.9885560371
2012-11-03,0.9985826506
2012-11-04,1.0024300422
2012-11-05,0.999970026
2012-11-06,1.001096132
2012-11-07,1.0036648449
2012-11-08,1.0010950143
2012-11-09,1.0001723947
2012-11-10,1.0009094836
2012-11-11,1.0020129356
2012-11-12,1.0175867321
2012-11-13,1.0039672384
2012-11-14,1.0019885617
2012-11-15,1.0021944854
2012-11-16,1.0049189105
2012-11-17,1.0029550219
2012-11-18,1.0041000869
2012-11-19,1.0060293731
2012-11-20,1.0030466643
2012-11-21,1.0067543745
2012-11-22,1.0080480059
2012-11-23,1.0122466903
2012-11-24,1.0054103772
2012-11-25,1.0143875844
2012-11-26,1.0117608731
2012-11-27,1.0020032112
2012-11-28,1.0042927666
2012-11-29,1.0054214908
2012-11-30,1.0153855592
2012-12-01,1.0081490955
2012-12-02,1.0025620339
2012-12-03,1.004818595
2012-12-04,1.0165312531
2012-12-05,1.0077193135
2012-12-06,1.0046462325
2012-12-07,1.0098553246
2012-12-08,1.00591911
2012-12-09,1.0065258223
2012-12-10,1.0079281901
2012-12-11,1.0068501321
2012-12-12,1.0047141926
2012-12-13,1.0055867088
2012-12-14,1.0032663513
2012-12-15,1.0015184264
2012-12-16,1.0020061897
2012-12-17,0.998737189
2012-12-18,1.0023438807
2012-12-19,1.0091599969
2012-12-20,1.0084756924
2012-12-21,1.0058096823
2012-12-22,1.0004169889
2012-12-23,0.9995983892
2012-12-24,1.00060877
2012-12-25,1.0009867983
2012-12-26,1.0037915542
2012-12-27,1.0025505151
2012-12-28,1.0052698167
2012-12-29,1.0018526543
2012-12-30,1.0033574022
2012-12-31,1.0117924575
2013-01-01,0.9989827627
2013-01-02,0.9989710926
2013-01-03,1.0006247843
2013-01-04,1.0018672344
2013-01-05,1.0002642634
2013-01-06,1.0000456391
2013-01-07,1.0008884925
2013-01-08,1.0062989777
2013-01-09,1.0044043856
2013-01-10,1.0135361556
2013-01-11,1.0102717635
2013-01-12,1.0059672188
2013-01-13,1.0056841589
2013-01-14,1.0059885927
2013-01-15,1.0062032466
2013-01-16,1.007646916
2013-01-17,1.0175696894
2013-01-18,1.0151101853
2013-01-19,1.0064459415
2013-01-20,1.0076055323
2013-01-21,1.0308047532
2013-01-22,1.0431243174
2013-01-23,1.0125568868
2013-01-24,1.0226209213
2013-01-25,1.0045842194
2013-01-26,1.0075456955
2013-01-27,1.0262574542
2013-01-28,1.0198768393
2013-01-29,1.031151872
2013-01-30,1.0174881641
2013-01-31,1.0428261352
2013-02-01,1.0554611573
2013-02-02,1.0097651654
2013-02-03,1.0111159421
2013-02-04,1.0097854384
2013-02-05,1.0107319131
2013-02-06,1.0133311928
2013-02-07,1.014648541
2013-02-08,1.0214474089
2013-02-09,1.0188108847
2013-02-10,1.0141326348
2013-02-11,1.0201108298
2013-02-12,1.0355832354
2013-02-13,1.0393446592
2013-02-14,1.0345898045
2013-02-15,1.0505026665
2013-02-16,1.0273469296
2013-02-17,1.0242509955
2013-02-18,1.0213950065
2013-02-19,1.0300836213
2013-02-20,1.0375126662
2013-02-21,1.0272438809
2013-02-22,1.0274831454
2013-02-23,1.0118834281
2013-02-24,1.0267328724
2013-02-25,1.6308390452
2013-02-26,1.0234023696
2013-02-27,1.0116433641
2013-02-28,1.0619358191
2013-03-01,1.0280749135
2013-03-02,1.0135925515
2013-03-03,1.0179424474
2013-03-04,1.0381451923
2013-03-05,1.0529938442
2013-03-06,1.066221592
2013-03-07,1.0372423201
2013-03-08,1.0237655368
2013-03-09,1.0479632675
2013-03-10,1.0264738224
2013-03-11,1.0407924437
2013-03-12,1.0200521491
2013-03-13,1.0291409782
2013-03-14,1.0335013825
2013-03-15,1.0064556938
2013-03-16,1.0089148784
2013-03-17,1.019440666
2013-03-18,1.0088021839
2013-03-19,1.0548705542
2013-03-20,1.0511617299
2013-03-21,1.0686799738
2013-03-22,1.0563931243
2013-03-23,1.0124640378
2013-03-24,1.0592763921
2013-03-25,1.0684342716
2013-03-26,1.029686599
2013-03-27,1.1583245385
2013-03-28,1.059491025
2013-03-29,1.0416095692
2013-03-30,1.0454211534
2013-03-31,1.0218976287
2013-04-01,1.0936606026
2013-04-02,1.0428732499
2013-04-03,1.0960521984
2013-04-04,1.0375561922
2013-04-05,1.0900837913
2013-04-06,1.0428377109
2013-04-07,1.0744383992
2013-04-08,1.118081758
2013-04-09,1.1460560942
2013-04-10,1.0691254372
2013-04-11,0.9013397446
2013-04-12,0.8276704414
2013-04-13,1.0112418572
2013-04-14,1.0002820312
2013-04-15,0.9521738049
2013-04-16,0.9427994622
2013-04-17,1.024315162
2013-04-18,1.0080321749
2013-04-19,1.0415656017
2013-04-20,1.0438716418
2013-04-21,1.0464838446
2013-04-22,1.0203504673
2013-04-23,1.0395682725
2013-04-24,1.0666519796
2013-04-25,1.0809714494
2013-04-26,1.0137186606
2013-04-27,1.0479311186
2013-04-28,1.0293175391
2013-04-29,1.0262314694
2013-04-30,1.0232370365
2013-05-01,0.9795950041
2013-05-02,0.9739143823
2013-05-03,0.9589336391
2013-05-04,1.0102818267
2013-05-05,1.0238064099
2013-05-06,1.0182127585
2013-05-07,0.9976673995
2013-05-08,1.0016180547
2013-05-09,1.0034049993
2013-05-10,0.9978082355
2013-05-11,1.0287372243
2013-05-12,1.0109875669
2013-05-13,1.0062466273
2013-05-14,0.9991627644
2013-05-15,1.0120207868
2013-05-16,1.0028789297
2013-05-17,1.0092620457
2013-05-18,1.0354026474
2013-05-19,1.0099202695
2013-05-20,1.0124916198
2013-05-21,1.006827727
2013-05-22,1.009727265
2013-05-23,1.0151839467
2013-05-24,1.0271151195
2013-05-25,1.0645805771
2013-05-26,1.0108771603
2013-05-27,1.0132552767
2013-05-28,1.0101351208
2013-05-29,1.024733539
2013-05-30,1.0211703128
2013-05-31,1.0201193982
2013-06-01,1.0172137103
2013-06-02,1.0140650353
2013-06-03,1.0070623398
2013-06-04,1.0125618246
2013-06-05,1.0191015174
2013-06-06,1.0359666554
2013-06-07,0.9936366757
2013-06-08,0.9915600894
2013-06-09,0.9818951033
2013-06-10,0.9949692872
2013-06-11,1.015746393
2013-06-12,1.0007306485
2013-06-13,0.990905541
2013-06-14,0.9901723916
2013-06-15,0.9955928005
2013-06-16,0.9994059528
2013-06-17,0.9948266196
2013-06-18,1.0017746959
2013-06-19,1.0046268672
2013-06-20,0.9997811723
2013-06-21,0.9927928005
2013-06-22,0.9963517397
2013-06-23,0.9931741037
2013-06-24,1.0007049652
2013-06-25,1.0038938658
2013-06-26,1.0004335773
2013-06-27,0.992850281
2013-06-28,0.9773030834
2013-06-29,1.0003011318
2013-06-30,0.9796910965
2013-07-01,1.0033241483
2013-07-02,1.0050613482
2013-07-03,0.9805999734
2013-07-04,0.9779603345
2013-07-05,0.9416894897
2013-07-06,0.9158760137
2013-07-07,0.9888686827
2013-07-08,1.0038183925
2013-07-09,0.9935772243
2013-07-10,1.0261951202
2013-07-11,1.0056360218
2013-07-12,1.0227030359
2013-07-13,1.0182137543
2013-07-14,1.0081965412
2013-07-15,1.006805132
2013-07-16,0.9979862318
2013-07-17,0.9938116371
2013-07-18,0.9769849555
2013-07-19,0.9896349462
2013-07-20,0.9922859961
2013-07-21,0.9933865265
2013-07-22,0.9970514582
2013-07-23,1.0008510915
2013-07-24,1.0022579782
2013-07-25,1.0056765168
2013-07-26,1.0018082915
2013-07-27,1.0021171311
2013-07-28,1.0060491596
2013-07-29,0.9891177587
2013-07-30,1.0067960995
2013-07-31,1.0189078254
2013-08-01,1.0036243753
2013-08-02,1.0211206376
2013-08-03,1.0673880412
2013-08-04,1.0061519032
2013-08-05,1.0139175862
2013-08-06,1.0014991595
2013-08-07,1.0034239523
2013-08-08,0.9992159696
2013-08-09,0.9999830341
2013-08-10,1.0038328356
2013-08-11,1.0025002988
2013-08-12,0.9975783026
2013-08-13,1.0221032453
2013-08-14,1.0054963559
2013-08-15,1.014786546
2013-08-16,1.0032814784
2013-08-17,1.0062676606
2013-08-18,1.0028652566
2013-08-19,1.0097413228
2013-08-20,1.0092278693
2013-08-21,1.009727222
2013-08-22,1.0113036025
2013-08-23,1.0104336407
2013-08-24,1.0060752824
2013-08-25,1.014064477
2013-08-26,1.01216126
2013-08-27,1.0184072363
2013-08-28,1.0191013845
2013-08-29,1.0066111515
2013-08-30,1.0229520123
2013-08-31,1.0277052848
2013-09-01,1.0199961567
2013-09-02,1.0216756439
2013-09-03,1.0343499186
2013-09-04,1.0060841996
2013-09-05,1.0016798928
2013-09-06,1.0034476446
2013-09-07,1.0095645224
2013-09-08,1.004813329
2013-09-09,1.0141963994
2013-09-10,1.0140982527
2013-09-11,1.0160069291
2013-09-12,1.0408248793
2013-09-13,1.0106376642
2013-09-14,1.0338144155
2013-09-15,1.0103856656
2013-09-16,1.0156739384
2013-09-17,1.0082568444
2013-09-18,1.0132659057
2013-09-19,1.039741128
2013-09-20,1.0031599652
2013-09-21,1.0027864667
2013-09-22,1.0187813273
2013-09-23,1.0024943654
2013-09-24,1.0076662513
2013-09-25,1.0094477879
2013-09-26,1.0073581857
2013-09-27,1.0081803615
2013-09-28,1.0068765986
2013-09-29,1.0103599874
2013-09-30,1.0095333008
2013-10-01,1.0078892101
2013-10-02,0.9853503704
2013-10-03,1.0032340621
2013-10-04,1.0107558616
2013-10-05,1.0102547479
2013-10-06,1.0122198474
2013-10-07,1.0686127052
2013-10-08,1.0068928553
2013-10-09,1.0124567169
2013-10-10,1.006601656
2013-10-11,1.0087505983
2013-10-12,1.0111756084
2013-10-13,1.0102975931
2013-10-14,1.0188786487
2013-10-15,1.021994743
2013-10-16,1.0357208093
2013-10-17,1.0217754786
2013-10-18,1.0204847376
2013-10-19,1.0368599394
2013-10-20,1.0284515624
2013-10-21,1.0855643101
2013-10-22,1.0705088658
2013-10-23,1.0751690113
2013-10-24,1.0291731165
2013-10-25,1.0526300996
2013-10-26,1.0172140219
2013-10-27,1.0328797622
2013-10-28,1.0281820174
2013-10-29,1.0318869504
2013-10-30,1.0282005122
2013-10-31,1.0313836124
2013-11-01,1.0387763587
2013-11-02,1.0181277797
2013-11-03,1.0315077771
2013-11-04,1.1069470933
2013-11-05,1.0711942623
2013-11-06,1.0556184866
2013-11-07,1.1119564899
2013-11-08,1.1015250932
2013-11-09,1.0885513272
2013-11-10,1.03811062
2013-11-11,1.0821961607
2013-11-12,1.0668345878
2013-11-13,1.0715835739
2013-11-14,1.0800721601
2013-11-15,1.0266681053
2013-11-16,1.0332125155
2013-11-17,1.0632013905
2013-11-18,1.0736500212
2013-11-19,1.0596387377
2013-11-20,1.057517806
2013-11-21,1.0403975431
2013-11-22,1.098357535
2013-11-23,1.0872163075
2013-11-24,1.0348658008
2013-11-25,1.0701722142
2013-11-26,1.065985527
2013-11-27,1.040395478
2013-11-28,1.041826026
2013-11-29,1.0549176828
2013-11-30,1.0402177275
2013-12-01,1.0226175167
2013-12-02,1.0363404089
2013-12-03,1.0466668157
2013-12-04,1.0488319881
2013-12-05,1.0374393921
2013-12-06,1.0160601878
2013-12-07,1.0074790111
2013-12-08,1.0097746596
2013-12-09,1.0182519816
2013-12-10,1.0355368549
2013-12-11,1.0407113706
2013-12-12,1.0111374684
2013-12-13,1.0354847735
2013-12-14,0.9888404612
2013-12-15,1.0325878648
2013-12-16,1.0026941163
2013-12-17,0.9958931576
2013-12-18,0.9887521575
2013-12-19,0.9849386581
2013-12-20,1.0161915564
2013-12-21,1.0971813625
2013-12-22,0.9340961101
2013-12-23,1.013738507
2013-12-24,1.0961853563
2013-12-25,1.0231873155
2013-12-26,1.032278517
2013-12-27,1.0357757834
2013-12-28,1.0050114795
2013-12-29,1.0035355698
2013-12-30,1.0001153848
2013-12-31,0.9909528245
2014-01-01,0.9967613676
2014-01-02,1.019793905
2014-01-03,1.0224998713
2014-01-04,1.1108518553
2014-01-05,1.03569083
2014-01-06,1.0264743478
2014-01-07,1.0157631378
2014-01-08,1.0439705324
2014-01-09,1.0134644896
2014-01-10,1.0081215064
2014-01-11,1.0823177755
2014-01-12,1.0293568872
2014-01-13,1.0106348068
2014-01-14,1.02296188
2014-01-15,1.040882486
2014-01-16,1.025305485
2014-01-17,1.011261602
2014-01-18,1.0070104203
2014-01-19,1.0139068205
2014-01-20,1.0115912064
2014-01-21,1.0087957757
2014-01-22,1.0238922494
2014-01-23,1.0069955921
2014-01-24,1.0091766765
2014-01-25,1.0184593806
2014-01-26,1.011999435
2014-01-27,1.0052436079
2014-01-28,1.007682825
2014-01-29,1.0179111855
2014-01-30,1.0112278084
2014-01-31,1.0073711719
2014-02-01,1.0374698748
2014-02-02,1.0073563945
2014-02-03,1.0080758146
2014-02-04,1.0013629814
2014-02-05,1.2274741005
2014-02-06,1.0030089568
2014-02-07,0.9857622108
2014-02-08,0.993244264
2014-02-09,1.0027342707
2014-02-10,0.9925550765
2014-02-11,0.9947709827
2014-02-12,0.9870595634
2014-02-13,0.9915661986
2014-02-14,1.0018052435
2014-02-15,0.9989268591
2014-02-16,0.993318766
2014-02-17,0.9946784073
2014-02-18,0.9988929826
2014-02-19,0.9755187363
2014-02-20,0.9885141751
2014-02-21,0.9932337864
2014-02-22,0.9891744106
2014-02-23,1.0008763103
2014-02-24,0.9582954018
2014-02-25,0.9298629472
2014-02-26,1.0108509048
2014-02-27,0.9867606307
2014-02-28,1.0230000349
2014-03-01,0.988816216
2014-03-02,0.9870125828
2014-03-03,1.0115830203
2014-03-04,1.0052344135
2014-03-05,1.0101738331
2014-03-06,1.013777734
2014-03-07,1.0853271884
2014-03-08,1.0013478745
2014-03-09,1.1443917365
2014-03-10,1.0111839245
2014-03-11,1.0048410192
2014-03-12,1.015299274
2014-03-13,1.0063581428
2014-03-14,0.9949486394
2014-03-15,0.9972330107
2014-03-16,1.0028233577
2014-03-17,0.9996801413
2014-03-18,1.0013271391
2014-03-19,0.9999426742
2014-03-20,0.9912764626
2014-03-21,1.0439517852
2014-03-22,0.9957444574
2014-03-23,0.9933080227
2014-03-24,1.000627449
2014-03-25,1.0087671921
2014-03-26,1.0025508019
2014-03-27,0.9867701059
2014-03-28,0.9822619784
2014-03-29,0.9857477823
2014-03-30,0.9730442855
2014-03-31,0.9693818545
2014-04-01,0.9922609398
2014-04-02,0.9790019269
2014-04-03,0.9890788062
2014-04-04,0.9870041453
2014-04-05,0.9499335351
2014-04-06,1.0010989108
2014-04-07,0.9898712898
2014-04-08,0.9835579265
2014-04-09,1.001911006
2014-04-10,0.9480585984
2014-04-11,0.961807464
2014-04-12,0.9924952745
2014-04-13,0.9942136036
2014-04-14,1.0022561159
2014-04-15,1.0049204699
2014-04-16,1.045115885
2014-04-17,1.0129193117
2014-04-18,0.9888772093
2014-04-19,1.0019140656
2014-04-20,0.9873749888
2014-04-21,0.9998475889
2014-04-22,0.9955685115
2014-04-23,1.0201984282
2014-04-24,1.0018771175
2014-04-25,0.9825451577
2014-04-26,0.9929937565
2014-04-27,0.9921613372
2014-04-28,0.981001048
2014-04-29,0.9917187771
2014-04-30,0.995400908
2014-05-01,0.9984587063
2014-05-02,0.9963287678
2014-05-03,0.9929389952
2014-05-04,0.9905316695
2014-05-05,0.9878637526
2014-05-06,0.9869873329
2014-05-07,0.9966533462
2014-05-08,0.9989088809
2014-05-09,0.9999602014
2014-05-10,0.9992243637
2014-05-11,0.9952241805
2014-05-12,0.9929130343
2014-05-13,0.9937763167
2014-05-14,0.9921137624
2014-05-15,0.9811966307
2014-05-16,0.9930390585
2014-05-17,0.9977541425
2014-05-18,0.9995823777
2014-05-19,0.9939368052
2014-05-20,1.0044565683
2014-05-21,1.0080609806
2014-05-22,1.0145649156
2014-05-23,1.0055759489
2014-05-24,1.0092126578
2014-05-25,1.0223032544
2014-05-26,1.0100353353
2014-05-27,1.0677645271
2014-05-28,1.0073010834
2014-05-29,1.0044066586
2014-05-30,1.0409240988
2014-05-31,1.021212493
2014-06-01,1.0163133797
2014-06-02,1.0236419199
2014-06-03,1.0161926457
2014-06-04,1.0063992661
2014-06-05,1.0106005385
2014-06-06,1.0108921499
2014-06-07,1.006823096
2014-06-08,1.0078818271
2014-06-09,1.0320544976
2014-06-10,1.0203919802
2014-06-11,1.0130491293
2014-06-12,1.1033327805
2014-06-13,1.0095182165
2014-06-14,0.9899792471
2014-06-15,0.9992041596
2014-06-16,1.0063569366
2014-06-17,1.0022654362
2014-06-18,1.0047083396
2014-06-19,1.001631179
2014-06-20,1.0012930142
2014-06-21,1.0010421988
2014-06-22,1.004736863
2014-06-23,1.0054204297
2014-06-24,1.004917076
2014-06-25,0.9936932833
2014-06-26,1.0116725748
2014-06-27,1.0077178945
2014-06-28,1.0058283079
2014-06-29,1.0386339047
2014-06-30,1.0196992685
2014-07-01,1.0138396993
2014-07-02,1.0179413492
2014-07-03,1.0196530165
2014-07-04,1.006849252
2014-07-05,1.0060686014
2014-07-06,1.006043833
2014-07-07,1.0073185653
2014-07-08,1.0014548194
2014-07-09,1.024283469
2014-07-10,1.0062502519
2014-07-11,1.0069941682
2014-07-12,1.0050453246
2014-07-13,1.0047200636
2014-07-14,1.0013432101
2014-07-15,1.0046108327
2014-07-16,1.0013452251
2014-07-17,1.0074337884
2014-07-18,1.0058037914
2014-07-19,0.996735938
2014-07-20,1.0057791001
2014-07-21,1.017657007
2014-07-22,1.0060340645
2014-07-23,1.0168625068
2014-07-24,1.0024983455
2014-07-25,1.0007855076
2014-07-26,0.9985972792
2014-07-27,1.0032558801
2014-07-28,0.9954488409
2014-07-29,0.9945159103
2014-07-30,0.9892356998
2014-07-31,1.0078587513
2014-08-01,1.0192391558
2014-08-02,1.0040139388
2014-08-03,0.9978479862
2014-08-04,1.0182435475
2014-08-05,1.0806870598
2014-08-06,1.0013074536
2014-08-07,1.0055595091
2014-08-08,1.0049692129
2014-08-09,1.0063661267
2014-08-10,1.0050413243
2014-08-11,0.9995441968
2014-08-12,0.9983638585
2014-08-13,0.9955181851
2014-08-14,0.9772139722
2014-08-15,0.9906070527
2014-08-16,0.9967675066
2014-08-17,1.0010731376
2014-08-18,0.9752221313
2014-08-19,0.9932591438
2014-08-20,1.0007535883
2014-08-21,0.9992864372
2014-08-22,0.9996204027
2014-08-23,0.9885339595
2014-08-24,0.9981586111
2014-08-25,0.99848875
2014-08-26,1.0005307383
2014-08-27,0.9995475806
2014-08-28,0.9465293127
2014-08-29,0.9905868178
2014-08-30,0.9980015444
2014-08-31,0.9972869184
2014-09-01,1.0016955269
2014-09-02,0.9856820969
2014-09-03,0.9939375871
2014-09-04,1.002132429
2014-09-05,1.0057202924
2014-09-06,1.0040187768
2014-09-07,0.9793388915
2014-09-08,0.9900513496
2014-09-09,0.9783996845
2014-09-10,0.992191982
2014-09-11,0.9912548591
2014-09-12,0.9832194143
2014-09-13,0.9980264637
2014-09-14,0.9996557862
2014-09-15,0.9903824639
2014-09-16,0.9910605694
2014-09-17,0.9916878153
2014-09-18,0.9718253236
2014-09-19,0.9597983335
2014-09-20,0.9692343219
2014-09-21,0.9488374789
2014-09-22,0.9835880549
2014-09-23,0.9906610363
2014-09-24,0.9949104314
2014-09-25,0.9896684084
2014-09-26,0.9678452045
2014-09-27,0.9875330034
2014-09-28,0.9907586944
2014-09-29,0.9550932361
2014-09-30,0.9807638179
2014-10-01,0.9810881997
2014-10-02,0.9808306148
2014-10-03,0.9461874817
2014-10-04,0.9623524242
2014-10-05,0.9777497836
2014-10-06,0.9084181615
2014-10-07,0.9733949177
2014-10-08,1.0036706449
2014-10-09,0.9888231343
2014-10-10,0.9872499185
2014-10-11,0.9794840347
2014-10-12,0.9777688736
2014-10-13,1.0177248542
2014-10-14,1.0068924118
2014-10-15,0.9779733841
2014-10-16,0.9986557221
2014-10-17,0.9840009714
2014-10-18,1.0028476792
2014-10-19,1.0002431904
2014-10-20,0.9952262097
2014-10-21,0.9957661021
2014-10-22,0.9941094901
2014-10-23,0.986821287
2014-10-24,0.9768484954
2014-10-25,0.9866497484
2014-10-26,0.9943541251
2014-10-27,0.9890920631
2014-10-28,0.9939689845
2014-10-29,0.9780059512
2014-10-30,0.9829281758
2014-10-31,0.9849964276
2014-11-01,0.9867956348
2014-11-02,0.9834463258
2014-11-03,0.988269652
2014-11-04,0.9833113213
2014-11-05,0.9940561548
2014-11-06,1.0231519136
2014-11-07,0.9892666161
2014-11-08,1.0001053132
2014-11-09,0.9790356961
2014-11-10,1.0029458782
2014-11-11,0.9942577022
2014-11-12,1.0141850713
2014-11-13,1.0214222564
2014-11-14,0.9949377687
2014-11-15,0.9935643919
2014-11-16,1.0001519656
2014-11-17,0.9919406631
2014-11-18,0.9930551858
2014-11-19,0.9892925059
2014-11-20,0.981561125
2014-11-21,0.9908044177
2014-11-22,0.9965427944
2014-11-23,0.9969820905
2014-11-24,1.0020647385
2014-11-25,0.9973183231
2014-11-26,0.9935942576
2014-11-27,0.9970942028
2014-11-28,0.9152908032
2014-11-29,0.9980368099
2014-11-30,1.0002860939
2014-12-01,0.9979343309
2014-12-02,0.9894669256
2014-12-03,0.9991292919
2014-12-04,0.9662231165
2014-12-05,0.9979499604
2014-12-06,0.9978326732
2014-12-07,0.9974612345
2014-12-08,0.944284723
2014-12-09,0.9984370057
2014-12-10,0.980493367
2014-12-11,0.9928336948
2014-12-12,0.993576107
2014-12-13,0.994096509
2014-12-14,0.9958570125
2014-12-15,0.9897540307
2014-12-16,0.9910770795
2014-12-17,0.9867235449
2014-12-18,0.9829707497
2014-12-19,0.9811676345
2014-12-20,0.9879901743
2014-12-21,0.9645834014
2014-12-22,0.9943169439
2014-12-23,0.9549351245
2014-12-24,0.9953946375
2014-12-25,0.9940631793
2014-12-26,0.9947061927
2014-12-27,0.9918398668
2014-12-28,0.9842803011
2014-12-29,0.9874132249
2014-12-30,0.9468210294
2014-12-31,0.9769298
2015-01-01,0.9959874534
2015-01-02,0.9944332519
2015-01-03,0.9666128549
2015-01-04,0.9731539197
2015-01-05,0.971256948
2015-01-06,0.9922860682
2015-01-07,0.9867793695
2015-01-08,0.9803067372
2015-01-09,0.9732159399
2015-01-10,0.9858640211
2015-01-11,0.9932499869
2015-01-12,0.979541376
2015-01-13,0.9652791935
2015-01-14,0.9393975643
2015-01-15,0.9905664335
2015-01-16,0.9860812628
2015-01-17,0.9799417779
2015-01-18,0.9901724034
2015-01-19,0.9880820813
2015-01-20,0.9865107399
2015-01-21,0.9203551093
2015-01-22,1.000104873
2015-01-23,0.994064312
2015-01-24,1.0013058079
2015-01-25,0.9995583165
2015-01-26,0.9848397833
2015-01-27,0.9903731216
2015-01-28,1.0131333341
2015-01-29,0.9759011961
2015-01-30,0.9763286759
2015-01-31,0.9644722275
2015-02-01,0.9868072658
2015-02-02,0.9855291961
2015-02-03,0.9960412868
2015-02-04,0.9854301656
2015-02-05,0.9822762873
2015-02-06,0.9920350538
2015-02-07,0.9898033648
2015-02-08,0.9893925815
2015-02-09,0.9798852166
2015-02-10,0.9868529632
2015-02-11,0.9768698836
2015-02-12,0.9911623295
2015-02-13,1.0004151361
2015-02-14,0.9985623702
2015-02-15,0.9977454242
2015-02-16,0.9881019901
2015-02-17,0.9967702767
2015-02-18,0.994903663
2015-02-19,0.949613918
2015-02-20,1.0320848753
2015-02-21,0.9979308294
2015-02-22,0.9844325158
2015-02-23,0.9844696245
2015-02-24,0.986826981
2015-02-25,0.9727728739
2015-02-26,0.994922515
2015-02-27,1.0022933764
2015-02-28,0.9908853647
2015-03-01,1.0058379694
2015-03-02,1.0013472522
2015-03-03,0.9816649366
2015-03-04,1.0069071733
2015-03-05,0.989116602
2015-03-06,1.002864185
2015-03-07,0.9819781609
2015-03-08,0.9899105325
2015-03-09,0.984348917
2015-03-10,1.0297064137
2015-03-11,1.0083137533
2015-03-12,1.0234357495
2015-03-13,0.9806860161
2015-03-14,0.9979606649
2015-03-15,0.9969941285
2015-03-16,0.9947837415
2015-03-17,1.0018681482
2015-03-18,0.98900878
2015-03-19,0.9734810598
2015-03-20,0.9912731976
2015-03-21,0.9944361982
2015-03-22,0.9910491944
2015-03-23,0.9942198013
2015-03-24,0.9851327347
2015-03-25,0.9853111304
2015-03-26,0.9906581694
2015-03-27,0.9902481829
2015-03-28,0.9953863298
2015-03-29,0.9901931633
2015-03-30,0.9885047994
2015-03-31,0.9921758001
2015-04-01,0.9624908786
2015-04-02,1.0014827822
2015-04-03,0.9922220384
2015-04-04,0.9999277015
2015-04-05,0.9993202097
2015-04-06,0.9988693214
2015-04-07,0.9951018331
2015-04-08,0.992872414
2015-04-09,0.9827963483
2015-04-10,0.9571919066
2015-04-11,0.9921363846
2015-04-12,0.9832362253
2015-04-13,0.9771397224
2015-04-14,0.9796901136
2015-04-15,0.9295697349
2015-04-16,0.9935197357
2015-04-17,0.9912409459
2015-04-18,0.9949646891
2015-04-19,0.9974756648
2015-04-20,0.9917921227
2015-04-21,0.9914851041
2015-04-22,0.9983386613
2015-04-23,1.0004850396
2015-04-24,0.9943268753
2015-04-25,0.9952035142
2015-04-26,0.9904277241
2015-04-27,0.9906681921
2015-04-28,0.9964763388
2015-04-29,0.9961017576
2015-04-30,1.000921582
2015-05-01,0.9977845179
2015-05-02,0.9978576308
2015-05-03,1.0026220263
2015-05-04,0.9988346774
2015-05-05,0.9940128162
2015-05-06,0.9971672252
2015-05-07,0.9950656995
2015-05-08,1.0007386172
2015-05-09,0.9994274142
2015-05-10,0.996901222
2015-05-11,0.9883177911
2015-05-12,0.9938476237
2015-05-13,0.9972893461
2015-05-14,0.992812963
2015-05-15,0.9969064496
2015-05-16,0.995776233
2015-05-17,0.9969297361
2015-05-18,0.993147722
2015-05-19,0.9951486357
2015-05-20,0.997441257
2015-05-21,0.9969780752
2015-05-22,0.9963377577
2015-05-23,0.9956565277
2015-05-24,0.9991096126
2015-05-25,0.9910689167
2015-05-26,0.9956582338
2015-05-27,0.9931786387
2015-05-28,0.9911607459
2015-05-29,0.9979793227
2015-05-30,0.9434908252
2015-05-31,0.9902302897
2015-06-01,0.9869738773
2015-06-02,0.9902019506
2015-06-03,0.9923915803
2015-06-04,0.9953815037
2015-06-05,0.9968573118
2015-06-06,0.9976619761
2015-06-07,0.9858014886
2015-06-08,0.9979565535
2015-06-09,0.9993894072
2015-06-10,0.9935438424
2015-06-11,0.9928464611
2015-06-12,1.000733838
2015-06-13,0.9922403202
2015-06-14,0.9969194952
2015-06-15,0.9996187656
2015-06-16,1.005199191
2015-06-17,1.0013554831
2015-06-18,0.9979560235
2015-06-19,1.0014379977
2015-06-20,0.9994730312
2015-06-21,1.0014658983
2015-06-22,0.9999362101
2015-06-23,0.997685376
2015-06-24,0.9941289392
2015-06-25,0.9940767888
2015-06-26,0.9979333274
2015-06-27,1.0012749252
2015-06-28,1.0016688557
2015-06-29,1.0027515003
2015-06-30,1.0071817706
2015-07-01,1.0001090774
2015-07-02,0.9972894604
2015-07-03,0.9809177392
2015-07-04,1.0007259139
2015-07-05,0.9999408228
2015-07-06,1.0049080262
2015-07-07,1.0049201537
2015-07-08,1.0008609777
2015-07-09,0.9910040075
2015-07-10,1.0071963683
2015-07-11,1.0042828865
2015-07-12,1.0143479257
2015-07-13,0.9983941686
2015-07-14,1.0014859469
2015-07-15,1.0023419283
2015-07-16,0.9954596167
2015-07-17,1.0006551208
2015-07-18,0.9952739938
2015-07-19,0.9982596663
2015-07-20,0.9872949844
2015-07-21,0.9981190004
2015-07-22,0.9986234642
2015-07-23,1.0011416529
2015-07-24,1.0038245217
2015-07-25,1.0079400615
2015-07-26,1.0057696381
2015-07-27,1.0018699523
2015-07-28,1.0023665053
2015-07-29,0.9976008153
2015-07-30,0.9959772563
2015-07-31,1.0017991104
2015-08-01,0.9975659133
2015-08-02,0.9993034643
2015-08-03,1.000311687
2015-08-04,0.9947079867
2015-08-05,0.9990327961
2015-08-06,0.9979709698
2015-08-07,0.9980822726
2015-08-08,1.0023695553
2015-08-09,0.9415226716
2015-08-10,0.9952103361
2015-08-11,0.9979453882
2015-08-12,0.9988953184
2015-08-13,0.9963771017
2015-08-14,0.9934488888
2015-08-15,0.9939620371
2015-08-16,0.9886141871
2015-08-17,0.9954097712
2015-08-18,0.9886752374
2015-08-19,0.9791027254
2015-08-20,0.9859544343
2015-08-21,0.9886871399
2015-08-22,0.9896154425
2015-08-23,0.9991743578
2015-08-24,0.9766554722
2015-08-25,0.9538664383
2015-08-26,0.9789537259
2015-08-27,0.9969932907
2015-08-28,0.9993762685
2015-08-29,0.9931672034
2015-08-30,0.9955755998
2015-08-31,0.9976014676
2015-09-01,0.9950483955
2015-09-02,0.9950876031
2015-09-03,0.9895217206
2015-09-04,0.9962677015
2015-09-05,0.9992511236
2015-09-06,1.0023397265
2015-09-07,1.000990347
2015-09-08,1.0018700058
2015-09-09,0.9988891905
2015-09-10,0.9892477359
2015-09-11,0.9984363259
2015-09-12,0.9958530336
2015-09-13,0.993529257
2015-09-14,0.9936747163
2015-09-15,0.9959057975
2015-09-16,0.9965365543
2015-09-17,0.9987204468
2015-09-18,0.9990755477
2015-09-19,0.996811658
2015-09-20,0.9963717807
2015-09-21,0.999030476
2015-09-22,0.9972800168
2015-09-23,0.9869518197
2015-09-24,0.9999751699
2015-09-25,0.9992370736
2015-09-26,0.9980953455
2015-09-27,0.9978414801
2015-09-28,0.9969558639
2015-09-29,1.0000804626
2015-09-30,0.9989014814
2015-10-01,0.997221823
2015-10-02,1.0001588437
2015-10-03,1.0008309697
2015-10-04,0.9983690361
2015-10-05,0.9990446742
2015-10-06,1.0015982642
2015-10-07,0.9939245265
2015-10-08,0.9965629006
2015-10-09,1.0000665276
2015-10-10,0.9984305811
2015-10-11,0.999401139
2015-10-12,0.9877524993
2015-10-13,1.0020228074
2015-10-14,0.9943397922
2015-10-15,1.0013763591
2015-10-16,1.0046668937
2015-10-17,1.0064355527
2015-10-18,1.0010417295
2015-10-19,1.0009190518
2015-10-20,1.0065177272
2015-10-21,1.0022101699
2015-10-22,1.003090032
2015-10-23,1.0058388662
2015-10-24,1.0054850288
2015-10-25,1.0088499011
2015-10-26,1.0032608857
2015-10-27,1.0089173009
2015-10-28,1.0112661216
2015-10-29,1.0127615171
2015-10-30,1.0182747119
2015-10-31,1.0102974256
2015-11-01,1.0080737731
2015-11-02,1.0162156414
2015-11-03,1.0111745273
2015-11-04,1.0158275058
2015-11-05,1.0091937137
2015-11-06,0.998467739
2015-11-07,1.0112186636
2015-11-08,0.9991540718
2015-11-09,1.0040116804
2015-11-10,0.9884193961
2015-11-11,0.9860600522
2015-11-12,0.999799058
2015-11-13,1.0021719207
2015-11-14,1.0004136416
2015-11-15,0.997381197
2015-11-16,0.9977183048
2015-11-17,1.0116699915
2015-11-18,1.0012465388
2015-11-19,0.9984463697
2015-11-20,0.9970668829
2015-11-21,1.0004528441
2015-11-22,1.0023539212
2015-11-23,0.9986983969
2015-11-24,0.9984398113
2015-11-25,1.0003318644
2015-11-26,1.0080708776
2015-11-27,1.0058210937
2015-11-28,1.0024377997
2015-11-29,1.0062789094
2015-11-30,1.0108865581
2015-12-01,1.0017511902
2015-12-02,0.9999252354
2015-12-03,1.0020430136
2015-12-04,1.0015905226
2015-12-05,1.0029073002
2015-12-06,1.0043396245
2015-12-07,1.005610395
2015-12-08,1.0053194675
2015-12-09,1.0112483984
2015-12-10,1.0045234172
2015-12-11,1.0088917903
2015-12-12,1.0033016029
2015-12-13,1.0021237806
2015-12-14,1.0067466287
2015-12-15,1.0068056452
2015-12-16,1.0025042286
2015-12-17,1.0031530715
2015-12-18,1.0048944753
2015-12-19,1.0033626857
2015-12-20,1.0002088126
2015-12-21,1.0002809468
2015-12-22,1.0010351286
2015-12-23,1.0026648361
2015-12-24,1.0033110307
2015-12-25,1.0040957768
2015-12-26,0.9965226915
2015-12-27,0.9985963629
2015-12-28,1.0000619022
2015-12-29,1.0003118958
2015-12-30,1.0008103475
2015-12-31,1.0083403078
2016-01-01,1.0026608632
2016-01-02,1.0014637794
2016-01-03,1.00527739
2016-01-04,1.0052092917
2016-01-05,1.0031046541
2016-01-06,1.0025734129
2016-01-07,1.0238752308
2016-01-08,1.0094533059
2016-01-09,1.0036766237
2016-01-10,1.0158846939
2016-01-11,1.0064616615
2016-01-12,1.0048903567
2016-01-13,0.9967736581
2016-01-14,0.9992767579
2016-01-15,0.9856642261
2016-01-16,0.9911421402
2016-01-17,0.9999520308
2016-01-18,0.9990670393
2016-01-19,0.9995766746
2016-01-20,1.0038110262
2016-01-21,1.000839619
2016-01-22,0.9927238348
2016-01-23,1.0000305032
2016-01-24,1.0001208939
2016-01-25,1.0003799457
2016-01-26,1.0001738574
2016-01-27,1.0000182167
2016-01-28,0.997358548
2016-01-29,0.9974550987
2016-01-30,1.0012448427
2016-01-31,0.9990393289
2016-02-01,0.9952355867
2016-02-02,0.9984459835
2016-02-03,0.9944041853
2016-02-04,1.0027663736
2016-02-05,1.0000837321
2016-02-06,0.9975735245
2016-02-07,1.000270044
2016-02-08,0.9978315476
2016-02-09,0.9963606254
2016-02-10,1.0014967258
2016-02-11,1.0002081991
2016-02-12,1.0013028149
2016-02-13,1.0019633711
2016-02-14,1.0040004839
2016-02-15,1.0015374659
2016-02-16,1.0038401801
2016-02-17,1.0060707311
2016-02-18,1.0024158898
2016-02-19,1.0026640278
2016-02-20,1.0036436212
2016-02-21,1.0018222473
2016-02-22,1.0021252815
2016-02-23,0.9995560075
2016-02-24,1.0015430354
2016-02-25,1.0010892759
2016-02-26,1.0016520972
2016-02-27,1.0017131611
2016-02-28,1.0011659635
2016-02-29,1.002256017
2016-03-01,1.001965718
2016-03-02,1.0005771785
2016-03-03,1.0007336764
2016-03-04,1.0001379697
2016-03-05,0.9998272635
2016-03-06,1.0008734356
2016-03-07,1.0017605453
2016-03-08,1.0003780349
2016-03-09,0.9975036902
2016-03-10,1.0018573751
2016-03-11,1.0023298602
2016-03-12,0.9999958476
2016-03-13,1.0012902723
2016-03-14,1.0017528615
2016-03-15,1.0009179672
2016-03-16,1.0002966427
2016-03-17,1.0007206278
2016-03-18,0.9998932796
2016-03-19,0.9984727191
2016-03-20,1.0008239994
2016-03-21,1.0022693454
2016-03-22,1.0037152097
2016-03-23,1.0014232314
2016-03-24,1.0019722569
2016-03-25,1.0023611754
2016-03-26,1.0034073744
2016-03-27,1.0033140766
2016-03-28,1.0034774769
2016-03-29,1.0004725472
2016-03-30,1.0002675675
2016-03-31,1.0021866433
2016-04-01,1.0014836127
2016-04-02,1.0016957994
2016-04-03,1.0014529775
2016-04-04,1.0012231204
2016-04-05,1.0022768552
2016-04-06,1.004290239
2016-04-07,1.0088296674
2016-04-08,1.0003407559
2016-04-09,1.0001058034
2016-04-10,1.0067954086
2016-04-11,1.0012342764
2016-04-12,1.0025111863
2016-04-13,1.0007109697
2016-04-14,1.0006009564
2016-04-15,1.0012240286
2016-04-16,1.0014761254
2016-04-17,1.0003091618
2016-04-18,1.0004949234
2016-04-19,1.0013239216
2016-04-20,1.0021703425
2016-04-21,1.0021030441
2016-04-22,1.0018193269
2016-04-23,1.0030338735
2016-04-24,1.0036422061
2016-04-25,1.0081476863
2016-04-26,1.0061121591
2016-04-27,1.0001516571
2016-04-28,1.0004645289
2016-04-29,1.0022762585
2016-04-30,1.0015888382
2016-05-01,1.0053349712
2016-05-02,0.9998099075
2016-05-03,1.0010881751
2016-05-04,1.0010917241
2016-05-05,1.0012396432
2016-05-06,1.0043581494
2016-05-07,1.0038632722
2016-05-08,1.0023386349
2016-05-09,1.0026317528
2016-05-10,1.0020767422
2016-05-11,1.002188758
2016-05-12,1.0010735613
2016-05-13,1.0010830332
2016-05-14,1.0035982482
2016-05-15,1.001554883
2016-05-16,0.9999895151
2016-05-17,1.0127114901
2016-05-18,1.0020103636
2016-05-19,1.0012756108
2016-05-20,1.0014328192
2016-05-21,1.0009490166
2016-05-22,1.0002309042
2016-05-23,1.001972893
2016-05-24,1.0008367708
2016-05-25,1.002329784
2016-05-26,1.0016332202
2016-05-27,1.0100117896
2016-05-28,1.0099336917
2016-05-29,1.0112798318
2016-05-30,1.015498383
2016-05-31,1.0097709543
2016-06-01,1.0083773379
2016-06-02,1.0133396394
2016-06-03,1.0119511059
2016-06-04,1.013344224
2016-06-05,1.0084753091
2016-06-06,1.0131887032
2016-06-07,1.0057801415
2016-06-08,1.0091257666
2016-06-09,1.0055271821
2016-06-10,1.0061764713
2016-06-11,1.0088284829
2016-06-12,1.0211994844
2016-06-13,1.034941375
2016-06-14,1.0121229161
2016-06-15,1.0209322271
2016-06-16,1.0352370208
2016-06-17,1.013026304
2016-06-18,1.0109284898
2016-06-19,1.0084538969
2016-06-20,1.0055116036
2016-06-21,1.0019882233
2016-06-22,0.9914244669
2016-06-23,0.9958342633
2016-06-24,1.0091812688
2016-06-25,1.0090210159
2016-06-26,0.9956549029
2016-06-27,1.0049855803
2016-06-28,1.0026236763
2016-06-29,0.9984608767
2016-06-30,1.0118082463
2016-07-01,1.0077180699
2016-07-02,1.0065431367
2016-07-03,1.0009350758
2016-07-04,1.0034113252
2016-07-05,1.006204748
2016-07-06,1.0049590775
2016-07-07,0.9967194395
2016-07-08,1.0034230643
2016-07-09,1.0054360127
2016-07-10,1.0049866408
2016-07-11,1.0055358484
2016-07-12,1.0040665871
2016-07-13,1.0031851532
2016-07-14,1.0017978647
2016-07-15,1.001503116
2016-07-16,1.0023309122
2016-07-17,1.0075461904
2016-07-18,1.0029265129
2016-07-19,1.0049649759
2016-07-20,1.0012282447
2016-07-21,1.0012029056
2016-07-22,1.0007524236
2016-07-23,0.9999788422
2016-07-24,1.0096394518
2016-07-25,1.002137579
2016-07-26,1.0015881729
2016-07-27,1.00304351
2016-07-28,1.0017029808
2016-07-29,1.0023624445
2016-07-30,1.0027608315
2016-07-31,0.9967227249
2016-08-01,0.9948856155
2016-08-02,0.9906014173
2016-08-03,0.9963610272
2016-08-04,1.0028272907
2016-08-05,0.9998963338
2016-08-06,0.9988030192
2016-08-07,1.0016064178
2016-08-08,1.0003203922
2016-08-09,0.9982377893
2016-08-10,0.9984911097
2016-08-11,0.9997087413
2016-08-12,0.9999597211
2016-08-13,1.0004788149
2016-08-14,0.9988043695
2016-08-15,0.9980633339
2016-08-16,1.0007105405
2016-08-17,0.9994930469
2016-08-18,1.0002402148
2016-08-19,1.0003623683
2016-08-20,1.0082930748
2016-08-21,1.0018039806
2016-08-22,1.0008644369
2016-08-23,0.9998580985
2016-08-24,0.9988877708
2016-08-25,1.0075614536
2016-08-26,1.0013690166
2016-08-27,0.9988841418
2016-08-28,1.0002116212
2016-08-29,0.9977988711
2016-08-30,1.002889468
2016-08-31,1.0044547323
2016-09-01,0.99974532
2016-09-02,1.0006618723
2016-09-03,1.0037472002
2016-09-04,1.0076671801
2016-09-05,1.0031263482
2016-09-06,1.0055255335
2016-09-07,1.0040577158
2016-09-08,1.0064827889
2016-09-09,1.0038489931
2016-09-10,1.0028560055
2016-09-11,1.0023100719
2016-09-12,0.9999775927
2016-09-13,1.0047812816
2016-09-14,1.0020301771
2016-09-15,1.0018206345
2016-09-16,1.0030700232
2016-09-17,1.0011257181
2016-09-18,1.0016781055
2016-09-19,1.0010182916
2016-09-20,1.0057165961
2016-09-21,0.9991329886
2016-09-22,0.999968545
2016-09-23,1.0006086295
2016-09-24,0.9990889171
2016-09-25,1.0040004022
2016-09-26,1.0021231488
2016-09-27,1.0024105766
2016-09-28,1.0006584764
2016-09-29,1.0011359325
2016-09-30,1.0002782891
2016-10-01,1.0024906641
2016-10-02,1.0007908642
2016-10-03,1.004693009
2016-10-04,1.0042467971
2016-10-05,1.0017764196
2016-10-06,1.0015406344
2016-10-07,1.0015345866
2016-10-08,1.0017469197
2016-10-09,1.0006660509
2016-10-10,1.0014489829
2016-10-11,1.0058070796
2016-10-12,1.0069384176
2016-10-13,1.0025773276
2016-10-14,1.002136778
2016-10-15,1.0008892713
2016-10-16,1.0018900164
2016-10-17,1.007979906
2016-10-18,1.0041504377
2016-10-19,1.0020947435
2016-10-20,1.0009091158
2016-10-21,1.0034887083
2016-10-22,1.0049523112
2016-10-23,1.0027561672
2016-10-24,1.0021698984
2016-10-25,1.0036212751
2016-10-26,1.0077130846
2016-10-27,1.0070381787
2016-10-28,1.0065253975
2016-10-29,1.0119693676
2016-10-30,1.0030783987
2016-10-31,1.0080444374
2016-11-01,1.0109432646
2016-11-02,1.0025193326
2016-11-03,1.001230866
2016-11-04,1.0008896029
2016-11-05,1.0007691766
2016-11-06,1.0011170095
2016-11-07,1.0012937638
2016-11-08,1.0043729405
2016-11-09,1.0067975667
2016-11-10,1.0041823173
2016-11-11,1.0054730803
2016-11-12,1.0020188939
2016-11-13,1.0006682512
2016-11-14,1.0040057819
2016-11-15,1.0061321955
2016-11-16,1.0127044156
2016-11-17,1.0130149995
2016-11-18,1.0085511461
2016-11-19,1.0068470798
2016-11-20,1.0023878233
2016-11-21,1.0057691021
2016-11-22,1.007733263
2016-11-23,1.0157037298
2016-11-24,1.0125722022
2016-11-25,1.0031550729
2016-11-26,1.0049097956
2016-11-27,1.0059321595
2016-11-28,1.0056289256
2016-11-29,1.0039202373
2016-11-30,1.0074365495
2016-12-01,1.009450706
2016-12-02,1.0117564344
2016-12-03,1.0534324322
2016-12-04,1.0052028594
2016-12-05,1.0043160929
2016-12-06,1.0043287883
2016-12-07,1.0064812314
2016-12-08,1.0104012136
2016-12-09,1.004430534
2016-12-10,1.0117486414
2016-12-11,1.0044592359
2016-12-12,1.0067284353
2016-12-13,1.0065076979
2016-12-14,1.0060233688
2016-12-15,1.0065736655
2016-12-16,1.0047048284
2016-12-17,1.0077203809
2016-12-18,1.0078322197
2016-12-19,1.0039943744
2016-12-20,1.0070077038
2016-12-21,1.0127288183
2016-12-22,1.0156220765
2016-12-23,1.0204929674
2016-12-24,1.0090749763
2016-12-25,1.0076071121
2016-12-26,1.0121786441
2016-12-27,1.0126889735
2016-12-28,1.0215890328
2016-12-29,1.0200664198
2016-12-30,1.0101612368
2016-12-31,1.0081862514
2017-01-01,1.0212772985
2017-01-02,1.0239637588
2017-01-03,1.0177640995
2017-01-04,1.0287201902
2017-01-05,1.0265850814
2017-01-06,0.995515784
2017-01-07,0.9964932059
2017-01-08,1.0063635505
2017-01-09,1.0033739073
2017-01-10,1.0034263953
2017-01-11,0.9938379795
2017-01-12,0.996756299
2017-01-13,0.9998296403
2017-01-14,1.0007325432
2017-01-15,1.0005783557
2017-01-16,1.0017436873
2017-01-17,1.0099581577
2017-01-18,1.0034423041
2017-01-19,1.004018207
2017-01-20,1.0024941085
2017-01-21,1.0086608959
2017-01-22,1.0111665943
2017-01-23,1.0067517628
2017-01-24,1.0060972355
2017-01-25,1.0056707003
2017-01-26,1.0057983651
2017-01-27,1.0045820888
2017-01-28,1.0042573565
2017-01-29,1.0165099006
2017-01-30,1.0054276682
2017-01-31,1.0086078698
2017-02-01,1.0086001559
2017-02-02,1.0111001591
2017-02-03,1.0114558959
2017-02-04,1.0062934361
2017-02-05,1.0067289152
2017-02-06,1.0107469375
2017-02-07,1.0124366404
2017-02-08,1.0098961732
2017-02-09,1.0038821391
2017-02-10,1.0052079855
2017-02-11,1.0045969776
2017-02-12,1.0091682842
2017-02-13,1.008656464
2017-02-14,1.00568428
2017-02-15,1.0034171449
2017-02-16,1.0043322009
2017-02-17,1.0107031594
2017-02-18,1.010306211
2017-02-19,1.0068435617
2017-02-20,1.007512157
2017-02-21,1.0143579496
2017-02-22,1.0134308379
2017-02-23,1.0098749709
2017-02-24,1.0275493793
2017-02-25,1.008457027
2017-02-26,1.0084158814
2017-02-27,1.0108441293
2017-02-28,1.008766184
2017-03-01,1.0118406519
2017-03-02,1.0128149215
2017-03-03,1.0090070426
2017-03-04,1.0087416553
2017-03-05,1.0120732492
2017-03-06,1.0151034315
2017-03-07,1.0077215155
2017-03-08,1.0034652255
2017-03-09,1.001451309
2017-03-10,1.0048681363
2017-03-11,1.0048622396
2017-03-12,1.0107110675
2017-03-13,1.0213956087
2017-03-14,1.0059462529
2017-03-15,1.0121197079
2017-03-16,1.0054527619
2017-03-17,0.9996493488
2017-03-18,0.9956190203
2017-03-19,1.0009565678
2017-03-20,0.9987343274
2017-03-21,1.0033543267
2017-03-22,1.0005174657
2017-03-23,0.9996165199
2017-03-24,1.0002894054
2017-03-25,1.0346411026
2017-03-26,1.0067504448
2017-03-27,1.0047291684
2017-03-28,1.0072000361
2017-03-29,1.0033061177
2017-03-30,1.0034431645
2017-03-31,1.0069587545
2017-04-01,1.004048276
2017-04-02,1.0029296521
2017-04-03,1.0056586134
2017-04-04,1.0059871726
2017-04-05,1.0061911229
2017-04-06,1.0112419258
2017-04-07,1.0040896163
2017-04-08,1.0009687992
2017-04-09,1.0120184757
2017-04-10,1.0075676767
2017-04-11,1.0083842187
2017-04-12,1.0088126837
2017-04-13,1.0020966754
2017-04-14,1.004715523
2017-04-15,1.0032990081
2017-04-16,1.0015968553
2017-04-17,1.0082244474
2017-04-18,1.0064883133
2017-04-19,1.0050105132
2017-04-20,1.0083833794
2017-04-21,1.005901067
2017-04-22,1.0038219731
2017-04-23,1.0054580967
2017-04-24,1.0092836389
2017-04-25,1.0064605317
2017-04-26,1.0089891856
2017-04-27,1.0100845224
2017-04-28,1.0141999116
2017-04-29,1.0079809265
2017-04-30,1.0112431548
2017-05-01,1.0179970326
2017-05-02,1.0156985595
2017-05-03,1.013126536
2017-05-04,1.0231649837
2017-05-05,1.0178699424
2017-05-06,1.0102759724
2017-05-07,1.0097906958
2017-05-08,1.0134494485
2017-05-09,1.0190183143
2017-05-10,1.0114461008
2017-05-11,1.0216667648
2017-05-12,1.0100457824
2017-05-13,1.0067881914
2017-05-14,1.0072717941
2017-05-15,1.0076847981
2017-05-16,1.0076814073
2017-05-17,1.0131653498
2017-05-18,1.0091396892
2017-05-19,1.0179455029
2017-05-20,1.0146194599
2017-05-21,1.0173152933
2017-05-22,1.0285914071
2017-05-23,1.0210589692
2017-05-24,1.023952781
2017-05-25,1.0350327673
2017-05-26,1.0176166696
2017-05-27,0.9995194874
2017-05-28,1.009617516
2017-05-29,1.0105912306
2017-05-30,1.0079459372
2017-05-31,1.0146020239
2017-06-01,1.0171701661
2017-06-02,1.0109052658
2017-06-03,1.0128290172
2017-06-04,1.0091476556
2017-06-05,1.0160042592
2017-06-06,1.024887019
2017-06-07,1.014125147
2017-06-08,1.0173940369
2017-06-09,1.0177238099
2017-06-10,1.0210219071
2017-06-11,1.0181632794
2017-06-12,1.0208868032
2017-06-13,1.017247844
2017-06-14,1.1400132929
2017-06-15,0.9954910142
2017-06-16,1.0099400867
2017-06-17,1.0091073059
2017-06-18,1.0183740878
2017-06-19,1.1202715
2017-06-20,1.0140193209
2017-06-21,1.0079617185
2017-06-22,1.0109611915
2017-06-23,1.0104603253
2017-06-24,1.0034845368
2017-06-25,1.0028746956
2017-06-26,1.0000074124
2017-06-27,1.0028992043
2017-06-28,1.0100728943
2017-06-29,1.008092473
2017-06-30,1.0091117282
2017-07-01,1.0029830157
2017-07-02,1.0072362409
2017-07-03,1.010047592
2017-07-04,1.008507721
2017-07-05,1.01188993
2017-07-06,1.0078808877
2017-07-07,1.0115202956
2017-07-08,1.0042191207
2017-07-09,1.0036343239
2017-07-10,0.9998412236
2017-07-11,1.0008807315
2017-07-12,1.0008298185
2017-07-13,1.0037713142
2017-07-14,0.9995300983
2017-07-15,0.9874982098
2017-07-16,0.9864015957
2017-07-17,1.0110031713
2017-07-18,1.0098194543
2017-07-19,1.0080235413
2017-07-20,1.0244742445
2017-07-21,1.0157496098
2017-07-22,1.0187290183
2017-07-23,1.010698413
2017-07-24,1.0110961394
2017-07-25,1.0073392473
2017-07-26,1.0030826669
2017-07-27,1.019466239
2017-07-28,1.0311491577
2017-07-29,1.0214653948
2017-07-30,1.0150768604
2017-07-31,1.0628874929
2017-08-01,1.0314129146
2017-08-02,1.0211613768
2017-08-03,1.0354620751
2017-08-04,1.0592647103
2017-08-05,1.0600269491
2017-08-06,1.0737818722
2017-08-07,1.0545586916
2017-08-08,1.0396761002
2017-08-09,1.0281169847
2017-08-10,1.0196771716
2017-08-11,1.0166515573
2017-08-12,1.0315847494
2017-08-13,1.0327450869
2017-08-14,1.0321557907
2017-08-15,1.0197033276
2017-08-16,1.0188377109
2017-08-17,1.0296484464
2017-08-18,1.018171414
2017-08-19,1.0250927849
2017-08-20,1.0387311993
2017-08-21,1.013225311
2017-08-22,1.0237343692
2017-08-23,1.0253766911
2017-08-24,1.0199716835
2017-08-25,1.0273310044
2017-08-26,1.022588074
2017-08-27,1.0221281452
2017-08-28,1.0219007189
2017-08-29,1.0381489151
2017-08-30,1.0264344327
2017-08-31,1.0401931401
2017-09-01,1.0360032863
2017-09-02,1.0230346433
2017-09-03,1.0175581899
2017-09-04,1.0136585114
2017-09-05,1.0034715966
2017-09-06,1.0169030932
2017-09-07,1.0302352874
2017-09-08,1.0048835006
2017-09-09,1.0045715759
2017-09-10,1.0151544266
2017-09-11,1.0043056927
2017-09-12,1.0059874666
2017-09-13,0.993982344
2017-09-14,0.9878654816
2017-09-15,0.9979891649
2017-09-16,1.0067559947
2017-09-17,1.0016530708
2017-09-18,1.0100132399
2017-09-19,1.008391383
2017-09-20,1.0065920364
2017-09-21,1.0004673826
2017-09-22,1.0023591563
2017-09-23,1.0075761731
2017-09-24,1.0012196652
2017-09-25,1.0376206988
2017-09-26,1.0094123816
2017-09-27,1.012376989
2017-09-28,1.0134021598
2017-09-29,1.0084920741
2017-09-30,1.0195306325
2017-10-01,1.0125952414
2017-10-02,1.018231744
2017-10-03,1.0105305213
2017-10-04,1.0096067728
2017-10-05,1.0268894946
2017-10-06,1.0155408038
2017-10-07,1.0143517686
2017-10-08,1.0219340688
2017-10-09,1.0233762245
2017-10-10,1.0240223616
2017-10-11,1.0126142828
2017-10-12,1.0262625089
2017-10-13,1.0433744914
2017-10-14,1.0229825109
2017-10-15,1.0248022693
2017-10-16,1.0248259514
2017-10-17,1.0136361693
2017-10-18,1.0107018342
2017-10-19,1.0284367131
2017-10-20,1.0190207684
2017-10-21,1.021281565
2017-10-22,1.0325758266
2017-10-23,1.0354163054
2017-10-24,1.0164990872
2017-10-25,1.0127722846
2017-10-26,1.0170797475
2017-10-27,1.0131227129
2017-10-28,1.0100397672
2017-10-29,1.017253946
2017-10-30,1.0221735062
2017-10-31,1.0201631628
2017-11-01,1.0300316254
2017-11-02,1.0387273488
2017-11-03,1.0212350645
2017-11-04,1.0057865755
2017-11-05,1.008837315
2017-11-06,1.0135872472
2017-11-07,1.0113879988
2017-11-08,1.0108155379
2017-11-09,1.0247350738
2017-11-10,1.0179538755
2017-11-11,1.0206242861
2017-11-12,1.062649601
2017-11-13,1.0154239694
2017-11-14,1.0092311412
2017-11-15,1.0192107444
2017-11-16,1.023196063
2017-11-17,1.0239362011
2017-11-18,1.0155396546
2017-11-19,1.007947985
2017-11-20,1.0158510621
2017-11-21,1.0197596003
2017-11-22,1.0108428283
2017-11-23,1.0118305552
2017-11-24,1.0242823223
2017-11-25,1.0245264266
2017-11-26,1.039560304
2017-11-27,1.0369102524
2017-11-28,1.0393612589
2017-11-29,1.0376357908
2017-11-30,1.0189105888
2017-12-01,1.0294435729
2017-12-02,1.0312200381
2017-12-03,1.0263251008
2017-12-04,1.0261207
2017-12-05,1.0225260947
2017-12-06,1.0326306851
2017-12-07,1.0873039486
2017-12-08,1.0617059845
2017-12-09,1.0229741699
2017-12-10,1.0322566309
2017-12-11,1.0381402903
2017-12-12,1.0459341159
2017-12-13,1.0307337032
2017-12-14,1.0213028542
2017-12-15,1.0282781224
2017-12-16,1.0305848226
2017-12-17,1.0382533407
2017-12-18,1.0203109963
2017-12-19,1.0257655764
2017-12-20,1.0369567431
2017-12-21,1.0179223149
2017-12-22,1.0016761348
2017-12-23,1.0189308683
2017-12-24,1.0104250828
2017-12-25,1.0076817659
2017-12-26,1.0232844726
2017-12-27,1.027232292
2017-12-28,1.0059443784
2017-12-29,1.0140203028
2017-12-30,1.0176097812
2017-12-31,1.0037099831
2018-01-01,1.0029336859
2018-01-02,1.0162149414
2018-01-03,1.012084845
2018-01-04,1.0179192223
2018-01-05,1.0268538266
2018-01-06,1.0188994481
2018-01-07,1.0276306037
2018-01-08,1.0015537691
2018-01-09,1.0104355228
2018-01-10,1.0070101165
2018-01-11,1.0108057264
2018-01-12,1.0103220662
2018-01-13,1.0144271601
2018-01-14,1.0063607548
2018-01-15,1.0053752178
2018-01-16,0.9892565096
2018-01-17,0.9881510429
2018-01-18,0.9977560087
2018-01-19,0.9987790726
2018-01-20,1.0077495413
2018-01-21,0.9913730613
2018-01-22,0.9900976618
2018-01-23,0.986618233
2018-01-24,0.9988760478
2018-01-25,1.001202838
2018-01-26,1.0082574415
2018-01-27,1.0053067396
2018-01-28,1.0104651365
2018-01-29,0.9984318215
2018-01-30,0.9834180082
2018-01-31,0.9930964223
2018-02-01,0.9817037539
2018-02-02,0.9425466602
2018-02-03,0.9840403159
2018-02-04,1.0075760169
2018-02-05,0.958384512
2018-02-06,0.9615755056
2018-02-07,0.9807788069
2018-02-08,0.9858445131
2018-02-09,0.9859461674
2018-02-10,1.0004803153
2018-02-11,0.9934925111
2018-02-12,1.0044032965
2018-02-13,0.9909002009
2018-02-14,1.0101247588
2018-02-15,1.0242242714
2018-02-16,1.0122803318
2018-02-17,1.0116195261
2018-02-18,1.0074515908
2018-02-19,1.0147290285
2018-02-20,1.0268159104
2018-02-21,1.0070044422
2018-02-22,1.0844520934
2018-02-23,1.0084101868
2018-02-24,0.9988583257
2018-02-25,0.9933428111
2018-02-26,1.0053382851
2018-02-27,1.0157060358
2018-02-28,1.014092379
2018-03-01,1.0083952346
2018-03-02,1.0122532846
2018-03-03,1.0109770337
2018-03-04,1.0234547925
2018-03-05,1.0304672642
2018-03-06,0.9984709284
2018-03-07,0.9912203011
2018-03-08,0.9858864486
2018-03-09,0.9455121943
2018-03-10,0.9845195676
2018-03-11,1.0062823719
2018-03-12,0.9956199473
2018-03-13,0.9936778019
2018-03-14,0.9761413927
2018-03-15,0.9895906476
2018-03-16,0.9868911655
2018-03-17,0.9937176679
2018-03-18,0.9903674956
2018-03-19,0.9992792391
2018-03-20,0.9973216935
2018-03-21,1.0035366806
2018-03-22,0.9908181953
2018-03-23,0.9927068031
2018-03-24,1.0057296943
2018-03-25,0.9834486111
2018-03-26,0.9852850635
2018-03-27,0.9865355234
2018-03-28,0.9858590233
2018-03-29,0.9586502263
2018-03-30,0.9668874176
2018-03-31,0.9915285764
2018-04-01,0.9780082491
2018-04-02,0.9917827884
2018-04-03,0.9936606191
2018-04-04,0.9852021362
2018-04-05,0.9796727624
2018-04-06,0.9790213366
2018-04-07,0.9888615083
2018-04-08,0.99406398
2018-04-09,0.981645864
2018-04-10,0.9818743594
2018-04-11,0.9954310975
2018-04-12,1.0011627624
2018-04-13,1.0144646119
2018-04-14,0.9993487588
2018-04-15,1.0052611838
2018-04-16,0.9978060345
2018-04-17,0.9983315176
2018-04-18,1.0019745284
2018-04-19,1.0248956841
2018-04-20,1.007755692
2018-04-21,1.0151374871
2018-04-22,1.0093809171
2018-04-23,1.0110940742
2018-04-24,1.0119990504
2018-04-25,1.0039970112
2018-04-26,1.0174421459
2018-04-27,1.000931796
2018-04-28,1.0032666844
2018-04-29,1.0021273906
2018-04-30,1.0057932542
2018-05-01,1.0014741151
2018-05-02,1.0175646997
2018-05-03,1.0069112856
2018-05-04,1.009546229
2018-05-05,1.0073779313
2018-05-06,1.0011927123
2018-05-07,0.999981657
2018-05-08,0.9992633622
2018-05-09,1.0079741941
2018-05-10,1.0042692223
2018-05-11,0.9918149278
2018-05-12,0.9964835017
2018-05-13,0.999738344
2018-05-14,1.0439042138
2018-05-15,1.0010590972
2018-05-16,0.9876145249
2018-05-17,1.0426898652
2018-05-18,0.990302183
2018-05-19,1.0038888018
2018-05-20,1.0022404809
2018-05-21,1.0046138277
2018-05-22,0.992910623
2018-05-23,0.9884340936
2018-05-24,0.9966448582
2018-05-25,0.9885368612
2018-05-26,0.9916196241
2018-05-27,0.9915037407
2018-05-28,0.9855569212
2018-05-29,0.9926655801
2018-05-30,0.9969103003
2018-05-31,0.9955113052
2018-06-01,0.9936738602
2018-06-02,0.9998396682
2018-06-03,1.0016062578
2018-06-04,0.995386601
2018-06-05,0.9919226705
2018-06-06,0.9976726214
2018-06-07,0.9981913216
2018-06-08,0.9945214102
2018-06-09,0.9942577137
2018-06-10,0.9804192318
2018-06-11,0.9831472971
2018-06-12,0.9888672822
2018-06-13,0.9751941145
2018-06-14,0.9932335044
2018-06-15,0.9917980147
2018-06-16,0.9929859122
2018-06-17,0.9893049989
2018-06-18,0.9901443591
2018-06-19,0.9959618931
2018-06-20,0.9931516183
2018-06-21,1.0031308342
2018-06-22,0.985442547
2018-06-23,0.9906848672
2018-06-24,0.9824985629
2018-06-25,0.9919504708
2018-06-26,0.9431140869
2018-06-27,0.888077209
2018-06-28,0.9780290354
2018-06-29,0.9878313963
2018-06-30,0.9997611073
2018-07-01,0.9622479587
2018-07-02,1.0005340369
2018-07-03,0.9954766842
2018-07-04,1.0018549474
2018-07-05,0.9968827077
2018-07-06,0.9873113717
2018-07-07,0.9968326921
2018-07-08,0.9864138644
2018-07-09,0.9985955886
2018-07-10,0.9904873793
2018-07-11,0.9843516058
2018-07-12,0.9801857244
2018-07-13,0.9823019539
2018-07-14,0.9927855183
2018-07-15,0.9988730384
2018-07-16,0.9989909113
2018-07-17,1.0103109079
2018-07-18,1.0070101083
2018-07-19,1.0074372547
2018-07-20,1.0039148897
2018-07-21,1.0050554149
2018-07-22,1.0052949264
2018-07-23,1.0106395382
2018-07-24,1.0129116974
2018-07-25,1.0119334588
2018-07-26,1.0042575863
2018-07-27,1.0043546199
2018-07-28,1.0079883141
2018-07-29,1.0119997675
2018-07-30,1.0032534342
2018-07-31,1.0003281838
2018-08-01,0.9951457352
2018-08-02,0.9955467909
2018-08-03,0.9914965555
2018-08-04,0.9890816291
2018-08-05,0.9947109957
2018-08-06,0.9895021971
2018-08-07,0.9925266818
2018-08-08,0.9832254163
2018-08-09,0.9824747749
2018-08-10,0.9908748822
2018-08-11,0.9841505824
2018-08-12,0.9920217756
2018-08-13,0.9953207741
2018-08-14,0.9767181923
2018-08-15,0.98985861
2018-08-16,0.9969039943
2018-08-17,1.0033539034
2018-08-18,0.9933882565
2018-08-19,1.0054957342
2018-08-20,0.9968670523
2018-08-21,0.9977686979
2018-08-22,1.0056224773
2018-08-23,0.9979439945
2018-08-24,1.0005279981
2018-08-25,1.014119287
2018-08-26,1.0100551142
2018-08-27,1.0068247461
2018-08-28,1.0062610466
2018-08-29,1.016794684
2018-08-30,0.999364979
2018-08-31,0.999617838
2018-09-01,1.0039075928
2018-09-02,1.0042055947
2018-09-03,1.0012360754
2018-09-04,1.0041650733
2018-09-05,0.988044662
2018-09-06,0.9840360619
2018-09-07,0.9916701543
2018-09-08,0.9910885803
2018-09-09,0.9920063369
2018-09-10,0.9904138764
2018-09-11,0.9841433992
2018-09-12,0.9894407299
2018-09-13,0.9878532863
2018-09-14,0.9981514445
2018-09-15,0.9978203565
2018-09-16,0.9977736232
2018-09-17,0.9942291115
2018-09-18,0.9948066584
2018-09-19,0.9959153253
2018-09-20,0.9938986451
2018-09-21,0.9861928142
2018-09-22,0.997196816
2018-09-23,1.0001092213
2018-09-24,0.9965092743
2018-09-25,0.9870745631
2018-09-26,0.9983303791
2018-09-27,0.9990217925
2018-09-28,1.0033356924
2018-09-29,0.9936363438
2018-09-30,0.9979698843
2018-10-01,0.9895843369
2018-10-02,0.9955100206
2018-10-03,0.9909270163
2018-10-04,0.997141788
2018-10-05,0.9980007338
2018-10-06,0.9971696678
2018-10-07,0.9977617976
2018-10-08,1.0009396599
2018-10-09,0.9973267746
2018-10-10,0.9987993815
2018-10-11,0.9476915131
2018-10-12,0.9952679629
2018-10-13,0.9936574358
2018-10-14,0.9934549379
2018-10-15,1.0036274663
2018-10-16,0.9907152061
2018-10-17,0.9924658948
2018-10-18,0.9950220957
2018-10-19,1.0033375489
2018-10-20,0.9091990961
2018-10-21,0.9985469521
2018-10-22,0.9947507886
2018-10-23,0.9952048913
2018-10-24,0.9973105044
2018-10-25,0.9945379318
2018-10-26,0.9839703375
2018-10-27,0.9979644435
2018-10-28,0.9965147786
2018-10-29,0.9932335002
2018-10-30,0.9942201022
2018-10-31,0.9913198436
2018-11-01,0.9912029895
2018-11-02,0.998434535
2018-11-03,0.9966710856
2018-11-04,0.9962186825
2018-11-05,0.9987253978
2018-11-06,0.9978750321
2018-11-07,1.0020553996
2018-11-08,0.9995665918
2018-11-09,0.9989805323
2018-11-10,0.9981768772
2018-11-11,0.9984749432
2018-11-12,0.9985928736
2018-11-13,0.9931415002
2018-11-14,0.9839921113
2018-11-15,0.9388616237
2018-11-16,0.9805024823
2018-11-17,0.987473838
2018-11-18,0.9923975983
2018-11-19,0.9531710189
2018-11-20,0.9371155031
2018-11-21,0.9676130005
2018-11-22,0.9696380341
2018-11-23,0.966608661
2018-11-24,0.9612736791
2018-11-25,0.9429612161
2018-11-26,0.951681499
2018-11-27,0.9397771307
2018-11-28,0.986726185
2018-11-29,1.0118910214
2018-11-30,0.98190595
2018-12-01,1.0126844779
2018-12-02,0.9868404053
2018-12-03,1.042250978
2018-12-04,1.0574376242
2018-12-05,0.8777573376
2018-12-06,0.915951425
2018-12-07,0.9498803987
2018-12-08,0.9767028305
2018-12-09,0.9891812773
2018-12-10,0.9631209864
2018-12-11,0.9216119467
2018-12-12,0.9719689798
2018-12-13,0.9736076711
2018-12-14,0.9536171175
2018-12-15,0.9682348159
2018-12-16,0.9746307848
2018-12-17,0.9831310163
2018-12-18,0.9541162936
2018-12-19,0.9906887863
2018-12-20,1.0005350876
2018-12-21,0.9838785986
2018-12-22,0.9929110482
2018-12-23,0.9875156252
2018-12-24,0.992561691
2018-12-25,0.9807782153
2018-12-26,0.9892748767
2018-12-27,0.9846003156
2018-12-28,0.9543546209
2018-12-29,0.9904119694
2018-12-30,0.97499003
2018-12-31,0.9736652889
2019-01-01,0.9790313662
2019-01-02,0.9952512684
2019-01-03,0.9808226547
2019-01-04,0.9894755033
2019-01-05,0.9958338792
2019-01-06,0.9839290712
2019-01-07,0.9877974294
2019-01-08,0.9895346182
2019-01-09,0.9981125486
2019-01-10,0.8757136514
2019-01-11,0.9797489739
2019-01-12,0.9873561036
2019-01-13,0.9849142071
2019-01-14,0.9885402719
2019-01-15,1.0113732742
2019-01-16,0.9922815871
2019-01-17,0.9826937319
2019-01-18,0.988526885
2019-01-19,0.9860149033
2019-01-20,0.986981401
2019-01-21,0.9931813753
2019-01-22,0.9626384641
2019-01-23,0.9902443207
2019-01-24,0.994489233
2019-01-25,0.9917357987
2019-01-26,0.9887454389
2019-01-27,0.9872119729
2019-01-28,0.9811036933
2019-01-29,0.9865928447
2019-01-30,0.9887679675
2019-01-31,0.9935597321
2019-02-01,0.9934952337
2019-02-02,0.9951877825
2019-02-03,0.9904385394
2019-02-04,0.9890457451
2019-02-05,0.9963470219
2019-02-06,0.9932474403
2019-02-07,0.9929292555
2019-02-08,0.9973152701
2019-02-09,0.9999068177
2019-02-10,0.996727219
2019-02-11,0.9963561262
2019-02-12,0.9961534393
2019-02-13,0.9877896852
2019-02-14,0.9979082573
2019-02-15,0.9956916758
2019-02-16,0.9762578371
2019-02-17,0.9887523623
2019-02-18,0.9969107572
2019-02-19,0.9961829802
2019-02-20,1.0121789921
2019-02-21,0.9553069824
2019-02-22,0.9992311869
2019-02-23,0.9892856284
2019-02-24,0.9927746242
2019-02-25,0.9902498225
2019-02-26,0.9975052567
2019-02-27,0.9956331629
2019-02-28,0.9962338972
2019-03-01,0.9975267816
2019-03-02,0.9955555973
2019-03-03,0.9985401361
2019-03-04,0.9880143658
2019-03-05,0.9983544093
2019-03-06,0.9986231556
2019-03-07,0.9987158167
2019-03-08,0.993755809
2019-03-09,0.998110982
2019-03-10,0.9939070121
2019-03-11,0.9924328643
2019-03-12,0.9928256601
2019-03-13,0.9973277602
2019-03-14,0.9962137676
2019-03-15,0.9974321637
2019-03-16,0.9884574402
2019-03-17,1.0009334391
2019-03-18,0.9976481826
2019-03-19,1.001710816
2019-03-20,0.9985653468
2019-03-21,0.9958588132
2019-03-22,0.9972965946
2019-03-23,0.9960059896
2019-03-24,0.9956808654
2019-03-25,0.9951171652
2019-03-26,0.994000442
2019-03-27,1.0013319624
2019-03-28,0.999774915
2019-03-29,1.0054052551
2019-03-30,0.9991861396
2019-03-31,0.9812560188
2019-04-01,1.0001379188
2019-04-02,1.0148246885
2019-04-03,1.0203620398
2019-04-04,1.0099998153
2019-04-05,1.0004253042
2019-04-06,1.0051344616
2019-04-07,1.0049280187
2019-04-08,1.0069847657
2019-04-09,1.0050688993
2019-04-10,1.0075506089
2019-04-11,1.0002835068
2019-04-12,1.0044224043
2019-04-13,1.003398124
2019-04-14,0.985026186
2019-04-15,0.9996181705
2019-04-16,1.0031303087
2019-04-17,1.0061541807
2019-04-18,1.0025457323
2019-04-19,1.0176360549
2019-04-20,1.002456367
2019-04-21,0.9987641841
2019-04-22,1.0030009355
2019-04-23,1.0075769777
2019-04-24,0.9938135522
2019-04-25,1.0004873112
2019-04-26,0.9875818679
2019-04-27,0.9962858753
2019-04-28,1.0026875872
2019-04-29,0.9943501727
2019-04-30,1.0034213005
2019-05-01,0.9665356848
2019-05-02,1.0026383624
2019-05-03,1.0113184812
2019-05-04,1.0059608659
2019-05-05,1.0111314963
2019-05-06,1.0163470255
2019-05-07,1.0093033162
2019-05-08,1.0095412106
2019-05-09,1.0092340502
2019-05-10,1.0099475885
2019-05-11,1.0441813815
2019-05-12,1.0280028441
2019-05-13,1.0379037073
2019-05-14,1.0407885045
2019-05-15,1.029329506
2019-05-16,1.04773324
2019-05-17,0.9950335063
2019-05-18,1.0055842272
2019-05-19,1.0214095383
2019-05-20,1.011420218
2019-05-21,1.0150498822
2019-05-22,1.0070237407
2019-05-23,1.0081168194
2019-05-24,1.0151039729
2019-05-25,1.0144640479
2019-05-26,1.0190870962
2019-05-27,1.0225997391
2019-05-28,1.019320058
2019-05-29,1.1035266043
2019-05-30,1.0104792839
2019-05-31,1.005595596
2019-06-01,1.0093229783
2019-06-02,1.0082752231
2019-06-03,1.0162080307
2019-06-04,0.9691811484
2019-06-05,1.0025569045
2019-06-06,0.9981890071
2019-06-07,1.0077554193
2019-06-08,1.001958804
2019-06-09,1.0034155666
2019-06-10,1.0117529918
2019-06-11,1.0019037659
2019-06-12,1.0100990956
2019-06-13,1.0073929029
2019-06-14,1.0186837177
2019-06-15,1.0121546716
2019-06-16,1.0166644285
2019-06-17,1.0089402466
2019-06-18,1.0051336642
2019-06-19,1.0135716462
2019-06-20,1.0057352874
2019-06-21,1.0180581057
2019-06-22,1.0255323127
2019-06-23,1.0194100572
2019-06-24,1.0187707337
2019-06-25,1.0209181863
2019-06-26,1.0596637866
2019-06-27,1.0189125029
2019-06-28,1.0399548496
2019-06-29,1.01492683
2019-06-30,1.0167073887
2019-07-01,1.0009379583
2019-07-02,1.0065833327
2019-07-03,1.0162659828
2019-07-04,1.0292259774
2019-07-05,1.0025454541
2019-07-06,1.0096166657
2019-07-07,1.0064934946
2019-07-08,1.0106347349
2019-07-09,1.012807034
2019-07-10,1.0266290942
2019-07-11,1.002897186
2019-07-12,1.0086538101
2019-07-13,1.0019837118
2019-07-14,0.9960336119
2019-07-15,1.0024444691
2019-07-16,0.998901729
2019-07-17,1.0051910439
2019-07-18,1.0057323876
2019-07-19,1.0105988185
2019-07-20,1.0101930484
2019-07-21,1.0062515656
2019-07-22,1.0002492399
2019-07-23,0.9966580613
2019-07-24,1.0208621788
2019-07-25,1.0017603004
2019-07-26,1.0041790767
2019-07-27,0.9981022102
2019-07-28,0.999081837
2019-07-29,1.0721095064
2019-07-30,1.002070361
2019-07-31,1.0033468161
2019-08-01,1.0084849214
2019-08-02,1.0139862115
2019-08-03,1.0152793465
2019-08-04,1.011938295
2019-08-05,1.0225493528
2019-08-06,1.0225159763
2019-08-07,1.024726647
2019-08-08,1.0169760675
2019-08-09,1.0078393588
2019-08-10,1.0022150857
2019-08-11,1.0122474854
2019-08-12,1.0071785335
2019-08-13,1.0111890041
2019-08-14,1.0058919295
2019-08-15,0.9959846376
2019-08-16,1.0023393802
2019-08-17,0.9988814098
2019-08-18,1.0019056282
2019-08-19,1.0054150637
2019-08-20,1.0011175687
2019-08-21,0.9999070923
2019-08-22,0.9997673978
2019-08-23,1.0566989785
2019-08-24,1.0014125181
2019-08-25,1.004284926
2019-08-26,1.0071806196
2019-08-27,1.0074303779
2019-08-28,1.0000671803
2019-08-29,0.9895766795
2019-08-30,0.9981940665
2019-08-31,0.9981253071
2019-09-01,1.0035996048
2019-09-02,1.0046043843
2019-09-03,1.0140500425
2019-09-04,1.0066564713
2019-09-05,1.007104812
2019-09-06,1.0765175066
2019-09-07,1.0055519992
2019-09-08,1.0057121235
2019-09-09,1.0040356223
2019-09-10,1.0005272833
2019-09-11,1.0246097897
2019-09-12,1.0049064612
2019-09-13,1.0077740234
2019-09-14,1.0049355225
2019-09-15,1.0045468192
2019-09-16,1.0012092458
2019-09-17,1.0035207776
2019-09-18,1.014116712
2019-09-19,0.9974141926
2019-09-20,1.0036495883
2019-09-21,1.000061881
2019-09-22,0.9999833301
2019-09-23,0.9984717471
2019-09-24,0.9957749588
2019-09-25,0.9723566662
2019-09-26,0.9632845933
2019-09-27,0.9941901182
2019-09-28,0.9873087863
2019-09-29,0.9926492946
2019-09-30,0.99419935
2019-10-01,0.9920554888
2019-10-02,0.9943228274
2019-10-03,0.9922445636
2019-10-04,0.9941700076
2019-10-05,0.9963383083
2019-10-06,0.9918112317
2019-10-07,0.9949299066
2019-10-08,1.0007059281
2019-10-09,0.9995042478
2019-10-10,0.9996080341
2019-10-11,0.9949317576
2019-10-12,1.0015864021
2019-10-13,0.9960106956
2019-10-14,1.0724947143
2019-10-15,0.9865822768
2019-10-16,0.9920553838
2019-10-17,0.9952013696
2019-10-18,0.9937828991
2019-10-19,0.9997620332
2019-10-20,0.9999682488
2019-10-21,0.9945517958
2019-10-22,0.9978031768
2019-10-23,0.9816745949
2019-10-24,0.9727549938
2019-10-25,1.0091171578
2019-10-26,1.032072032
2019-10-27,1.0156692733
2019-10-28,1.0123922041
2019-10-29,1.0089934574
2019-10-30,1.0010806978
2019-10-31,1.0023929492
2019-11-01,1.0132734116
2019-11-02,1.0040860596
2019-11-03,0.9992069981
2019-11-04,1.0043524253
2019-11-05,0.9678997601
2019-11-06,1.0004097606
2019-11-07,1.0027325042
2019-11-08,0.9952605027
2019-11-09,0.9970882319
2019-11-10,1.0022073802
2019-11-11,0.9978944953
2019-11-12,1.0012973263
2019-11-13,1.0165258326
2019-11-14,0.9978260138
2019-11-15,0.9978223942
2019-11-16,0.9975084565
2019-11-17,0.9998233017
2019-11-18,0.9960028144
2019-11-19,0.9941027483
2019-11-20,0.9887501209
2019-11-21,0.9891910361
2019-11-22,0.9753772949
2019-11-23,0.9813518082
2019-11-24,1.0017544556
2019-11-25,0.9827055646
2019-11-26,0.986188105
2019-11-27,0.9838635607
2019-11-28,0.9989099506
2019-11-29,0.9961696844
2019-11-30,0.9903556815
2019-12-01,0.9908012598
2019-12-02,0.9870642808
2019-12-03,0.9868269548
2019-12-04,0.9985527485
2019-12-05,0.9916548337
2019-12-06,0.9953062911
2019-12-07,1.0008274143
2019-12-08,0.9988950597
2019-12-09,0.9969557079
2019-12-10,0.9946615687
2019-12-11,0.9923242216
2019-12-12,0.9912193493
2019-12-13,0.9962792267
2019-12-14,0.9945497693
2019-12-15,0.9980096027
2019-12-16,0.9892158238
2019-12-17,0.9909039052
2019-12-18,0.9786017229
2019-12-19,1.0010221835
2019-12-20,1.0017223977
2019-12-21,0.9982076406
2019-12-22,0.9999771168
2019-12-23,1.0024507754
2019-12-24,1.0017837229
2019-12-25,0.9611394082
2019-12-26,0.9960873051
2019-12-27,0.9947309939
2019-12-28,0.9981013727
2019-12-29,0.9735955641
2019-12-30,1.0008614754
2019-12-31,0.9935841372
2020-01-01,0.9979227797
2020-01-02,0.9965260096
2020-01-03,1.0011821785
2020-01-04,0.9960654826
2020-01-05,1.001593265
2020-01-06,1.0037760715
2020-01-07,1.0089465558
2020-01-08,1.0102731229
2020-01-09,1.0059251185
2020-01-10,1.0020443008
2020-01-11,1.0033339378
2020-01-12,1.0051223313
2020-01-13,1.006266545
2020-01-14,1.0236873639
2020-01-15,1.011983585
2020-01-16,1.0117212043
2020-01-17,1.0097650815
2020-01-18,1.0075492827
2020-01-19,1.0008163297
2020-01-20,0.9991266076
2020-01-21,1.0039998107
2020-01-22,1.002323771
2020-01-23,1.0007213384
2020-01-24,1.0063872561
2020-01-25,1.0020853158
2020-01-26,1.0041673297
2020-01-27,1.0046374418
2020-01-28,1.0099552754
2020-01-29,1.0266615494
2020-01-30,1.0116301713
2020-01-31,1.0167858677
2020-02-01,1.0050846998
2020-02-02,0.9998331696
2020-02-03,1.0044341125
2020-02-04,1.0034338704
2020-02-05,1.0100759918
2020-02-06,1.0172933254
2020-02-07,1.0255467979
2020-02-08,1.0159459284
2020-02-09,1.0177722044
2020-02-10,1.0275052487
2020-02-11,1.0152551847
2020-02-12,1.0125070172
2020-02-13,1.0113706419
2020-02-14,1.0085969446
2020-02-15,1.002139077
2020-02-16,1.0036209327
2020-02-17,1.0193760901
2020-02-18,1.010906395
2020-02-19,1.0072512519
2020-02-20,0.9974206463
2020-02-21,1.0038138561
2020-02-22,1.0037512729
2020-02-23,1.0077778298
2020-02-24,1.0044202335
2020-02-25,1.0152607109
2020-02-26,0.9894593352
2020-02-27,0.9895824592
2020-02-28,0.995196388
2020-02-29,0.9964548432
2020-03-01,0.9929743959
2020-03-02,1.0046768714
2020-03-03,1.0055263532
2020-03-04,0.9811864094
2020-03-05,1.0031008389
2020-03-06,1.0034546806
2020-03-07,1.0005988971
2020-03-08,0.9912114058
2020-03-09,0.9776031125
2020-03-10,0.9865587654
2020-03-11,0.9781935066
2020-03-12,0.9089612556
2020-03-13,0.9156075315
2020-03-14,0.9604557392
2020-03-15,0.9681169799
2020-03-16,0.9427383057
2020-03-17,0.9635980578
2020-03-18,0.9828650853
2020-03-19,1.000709347
2020-03-20,0.9914784223
2020-03-21,0.9933081186
2020-03-22,1.0023695161
2020-03-23,0.9919704138
2020-03-24,1.0149362469
2020-03-25,0.9950609654
2020-03-26,1.0015040708
2020-03-27,0.9975782738
2020-03-28,0.9849909921
2020-03-29,0.9797052039
2020-03-30,0.9917999183
2020-03-31,0.9946795282
2020-04-01,0.9431978955
2020-04-02,1.002908166
2020-04-03,1.0005088415
2020-04-04,0.9996500572
2020-04-05,1.0013708348
2020-04-06,1.0147436277
2020-04-07,0.9761323176
2020-04-08,1.0075006509
2020-04-09,1.002788963
2020-04-10,0.9512226669
2020-04-11,0.9959870851
2020-04-12,0.9991463554
2020-04-13,0.9918793565
2020-04-14,0.9991913915
2020-04-15,0.9944164827
2020-04-16,0.9992555354
2020-04-17,1.0022685847
2020-04-18,1.0040969711
2020-04-19,1.0009943258
2020-04-20,0.9930929293
2020-04-21,0.9931786264
2020-04-22,1.0015840351
2020-04-23,1.0102502521
2020-04-24,1.0082542676
2020-04-25,1.0048173088
2020-04-26,1.0045784639
2020-04-27,1.0251851386
2020-04-28,1.004220948
2020-04-29,1.0366412212
2020-04-30,1.0230814199
2020-05-01,1.0169833139
2020-05-02,1.015474981
2020-05-03,1.022579424
2020-05-04,1.0088448724
2020-05-05,1.0052221181
2020-05-06,1.0253451086
2020-05-07,1.0403147161
2020-05-08,1.023590216
2020-05-09,1.0038769516
2020-05-10,0.9912178231
2020-05-11,0.9932933295
2020-05-12,0.9954979266
2020-05-13,1.0107310978
2020-05-14,1.0142126808
2020-05-15,1.0088839055
2020-05-16,1.00535136
2020-05-17,1.0114931689
2020-05-18,1.0177544671
2020-05-19,1.0119374128
2020-05-20,1.0075124904
2020-05-21,0.9956475137
2020-05-22,0.999728162
2020-05-23,1.0054923515
2020-05-24,1.0023065151
2020-05-25,0.9885190923
2020-05-26,0.9984565642
2020-05-27,1.0052445618
2020-05-28,1.0051351107
2020-05-29,1.007001467
2020-05-30,1.0063656374
2020-05-31,1.00438644
2020-06-01,1.0150723977
2020-06-02,1.0092352175
2020-06-03,1.0048109502
2020-06-04,1.0058888323
2020-06-05,1.0045495054
2020-06-06,1.0064118235
2020-06-07,1.0046943331
2020-06-08,1.0185594731
2020-06-09,1.0068123544
2020-06-10,1.0048161354
2020-06-11,1.0003080815
2020-06-12,1.001700662
2020-06-13,1.0024075315
2020-06-14,1.0035110979
2020-06-15,0.9961826256
2020-06-16,1.0054779491
2020-06-17,1.0016382338
2020-06-18,1.0390750757
2020-06-19,1.0002998771
2020-06-20,1.0027814722
2020-06-21,1.0061629991
2020-06-22,1.0058815605
2020-06-23,1.0061196664
2020-06-24,0.9977037593
2020-06-25,0.9979298699
2020-06-26,1.0290159034
2020-06-27,0.9996138896
2020-06-28,0.9999290588
2020-06-29,1.0016835321
2020-06-30,1.0049121319
2020-07-01,1.002270372
2020-07-02,1.0004945681
2020-07-03,1.0005614344
2020-07-04,1.0010027831
2020-07-05,0.999641063
2020-07-06,1.0033270629
2020-07-07,1.0027263939
2020-07-08,1.0136318641
2020-07-09,1.0040915935
2020-07-10,0.9995462283
2020-07-11,1.001496857
2020-07-12,1.0010626862
2020-07-13,1.001843422
2020-07-14,1.0055325612
2020-07-15,1.0055911162
2020-07-16,1.0001947697
2020-07-17,0.99982119
2020-07-18,1.0012784777
2020-07-19,1.0031838852
2020-07-20,1.0005373287
2020-07-21,1.0039013758
2020-07-22,1.0070303551
2020-07-23,1.0083051382
2020-07-24,1.0047752068
2020-07-25,1.0071408937
2020-07-26,1.0104674016
2020-07-27,1.0287947847
2020-07-28,1.0283323121
2020-07-29,1.0179884994
2020-07-30,1.0148047686
2020-07-31,1.0172544242
2020-08-01,1.0177902275
2020-08-02,1.0103921201
2020-08-03,1.0305925285
2020-08-04,1.0091420263
2020-08-05,1.0246682347
2020-08-06,1.0344745904
2020-08-07,1.0283165848
2020-08-08,1.0237763546
2020-08-09,1.0160020649
2020-08-10,1.0141851362
2020-08-11,1.0165003909
2020-08-12,1.0105105389
2020-08-13,1.0129982706
2020-08-14,1.0105406687
2020-08-15,1.0052021827
2020-08-16,1.0037563799
2020-08-17,1.010783595
2020-08-18,1.0052763502
2020-08-19,1.0030909451
2020-08-20,1.0050680075
2020-08-21,1.0067617031
2020-08-22,1.0020082778
2020-08-23,1.0020989194
2020-08-24,1.0054275809
2020-08-25,1.0030955032
2020-08-26,1.0028291601
2020-08-27,1.0020836644
2020-08-28,1.0047437523
2020-08-29,1.0008297375
2020-08-30,1.0044011135
2020-08-31,1.0045859089
2020-09-01,1.0078260161
2020-09-02,1.0017314022
2020-09-03,0.9990669497
2020-09-04,0.9985268898
2020-09-05,0.9974458078
2020-09-06,0.9992783614
2020-09-07,0.9978151856
2020-09-08,0.9986720549
2020-09-09,0.9995150034
2020-09-10,1.0003002973
2020-09-11,0.9991336102
2020-09-12,0.999682716
2020-09-13,1.0001736349
2020-09-14,1.0016159992
2020-09-15,1.0029525834
2020-09-16,1.0042444461
2020-09-17,1.0012144393
2020-09-18,1.0024092566
2020-09-19,1.0030316296
2020-09-20,1.0013406153
2020-09-21,0.9989789797
2020-09-22,1.0032246512
2020-09-23,0.9991456188
2020-09-24,0.9989156026
2020-09-25,1.0024359859
2020-09-26,1.0015970703
2020-09-27,1.0008575056
2020-09-28,1.0019500534
2020-09-29,1.0059642419
2020-09-30,1.0011481138
2020-10-01,1.000857668
2020-10-02,1.0001167724
2020-10-03,1.0002290426
2020-10-04,1.0010460508
2020-10-05,1.0022471325
2020-10-06,1.0009490386
2020-10-07,1.0023107723
2020-10-08,1.0037463797
2020-10-09,1.0045374944
2020-10-10,1.0036827109
2020-10-11,1.0032965465
2020-10-12,1.0040803347
2020-10-13,1.0036048385
2020-10-14,1.0040107105
2020-10-15,1.0037699614
2020-10-16,1.0015134664
2020-10-17,1.0010779472
2020-10-18,1.0015540162
2020-10-19,1.0079714887
2020-10-20,1.0045647576
2020-10-21,1.0091523438
2020-10-22,1.018203351
2020-10-23,1.0090337722
2020-10-24,1.0099340901
2020-10-25,1.0062072335
2020-10-26,1.003831985
2020-10-27,1.01236962
2020-10-28,1.0068948416
2020-10-29,1.0089917421
2020-10-30,1.0046972256
2020-10-31,1.009765256
2020-11-01,1.0074155415
2020-11-02,1.0091493817
2020-11-03,1.0418336707
2020-11-04,1.0134489777
2020-11-05,1.021657274
2020-11-06,1.012782288
2020-11-07,1.0076201112
2020-11-08,1.0227853836
2020-11-09,1.0104432779
2020-11-10,1.0090831236
2020-11-11,1.0104390786
2020-11-12,1.0168802758
2020-11-13,1.0166745402
2020-11-14,1.0066968196
2020-11-15,1.005441871
2020-11-16,1.0061942933
2020-11-17,1.0161741566
2020-11-18,1.0253656407
2020-11-19,1.0103418349
2020-11-20,1.0302565168
2020-11-21,1.0178485646
2020-11-22,1.0071110997
2020-11-23,1.0141751456
2020-11-24,1.0199394495
2020-11-25,1.0111463982
2020-11-26,1.0086526757
2020-11-27,1.0095877194
2020-11-28,1.0076602136
2020-11-29,1.0114823738
2020-11-30,1.0223533383
2020-12-01,1.0194616987
2020-12-02,1.0224350278
2020-12-03,1.0201411989
2020-12-04,1.0108148003
2020-12-05,1.0058637109
2020-12-06,1.007383666
2020-12-07,1.0122485082
2020-12-08,1.0111995561
2020-12-09,1.0156836493
2020-12-10,1.0063971004
2020-12-11,1.0082774098
2020-12-12,1.0154489452
2020-12-13,1.0353656462
2020-12-14,1.0090703462
2020-12-15,1.0120177916
2020-12-16,1.0234078211
2020-12-17,1.0432227744
2020-12-18,1.0472889128
2020-12-19,1.0195937411
2020-12-20,1.029008998
2020-12-21,1.0177059356
2020-12-22,1.0366235177
2020-12-23,1.0339918885
2020-12-24,1.0278463926
2020-12-25,1.0084879811
2020-12-26,1.0193569449
2020-12-27,1.0281964085
2020-12-28,1.0742946587
2020-12-29,1.0546895727
2020-12-30,1.0364289447
2020-12-31,1.0248174502
2021-01-01,1.0417334062
2021-01-02,1.0509735073
2021-01-03,1.0441491968
2021-01-04,1.0402107038
2021-01-05,1.0381806851
2021-01-06,1.0465892114
2021-01-07,1.0542340157
2021-01-08,1.0544069289
2021-01-09,1.0463652033
2021-01-10,1.0234631169
2021-01-11,1.0129243409
2021-01-12,1.0178331478
2021-01-13,1.0192686763
2021-01-14,1.0305568321
2021-01-15,1.0182784547
2021-01-16,1.0118859787
2021-01-17,1.0098569813
2021-01-18,1.0202870484
2021-01-19,1.0116574789
2021-01-20,1.0054908213
2021-01-21,1.0006200439
2021-01-22,1.0036616379
2021-01-23,1.0059904132
2021-01-24,1.0040003023
2021-01-25,1.0059889894
2021-01-26,1.0024286641
2021-01-27,1.0198814439
2021-01-28,1.0157496995
2021-01-29,1.0223914747
2021-01-30,1.0074266337
2021-01-31,1.0096644945
2021-02-01,1.0076983885
2021-02-02,1.0146420872
2021-02-03,1.0131329047
2021-02-04,1.0181100208
2021-02-05,1.0256398824
2021-02-06,1.0146682027
2021-02-07,1.0129108983
2021-02-08,1.0296866143
2021-02-09,1.0333452213
2021-02-10,1.0264835379
2021-02-11,1.0219630451
2021-02-12,1.0263039571
2021-02-13,1.0086414553
2021-02-14,1.0102184153
2021-02-15,1.0240787649
2021-02-16,1.0151762622
2021-02-17,1.0261866088
2021-02-18,1.029027033
2021-02-19,1.0481361147
2021-02-20,1.0215194552
2021-02-21,1.0225298892
2021-02-22,1.0198147233
2021-02-23,1.0236651661
2021-02-24,1.0235976584
2021-02-25,1.0164476315
2021-02-26,1.0225366957
2021-02-27,0.9980569805
2021-02-28,1.0030928735
2021-03-01,1.0175821193
2021-03-02,1.0124864342
2021-03-03,1.0125396855
2021-03-04,1.0099908369
2021-03-05,1.0109132726
2021-03-06,1.0064792468
2021-03-07,1.0061439633
2021-03-08,1.0157317984
2021-03-09,1.0171070993
2021-03-10,1.0204571681
2021-03-11,1.0339512414
2021-03-12,1.0319160342
2021-03-13,1.0272338361
2021-03-14,1.0226498186
2021-03-15,1.0197713761
2021-03-16,1.018833261
2021-03-17,1.0195179161
2021-03-18,1.0132323203
2021-03-19,1.0133501147
2021-03-20,1.0153153686
2021-03-21,1.0121154114
2021-03-22,1.0163303082
2021-03-23,1.0185746557
2021-03-24,1.0155413268
2021-03-25,1.01359647
2021-03-26,1.0217746068
2021-03-27,1.0139668488
2021-03-28,1.0121548234
2021-03-29,1.0153923118
2021-03-30,1.0214018787
2021-03-31,1.0173447441
2021-04-01,1.0252638512
2021-04-02,1.0168220485
2021-04-03,1.0055035428
2021-04-04,1.007575242
2021-04-05,1.0080678361
2021-04-06,1.0458084093
2021-04-07,1.0069846731
2021-04-08,1.0108142909
2021-04-09,1.0082837248
2021-04-10,1.0184204957
2021-04-11,1.0088484838
2021-04-12,1.0152593195
2021-04-13,1.0198203137
2021-04-14,1.0268302472
2021-04-15,1.018084551
2021-04-16,1.0084825836
2021-04-17,1.0158879033
2021-04-18,1.0403027325
2021-04-19,1.0058752476
2021-04-20,1.0042858346
2021-04-21,1.0029798968
2021-04-22,1.0089001421
2021-04-23,0.9978928784
2021-04-24,1.0084842611
2021-04-25,1.0009319771
2021-04-26,1.009451227
2021-04-27,1.0125561946
2021-04-28,1.0058190567
2021-04-29,1.0114380632
2021-04-30,1.0135373431
2021-05-01,1.0066955346
2021-05-02,1.0063144498
2021-05-03,1.0070986361
2021-05-04,1.0061836386
2021-05-05,1.0096922451
2021-05-06,1.0186549661
2021-05-07,1.020785219
2021-05-08,1.0072992534
2021-05-09,1.0129467891
2021-05-10,1.0093848174
2021-05-11,1.0058808022
2021-05-12,1.0157845348
2021-05-13,0.9988566164
2021-05-14,1.0003785779
2021-05-15,1.0007446693
2021-05-16,0.9975289502
2021-05-17,0.9916639038
2021-05-18,0.9948679617
2021-05-19,0.9766348713
2021-05-20,0.9902799511
2021-05-21,0.9908989609
2021-05-22,0.9928413369
2021-05-23,0.9918008029
2021-05-24,1.0089527122
2021-05-25,0.9934652667
2021-05-26,1.0026287307
2021-05-27,0.9955366139
2021-05-28,0.9934346061
2021-05-29,0.9940811872
2021-05-30,1.0078371876
2021-05-31,0.9991053006
2021-06-01,1.003947227
2021-06-02,0.9963223945
2021-06-03,1.0093688649
2021-06-04,0.986597307
2021-06-05,0.9904376996
2021-06-06,0.9976589333
2021-06-07,0.9942590206
2021-06-08,0.9842767019
2021-06-09,1.0130310986
2021-06-10,0.999085073
2021-06-11,1.0031896059
2021-06-12,0.9948358576
2021-06-13,1.0028829007
2021-06-14,1.0118866698
2021-06-15,1.0056018642
2021-06-16,1.0009818908
2021-06-17,0.9931153532
2021-06-18,0.9953070949
2021-06-19,0.996471958
2021-06-20,0.9966137909
2021-06-21,0.9836222786
2021-06-22,0.9912522558
2021-06-23,0.9996939277
2021-06-24,0.9996320227
2021-06-25,0.958474424
2021-06-26,0.9926146718
2021-06-27,1.0022272879
2021-06-28,1.0016641917
2021-06-29,1.0009932104
2021-06-30,0.9949462796
2021-07-01,0.9933767268
2021-07-02,0.9819171269
2021-07-03,1.0012906516
2021-07-04,1.0020713343
2021-07-05,0.997904144
2021-07-06,0.998312258
2021-07-07,1.0016354682
2021-07-08,0.9964890319
2021-07-09,1.0004453811
2021-07-10,0.9994374661
2021-07-11,1.0003884852
2021-07-12,1.0026676493
2021-07-13,0.994445212
2021-07-14,0.9948636623
2021-07-15,0.9915384284
2021-07-16,0.9944436213
2021-07-17,1.0257888049
2021-07-18,0.9954435059
2021-07-19,0.9954206588
2021-07-20,0.9964375082
2021-07-21,1.0012660001
2021-07-22,1.003374033
2021-07-23,0.9845791973
2021-07-24,1.0017501122
2021-07-25,1.0013554135
2021-07-26,1.0187037404
2021-07-27,1.0088943448
2021-07-28,1.0104156629
2021-07-29,1.0442491441
2021-07-30,1.0050951296
2021-07-31,1.0028123324
2021-08-01,1.0008224551
2021-08-02,1.0013947838
2021-08-03,0.9984878369
2021-08-04,1.0026762191
2021-08-05,1.0030505104
2021-08-06,1.0076818673
2021-08-07,1.0049781914
2021-08-08,1.0036081699
2021-08-09,1.011197066
2021-08-10,1.0079105676
2021-08-11,1.0052808361
2021-08-12,1.0030303495
2021-08-13,1.009034844
2021-08-14,1.0102746146
2021-08-15,1.0022089388
2021-08-16,1.0039191009
2021-08-17,1.0021342478
2021-08-18,1.0041448588
2021-08-19,1.0044227162
2021-08-20,1.0073841716
2021-08-21,1.0042079794
2021-08-22,1.0041297226
2021-08-23,1.0052274337
2021-08-24,1.0007082389
2021-08-25,1.0085695662
2021-08-26,1.0023462391
2021-08-27,1.001789586
2021-08-28,1.001853149
2021-08-29,1.0007659145
2021-08-30,1.0018511527
2021-08-31,1.0022135379
2021-09-01,1.00300644
2021-09-02,1.0033851837
2021-09-03,1.0039696645
2021-09-04,1.0028419274
2021-09-05,1.0025958297
2021-09-06,1.0030946325
2021-09-07,0.9983624989
2021-09-08,0.9996282586
2021-09-09,1.0042332508
2021-09-10,0.9999979891
2021-09-11,1.0001995208
2021-09-12,1.0008204151
2021-09-13,0.9996763499
2021-09-14,1.0010063239
2021-09-15,1.0045635643
2021-09-16,1.0016866502
2021-09-17,1.0016730849
2021-09-18,1.0016537525
2021-09-19,1.001029016
2021-09-20,0.997035163
2021-09-21,0.9989823629
2021-09-22,1.0012944401
2021-09-23,1.0011585632
2021-09-24,0.9977053264
2021-09-25,0.9999761131
2021-09-26,1.0211474133
2021-09-27,1.0004271779
2021-09-28,0.9982124187
2021-09-29,1.0001013388
2021-09-30,1.0024289675
2021-10-01,1.0052420778
2021-10-02,1.0037801561
2021-10-03,1.0018312509
2021-10-04,1.0031178719
2021-10-05,1.004256663
2021-10-06,1.0107666773
2021-10-07,1.0069413931
2021-10-08,1.0034883023
2021-10-09,1.0028575121
2021-10-10,1.0042613805
2021-10-11,1.0043262529
2021-10-12,1.0056959057
2021-10-13,1.0050831995
2021-10-14,1.0083615191
2021-10-15,1.0090125703
2021-10-16,1.005005546
2021-10-17,1.002405114
2021-10-18,1.0091914563
2021-10-19,1.0028652585
2021-10-20,1.0087854767
2021-10-21,1.0062195377
2021-10-22,1.0014540648
2021-10-23,1.0019602486
2021-10-24,1.0054532866
2021-10-25,1.0086199738
2021-10-26,1.0041486819
2021-10-27,0.998516464
2021-10-28,1.0058239537
2021-10-29,1.0050880502
2021-10-30,1.0019963014
2021-10-31,1.011054682
2021-11-01,1.0049566252
2021-11-02,1.0126780831
2021-11-03,1.0072531496
2021-11-04,1.0007526905
2021-11-05,1.0042510123
2021-11-06,1.0018454303
2021-11-07,1.0019858365
2021-11-08,1.0063041229
2021-11-09,1.00549797
2021-11-10,1.0044266802
2021-11-11,1.0034402579
2021-11-12,1.022711978
2021-11-13,1.0018741018
2021-11-14,1.0017061302
2021-11-15,1.0035931986
2021-11-16,1.0008041424
2021-11-17,1.0017292874
2021-11-18,0.9981806608
2021-11-19,1.0001411688
2021-11-20,1.0012787526
2021-11-21,1.0005580395
2021-11-22,0.9987710073
2021-11-23,1.0003681677
2021-11-24,1.0008405593
2021-11-25,1.0110916796
2021-11-26,0.9969094873
2021-11-27,0.9992729725
2021-11-28,1.0014714655
2021-11-29,1.0037145178
2021-11-30,1.0015572057
2021-12-01,1.0035283641
2021-12-02,0.9998502247
2021-12-03,0.9978321282
2021-12-04,0.9901146979
2021-12-05,0.9981518587
2021-12-06,0.9983847062
2021-12-07,1.0046851945
2021-12-08,0.9992119859
2021-12-09,0.995968962
2021-12-10,0.9984808473
2021-12-11,1.0011992069
2021-12-12,1.0004924046
2021-12-13,0.9982007564
2021-12-14,1.000256489
2021-12-15,1.0003211575
2021-12-16,1.0006539695
2021-12-17,0.9964271819
2021-12-18,0.9998788348
2021-12-19,1.0000896889
2021-12-20,0.997287114
2021-12-21,1.0030167013
2021-12-22,1.0010998176
2021-12-23,1.0025483219
2021-12-24,1.0031199803
2021-12-25,0.9993682517
2021-12-26,1.0006753151
2021-12-27,1.0021845184
2021-12-28,0.9969360682
2021-12-29,0.9982033271
2021-12-30,1.0002579409
2021-12-31,1.000352303
2022-01-01,1.0006874997
2022-01-02,0.999571018
2022-01-03,0.9986012114
2022-01-04,0.9982924476
2022-01-05,0.9974620546
2022-01-06,0.9962476339
2022-01-07,0.9943339448
2022-01-08,0.9978505237
2022-01-09,0.9992546555
2022-01-10,0.9976664355
2022-01-11,0.9996035978
2022-01-12,1.0014394358
2022-01-13,0.9986928266
2022-01-14,0.9995609697
2022-01-15,1.0001886136
2022-01-16,1.0001014978
2022-01-17,0.9971898691
2022-01-18,0.9985984776
2022-01-19,0.9961739237
2022-01-20,0.9985128365
2022-01-21,0.9877329488
2022-01-22,0.9963531242
2022-01-23,0.998745244
2022-01-24,0.996044499
2022-01-25,0.9996201408
2022-01-26,0.9994585081
2022-01-27,0.9963565868
2022-01-28,0.996367056
2022-01-29,0.9947707244
2022-01-30,0.9971751607
2022-01-31,0.9988272574
2022-02-01,1.0161776092
2022-02-02,0.9977064532
2022-02-03,0.9971461003
2022-02-04,1.0034743059
2022-02-05,1.0021259169
2022-02-06,1.0005436822
2022-02-07,1.0039530046
2022-02-08,1.0006430648
2022-02-09,1.0012701477
2022-02-10,1.001934993
2022-02-11,1.0005761723
2022-02-12,1.0010651917
2022-02-13,1.0001239058
2022-02-14,0.9994985308
2022-02-15,1.0038312705
2022-02-16,1.0007159239
2022-02-17,0.9978133249
2022-02-18,0.9973786525
2022-02-19,0.9996764615
2022-02-20,0.9975442609
2022-02-21,0.9979287207
2022-02-22,0.9987784576
2022-02-23,1.0013664029
2022-02-24,0.9950810334
2022-02-25,0.9996992988
2022-02-26,0.9992145343
2022-02-27,0.9997725344
2022-02-28,1.0054217664
2022-03-01,1.0035378941
2022-03-02,1.0016866971
2022-03-03,1.0021838071
2022-03-04,0.9966154756
2022-03-05,0.9987018016
2022-03-06,0.9992925135
2022-03-07,0.9984214562
2022-03-08,0.999006821
2022-03-09,1.0024230723
2022-03-10,1.0014985389
2022-03-11,0.9970166389
2022-03-12,1.0001313372
2022-03-13,0.9995727712
2022-03-14,1.0000042903
2022-03-15,0.9987043898
2022-03-16,1.002773515
2022-03-17,0.9988309436
2022-03-18,1.0015242901
2022-03-19,1.0009447163
2022-03-20,1.000030138
2022-03-21,1.0001001106
2022-03-22,1.0032238612
2022-03-23,1.000978573
2022-03-24,1.0032040838
2022-03-25,1.0131069686
2022-03-26,1.0006106086
2022-03-27,1.0025532818
2022-03-28,1.0072062743
2022-03-29,1.0042710886
2022-03-30,1.0023414972
2022-03-31,0.9994338339
2022-04-01,1.0018308484
2022-04-02,1.0003337196
2022-04-03,1.0012204117
2022-04-04,1.0011120904
2022-04-05,1.0003653618
2022-04-06,0.9981983056
2022-04-07,0.9989068802
2022-04-08,0.999189979
2022-04-09,0.999727896
2022-04-10,0.999810268
2022-04-11,0.9967716709
2022-04-12,1.0022359796
2022-04-13,1.0002987066
2022-04-14,1.0019137824
2022-04-15,1.0000043589
2022-04-16,0.999600289
2022-04-17,0.999649298
2022-04-18,0.9994820764
2022-04-19,1.0008024057
2022-04-20,1.0007665207
2022-04-21,1.0042003155
2022-04-22,0.9979668294
2022-04-23,0.9995597332
2022-04-24,0.999628025
2022-04-25,0.9992015277
2022-04-26,0.9981248587
2022-04-27,0.9998238892
2022-04-28,0.9999925651
2022-04-29,0.9981366971
2022-04-30,0.9978634816
2022-05-01,0.9994007843
2022-05-02,0.9973410734
2022-05-03,0.9982438311
2022-05-04,1.0013019604
2022-05-05,0.9982524318
2022-05-06,0.9982856975
2022-05-07,0.9982023155
2022-05-08,0.9975234281
2022-05-09,0.9901586452
2022-05-10,0.9961225472
2022-05-11,0.988674778
2022-05-12,0.9949711921
2022-05-13,0.9966874186
2022-05-14,1.0044216305
2022-05-15,0.999354453
2022-05-16,0.9968369854
2022-05-17,0.997095037
2022-05-18,0.9928243575
2022-05-19,0.9932496862
2022-05-20,0.9919484451
2022-05-21,0.9969193589
2022-05-22,1.0008461945
2022-05-23,0.9918125703
2022-05-24,0.9974574445
2022-05-25,0.9975308213
2022-05-26,0.9934960242
2022-05-27,0.9897681109
2022-05-28,0.9991855106
2022-05-29,0.9997638004
2022-05-30,1.0020574728
2022-05-31,1.0025853886
2022-06-01,0.9934905959
2022-06-02,0.9842839453
2022-06-03,0.9930994681
2022-06-04,0.9898503192
2022-06-05,0.9970134618
2022-06-06,0.997735611
2022-06-07,0.9904909959
2022-06-08,0.9954927224
2022-06-09,0.9886933264
2022-06-10,0.99497048
2022-06-11,0.9918268713
2022-06-12,0.9934520064
2022-06-13,0.97974085
2022-06-14,0.9888953794
2022-06-15,0.9932955718
2022-06-16,0.9945906879
2022-06-17,0.9924448358
2022-06-18,0.9912648612
2022-06-19,0.9983250908
2022-06-20,0.99551705
2022-06-21,0.9926570678
2022-06-22,0.9858245156
2022-06-23,0.9961248385
2022-06-24,0.9947175583
2022-06-25,1.0027467493
2022-06-26,0.9971342449
2022-06-27,0.9916004896
2022-06-28,0.9953558293
2022-06-29,0.9948174528
2022-06-30,0.9832784869
2022-07-01,0.9929769074
2022-07-02,0.9966548012
2022-07-03,0.9954436425
2022-07-04,0.9993797828
2022-07-05,0.9974867725
2022-07-06,0.9870823413
2022-07-07,0.9988502454
2022-07-08,0.9979675201
2022-07-09,0.9883692937
2022-07-10,0.9970138938
2022-07-11,0.9863165723
2022-07-12,0.9964124347
2022-07-13,0.9986193673
2022-07-14,0.9937400673
2022-07-15,0.9801252923
2022-07-16,1.0000522931
2022-07-17,0.9980999196
2022-07-19,0.9922623844
2022-07-20,1.0040637139
2022-07-21,0.9909015821
2022-07-22,0.9916630705
2022-07-23,0.9946690302
2022-07-24,0.9978530537
2022-07-25,0.9937164677
2022-07-26,0.9961715222
2022-07-27,1.0014143955
2022-07-28,1.0031613841
2022-07-29,1.000105884
2022-07-30,1.0010249679
2022-07-31,0.9967495036
2022-08-01,1.0000122554
2022-08-02,0.9977304352
2022-08-03,0.9994435696
2022-08-04,0.9958252798
2022-08-05,1.0000429584
2022-08-06,0.9997859348
2022-08-07,0.9998419451
2022-08-08,1.0006122792
2022-08-09,0.9939626376
2022-08-10,1.0021754589
2022-08-11,0.9998884264
2022-08-12,1.0007400477
2022-08-13,1.0004417596
2022-08-14,0.9986491524
2022-08-15,0.9984058629
2022-08-16,0.9996198072
2022-08-17,0.9974413108
2022-08-18,0.9985968487
2022-08-19,0.9923596009
2022-08-20,0.9986410755
2022-08-21,0.9991763515
2022-08-22,0.9975088884
2022-08-23,0.9987101514
2022-08-24,0.9980566679
2022-08-25,0.9974626411
2022-08-26,0.9955053545
2022-08-27,0.9951040411
2022-08-28,0.9991315023
2022-08-29,0.9995150141
2022-08-30,0.992583354
2022-08-31,0.9979008222
2022-09-01,0.9965422611
2022-09-02,0.9962272771
2022-09-03,0.998049438
2022-09-04,1.0008020131
2022-09-05,0.9985252445
2022-09-06,0.9960090089
2022-09-07,0.9975778258
2022-09-08,0.9977141994
2022-09-09,1.0025089435
2022-09-10,1.0005292286
2022-09-11,0.9981079142
2022-09-12,1.0009534282
2022-09-13,0.983304919
2022-09-14,0.9948167024
2022-09-15,0.9936976004
2022-09-16,0.9972702451
2022-09-17,0.9980518593
2022-09-18,0.9969257324
2022-09-19,0.9957121255
2022-09-20,0.9962868677
2022-09-21,0.9967713402
2022-09-22,0.9985502158
2022-09-23,0.997262789
2022-09-24,0.9981484291
2022-09-25,0.9971368598
2022-09-26,0.9986646467
2022-09-27,0.9965754164
2022-09-28,0.9944440133
2022-09-29,0.9968059891
2022-09-30,0.9948856992
2022-10-01,0.9975488941
2022-10-02,0.9965940555
2022-10-03,0.9981163044
2022-10-04,0.9989521503
2022-10-05,0.9973894321
2022-10-06,0.9970992573
2022-10-07,0.9950903602
2022-10-08,0.9936815506
2022-10-09,0.998695607
2022-10-10,0.995920512
2022-10-11,0.9968127707
2022-10-12,0.9902384141
2022-10-13,0.997297844
2022-10-14,0.997712721
2022-10-15,0.9966703988
2022-10-16,0.9960601248
2022-10-17,0.9875528083
2022-10-18,1.0056185647
2022-10-19,0.9949528541
2022-10-20,0.9962303037
2022-10-21,0.9969060829
2022-10-22,0.9885433137
2022-10-23,0.9994121588
2022-10-24,0.9988281901
2022-10-25,1.0019942046
2022-10-26,1.0031821693
2022-10-27,1.0004781235
2022-10-28,0.9983828801
2022-10-29,1.0001517993
2022-10-30,0.9962699144
2022-10-31,0.9977186248
2022-11-01,0.9973024628
2022-11-02,0.99807195
2022-11-03,0.9991423285
2022-11-04,1.0062319019
2022-11-05,0.9984492925
2022-11-06,0.9991294303
2022-11-07,0.9871408552
2022-11-08,0.9839289108
2022-11-09,0.9698108356
2022-11-10,0.9899304889
2022-11-11,0.9907758174
2022-11-12,0.9767463516
2022-11-13,0.9954089461
2022-11-14,0.9865152815
2022-11-15,0.9851020227
2022-11-16,0.9746170955
2022-11-17,0.9437994179
2022-11-18,0.8710249582
2022-11-19,0.9894911123
2022-11-20,0.990224513
2022-11-21,0.974605655
2022-11-22,0.9786084475
2022-11-23,1.0079226762
2022-11-24,0.986435867
2022-11-25,0.987625504
2022-11-26,0.9871610151
2022-11-27,0.9920495663
2022-11-28,0.9674672401
2022-11-29,0.9875341498
2022-11-30,0.9877490674
2022-12-01,0.9898974128
2022-12-02,0.981688958
2022-12-03,0.9916659938
2022-12-04,0.9781656863
2022-12-05,0.9280369258
2022-12-06,0.9899702957
2022-12-07,0.9943961361
2022-12-08,0.9885435188
2022-12-09,0.9794422632
2022-12-10,0.999316477
2022-12-11,0.9886731688
2022-12-12,0.9898994903
2022-12-13,0.9930377197
2022-12-14,0.9881294841
2022-12-15,0.9936503219
2022-12-16,0.9899413923
2022-12-17,0.9883810194
2022-12-18,0.9941856792
2022-12-19,0.9711464199
2022-12-20,0.9937710326
2022-12-21,0.981548675
2022-12-22,0.9897930521
2022-12-23,0.988572656
2022-12-24,0.9929878734
2022-12-25,0.9790825506
2022-12-26,0.9955179653
2022-12-27,0.9843727788
2022-12-28,0.9645841523
2022-12-29,0.9746502459
2022-12-30,0.9899026807
2022-12-31,0.9282705032
2023-01-01,0.9936173471
2023-01-02,0.9967029248
2023-01-03,0.988147478
2023-01-04,0.9854485438
2023-01-05,0.9906217228
2023-01-06,0.9325281901
2023-01-07,0.992947844
2023-01-08,0.9965930838
2023-01-09,0.9988250344
2023-01-10,0.9877843027
2023-01-11,0.9799650212
2023-01-12,1.0080928071
2023-01-13,1.00964392
2023-01-14,1.0140201933
2023-01-15,1.0039187796
2023-01-16,1.0102106703
2023-01-17,1.0117176727
2023-01-18,1.0009028489
2023-01-19,0.9916821699
2023-01-20,1.0108117606
2023-01-21,1.0127130099
2023-01-22,1.0088349857
2023-01-23,1.0050920218
2023-01-24,1.0068745435
2023-01-25,1.0052961954
2023-01-26,0.9900026721
2023-01-27,0.9885061073
2023-01-28,1.0047051791
2023-01-29,1.0086881066
2023-01-30,1.0034578851
2023-01-31,1.0057729609
2023-02-01,1.0179965549
2023-02-02,1.0090336128
2023-02-03,1.0053650615
2023-02-04,1.0123397952
2023-02-05,1.000092185
2023-02-06,1.0025063044
2023-02-07,1.0023268265
2023-02-08,1.0043876489
2023-02-09,0.9987515773
2023-02-10,0.9948836965
2023-02-11,0.9990178244
2023-02-12,0.9981788081
2023-02-13,0.9961464119
2023-02-14,0.999210372
2023-02-15,1.0101461534
2023-02-16,1.0138311946
2023-02-17,1.0044047194
2023-02-18,1.0039205879
2023-02-19,1.0049623096
2023-02-20,1.0060763249
2023-02-21,1.0035373628
2023-02-22,0.9948242264
2023-02-23,1.0042323304
2023-02-24,0.9977178533
2023-02-25,0.9945820001
2023-02-26,1.0018379776
2023-02-27,1.0039410318
2023-02-28,0.9815209829
2023-03-01,0.9929464617
2023-03-02,0.9971069984
2023-03-03,0.991926188
2023-03-04,0.9993108347
2023-03-05,0.9828065847
2023-03-06,0.994487304
2023-03-07,0.9421567162
2023-03-08,0.9954852951
2023-03-09,0.9863391992
2023-03-10,0.9814932112
2023-03-17,1.0299927721
2023-03-18,1.0108340122
2023-03-19,1.0101249501
2023-03-20,1.011056684
2023-03-21,1.0118031699
2023-03-22,1.0086064609
2023-03-23,1.0186059984
2023-03-24,1.0059381723
2023-03-25,1.0016920117
2023-03-27,1.0167182293
2023-03-28,1.0035711848
2023-03-29,1.0102310926
2023-03-30,0.8833090629
2023-03-31,1.0119032085
2023-04-01,1.0072799125
2023-04-02,1.0021437449
2023-04-03,1.0040181738
2023-04-04,1.0040181955
2023-04-05,1.0073826518
2023-04-06,1.0042880218
2023-04-07,0.9958430397
2023-04-08,1.0024025569
2023-04-09,1.0024089788
2023-04-10,1.0089628686
2023-04-11,1.0244594079
2023-04-12,1.0037843856
2023-04-13,1.0140688228
2023-04-14,1.0129003353
2023-04-15,1.0026940328
2023-04-16,1.0041991301
2023-04-17,1.0001024672
2023-04-18,1.0131091031
2023-04-19,1.0094944544
2023-04-20,0.9991675182
2023-04-21,1.0018712457
2023-04-22,0.9997659842
2023-04-23,1.0047631569
2023-04-24,0.9978693974
2023-04-25,0.9998657979
2023-04-26,1.0114520195
2023-04-27,1.0054079096
2023-04-28,1.0109441681
2023-04-29,1.0029797122
2023-04-30,1.0018007557
2023-05-01,0.9966471732
2023-05-02,1.004529422
2023-05-03,1.0223453302
2023-05-04,1.002398179
2023-05-05,1.0057059545
2023-05-06,1.0003365905
2023-05-07,1.0746170963
2023-05-08,1.0052184884
2023-05-09,0.9960967467
2023-05-10,0.9996385512
2023-05-11,0.9966379367
2023-05-12,0.9979841775
2023-05-13,0.9991510589
2023-05-14,1.0028002387
2023-05-15,1.0227206642
2023-05-16,1.0047337061
2023-05-17,1.0005348023
2023-05-18,0.9980796217
2023-05-19,0.9964476744
2023-05-20,1.0018941491
2023-05-21,1.0003526036
2023-05-22,1.023762332
2023-05-23,1.0029682495
2023-05-24,0.9968892913
2023-05-25,1.0102873532
2023-05-26,1.000071891
2023-05-27,0.9998452944
2023-05-28,1.0069046214
2023-05-29,1.0044966824
2023-05-30,1.005634299
2023-05-31,0.9998673938
2023-06-01,1.0017954505
2023-06-02,1.002013106
2023-06-03,0.9994696083
2023-06-04,1.0001332552
2023-06-05,0.9970215258
2023-06-06,1.0004888741
2023-06-07,1.0010874152
2023-06-08,1.0003703966
2023-06-09,1.0000950586
2023-06-10,0.995830246
2023-06-11,0.9987197509
2023-06-12,0.9973059489
2023-06-13,0.9988476246
2023-06-14,0.9996921943
2023-06-15,0.9944434637
2023-06-16,1.0008911677
2023-06-17,1.0005119649
2023-06-18,1.0064428627
2023-06-19,0.9912335968
2023-06-20,1.0004228204
2023-06-21,1.0144128784
2023-06-22,1.0113469885
2023-06-23,1.0127275722
2023-06-24,1.0098109559
2023-06-25,1.0056335495
2023-06-26,1.0074815259
2023-06-27,1.0140610846
2023-06-28,1.0132964613
2023-06-29,1.0005406634
2023-06-30,1.0095766056
2023-07-01,1.0244250052
2023-07-02,1.0052122027
2023-07-03,1.0070417769
2023-07-04,1.0042360036
2023-07-05,1.0027424011
2023-07-06,0.9858161156
2023-07-07,1.0025649586
2023-07-08,1.0016582048
2023-07-09,1.0023074684
2023-07-10,1.0042860089
2023-07-11,1.0082585413
2023-07-12,1.005357748
2023-07-13,1.0013765868
2023-07-14,1.0031043567
2023-07-15,1.0005578695
2023-07-16,1.0012330283
2023-07-17,0.9959696386
2023-07-18,1.0050634782
2023-07-19,1.007559229
2023-07-20,1.0027970031
2023-07-21,0.9943487123
2023-07-22,1.0008656509
2023-07-23,1.0033697409
2023-07-26,0.9995194989
2023-07-27,0.9856247522
2023-07-28,0.9479959989
2023-07-29,1.0014307723
2023-07-30,1.0001237827
2023-07-31,0.9979712488
2023-08-01,0.9999721128
2023-08-02,0.9947982824
2023-08-03,1.0007125467
2023-08-04,1.0014317752
2023-08-05,0.9999508119
2023-08-06,1.0016322514
2023-08-07,0.9996167113
2023-08-08,1.0014777653
2023-08-09,1.0032165026
2023-08-10,1.0004381329
2023-08-11,1.002712187
2023-08-12,1.0026463469
2023-08-13,1.0022737282
2023-08-14,1.0018856617
2023-08-15,1.0010324518
2023-08-16,0.9993925248
2023-08-17,0.9951849018
2023-08-18,0.9870992443
2023-08-19,0.9963625472
2023-08-20,0.9973749543
2023-08-21,0.9928470999
2023-08-22,0.9947458281
2023-08-23,0.997293886
2023-08-24,0.9922116525
2023-08-25,0.9920285456
2023-08-26,0.9978643909
2023-08-27,1.0018349604
2023-08-28,0.9962632151
2023-08-29,0.9933808758
2023-08-30,1.0004940528
2023-08-31,0.9959643572
2023-09-01,0.9936499124
2023-09-02,0.99804406
2023-09-03,0.9969025892
2023-09-04,0.9972737456
2023-09-05,0.99397232
2023-09-06,0.9950397652
2023-09-07,0.9970866986
2023-09-08,0.9977383097
2023-09-09,0.9967015999
2023-09-10,0.9989180711
2023-09-11,0.9931523991
2023-09-12,0.9978022267
2023-09-13,0.9996525667
2023-09-14,1.0061253049
2023-09-15,1.0013967627
2023-09-16,1.0004576259
2023-09-17,1.0005755981
2023-09-18,1.0065360622
2023-09-19,1.0117421035
2023-09-20,0.9991238765
2023-09-21,0.9975222027
2023-09-22,0.9994157298
2023-09-23,0.9995685995
2023-09-24,0.9993425918
2023-09-25,0.9984207687
2023-09-26,0.998656256
2023-09-27,0.9979398587
2023-09-28,1.0016211322
2023-09-29,1.0023737334
2023-09-30,1.003052366
2023-10-01,1.0034561945
2023-10-02,1.0030425708
2023-10-03,1.0018036811
2023-10-04,1.0040409224
2023-10-05,0.9986303277
2023-10-06,1.0041470284
2023-10-07,1.0048612414
2023-10-08,1.0010872984
2023-10-09,1.0052210564
2023-10-10,0.9996331918
2023-10-11,0.9984450273
2023-10-12,0.9972780826
2023-10-13,0.9977359678
2023-10-14,1.0094941208
2023-10-15,1.0012993487
2023-10-16,1.0065218562
2023-10-17,1.0037492869
2023-10-18,1.0038253851
2023-10-19,0.9943561363
2023-10-20,1.0097229938
2023-10-21,1.0049970122
2023-10-22,1.0040575341
2023-10-23,1.0185097226
2023-10-24,1.0286114368
2023-10-25,1.0160835106
2023-10-26,1.0219794347
2023-10-27,1.0091362567
2023-10-28,1.0101946379
2023-10-29,1.0079687348
2023-10-30,1.0103481921
2023-10-31,1.0132909994
2023-11-01,1.0227287817
2023-11-02,1.0129819407
2023-11-03,1.0111626721
2023-11-04,1.0074254581
2023-11-05,1.0060725759
2023-11-06,1.0100886447
2023-11-07,1.0126129426
2023-11-08,1.0105739668
2023-11-09,1.0272589434
2023-11-10,1.0168189038
2023-11-11,1.0070879394
2023-11-12,1.0053849737
2023-11-13,1.0079732167
2023-11-14,1.0035817223
2023-11-15,1.0146271977
2023-11-16,1.009061961
2023-11-17,1.0085587129
2023-11-18,1.0057221061
2023-11-19,1.0067270935
2023-11-20,1.0118199944
2023-11-21,1.0139029434
2023-11-22,1.010313554
2023-11-23,1.0067680596
2023-11-24,1.008018532
2023-11-25,1.0046247874
2023-11-26,1.0049432336
2023-11-27,1.0027086107
2023-11-28,1.0105488312
2023-11-29,1.0162271438
2023-11-30,1.0020447497
2023-12-01,1.014198107
2023-12-02,1.0086095226
2023-12-03,1.0100211601
2023-12-04,1.0302698541
2023-12-05,1.0205511885
2023-12-06,1.0329863872
2023-12-07,1.0188551941
2023-12-08,1.0163926357
2023-12-09,1.0102136071
2023-12-10,1.0094314044
2023-12-11,1.0075300256
2023-12-12,1.0215860354
2023-12-13,1.0099977448
2023-12-14,1.0115461069
2023-12-15,1.0197083862
2023-12-16,1.0127329979
2023-12-17,1.0039539379
2023-12-18,1.0151285642
2023-12-19,1.0163981242
2023-12-20,1.0198945198
2023-12-21,1.0126209722
2023-12-22,1.0138326277
2023-12-23,1.0127432063
2023-12-24,1.0213730747
2023-12-25,1.0077262345
2023-12-26,1.017970269
2023-12-27,1.0401542905
2023-12-28,1.0110787974
2023-12-29,1.0161838373
2023-12-30,1.0093582016
2023-12-31,1.0094845939
2024-01-01,1.0101107972
2024-01-02,1.0233163855
2024-01-03,1.0124685402
2024-01-04,1.0787677914
2024-01-05,1.0157451584
2024-01-06,1.0075598341
2024-01-07,1.0068964231
2024-01-08,1.0177762838
2024-01-09,1.0174056963
2024-01-10,1.0102916891
2024-01-11,1.0147410889
2024-01-12,1.0000924409
2024-01-13,1.0018260209
2024-01-14,1.0021379415
2024-01-15,1.0042504224
2024-01-16,1.0507505835
2024-01-17,1.0035716938
2024-01-18,1.018273075
2024-01-19,1.0068004126
2024-01-20,1.0013303733
2024-01-21,1.002174854
2024-01-22,0.999484521
2024-01-23,1.0021287848
2024-01-24,1.0192309759
2024-01-25,1.0086012012
2024-01-26,1.0073928534
2024-01-27,1.005795865
2024-01-28,1.0060003067
2024-01-29,1.0088486102
2024-01-30,1.0230492989
2024-01-31,1.0109211248
2024-02-01,1.0031973838
2024-02-02,1.0065718409
2024-02-03,1.0021711386
2024-02-04,1.004772663
2024-02-05,1.0067485515
2024-02-06,1.014407004
2024-02-07,1.0094162739
2024-02-08,1.0139478145
2024-02-09,1.016968446
2024-02-10,1.012657806
2024-02-11,1.0130069366
2024-02-12,1.0224990228
2024-02-13,1.0138454958
2024-02-14,1.0415016691
2024-02-15,1.0167029298
2024-02-16,1.0154133726
2024-02-17,1.0104046845
2024-02-18,1.0140862016
2024-02-19,1.0350209548
2024-02-20,1.0087025938
2024-02-21,1.0122863465
2024-02-22,1.0184793608
2024-02-23,1.021579943
2024-02-24,1.0104565945
2024-02-25,1.0088204857
2024-02-26,1.0206344501
2024-02-27,1.0377640929
2024-02-28,1.0747737975
2024-02-29,1.0316365362
2024-03-01,1.0460088898
2024-03-02,1.011113428
2024-03-03,1.0173336334
2024-03-04,1.0445395926
2024-03-05,1.0368565634
2024-03-06,1.0871914839
2024-03-07,1.046094817
2024-03-08,1.0399200709
2024-03-09,1.0217609218
2024-03-10,1.0235191065
2024-03-11,1.048796374
2024-03-12,1.0270143517
2024-03-13,1.0872956706
2024-03-14,1.0244943775
2024-03-15,1.0112415019
2024-03-16,1.0087284066
2024-03-17,1.0320222472
2024-03-18,1.0152322745
2024-03-19,0.9965133061
2024-03-20,1.0094876249
2024-03-21,1.0221016525
2024-03-22,1.0208652559
2024-03-23,1.144415987
2024-03-24,1.0163951882
2024-03-25,1.0661518092
2024-03-26,1.0120808736
2024-03-27,1.0119866362
2024-03-28,1.0346597208
2024-03-29,1.0081853344
2024-03-30,1.0106983728
2024-03-31,1.0142442402
2024-04-01,1.0304970952
2024-04-02,1.0227474461
2024-04-03,1.0130753306
2024-04-04,1.0092607302
2024-04-05,1.0050897953
2024-04-06,1.0136861356
2024-04-07,1.0100128631
2024-04-08,1.0180774296
2024-04-09,1.0100254287
2024-04-10,1.0086047742
2024-04-11,1.0106381589
2024-04-12,1.0090069091
2024-04-13,0.9968089801
2024-04-14,1.0019613974
2024-04-15,1.0035550137
2024-04-16,1.0076909706
2024-04-17,0.9980804678
2024-04-18,1.0105374105
2024-04-19,1.0130312135
2024-04-20,1.005904307
2024-04-21,1.0066768506
2024-04-22,1.0127595684
2024-04-23,1.0066552301
2024-04-24,1.0565413951
2024-04-25,1.0046044785
2024-04-26,1.003254166
2024-04-27,1.0064108258
2024-04-28,1.0150219277
2024-04-29,1.0067695668
2024-04-30,1.003548589
2024-05-01,0.9870757128
2024-05-02,0.9961261106
2024-05-03,1.008340589
2024-05-04,1.0094205084
2024-05-05,1.0056922292
2024-05-06,1.0104394573
2024-05-07,1.0064047916
2024-05-08,1.010536262
2024-05-09,1.0053745316
2024-05-10,0.9992970203
2024-05-11,1.0065645443
2024-05-12,1.0086553368
2024-05-13,1.0081940523
2024-05-14,1.0071982661
2024-05-15,1.0321783164
2024-05-16,1.0125242733
2024-05-17,1.0127072796
2024-05-18,1.0060333353
2024-05-19,1.0086913633
2024-05-20,1.019206633
2024-05-21,1.0215746858
2024-05-22,1.0157904143
2024-05-23,1.0143956569
2024-05-24,1.010643708
2024-05-25,1.0096101809
2024-05-26,1.0124364684
2024-05-27,1.0182430983
2024-05-28,1.1728353155
2024-05-29,1.0060105442
2024-05-30,1.0088710282
2024-05-31,1.0057185518
2024-06-01,1.0063795187
2024-06-02,1.006162782
2024-06-03,1.0186021346
2024-06-04,1.0135713651
2024-06-05,1.0139360721
2024-06-06,1.0301874026
2024-06-07,1.0160808493
2024-06-08,1.0069183536
2024-06-09,1.0076910908
2024-06-10,1.0072810332
2024-06-11,1.0234666162
2024-06-12,1.0124416275
2024-06-13,1.0028879732
2024-06-14,1.0038857116
2024-06-15,1.0084837177
2024-06-16,1.004290993
2024-06-17,1.0041741109
2024-06-18,0.9989314108
2024-06-19,1.0076932808
2024-06-20,1.0028913368
2024-06-21,1.0093595207
2024-06-22,1.0756492546
2024-06-23,1.0001499837
2024-06-24,0.9935163363
2024-06-25,0.9985634812
2024-06-26,1.0010407573
2024-06-27,1.0136511678
2024-06-28,1.0021021376
2024-06-29,1.0028315568
2024-06-30,1.0074637736
2024-07-01,1.0113350414
2024-07-02,1.000059696
2024-07-03,1.0111484952
2024-07-04,0.9930078768
2024-07-05,1.0088933282
2024-07-06,1.0003103585
2024-07-07,1.0008962882
2024-07-08,0.9914207288
2024-07-09,1.0085527439
2024-07-10,1.0051019982
2024-07-11,0.9998457054
2024-07-12,1.0030529627
2024-07-13,1.0082633316
2024-07-14,1.0077703218
2024-07-15,1.0178549647
2024-07-16,1.0119495436
2024-07-17,1.008363184
2024-07-18,1.0163867693
2024-07-19,1.0279963482
2024-07-20,1.0101883805
2024-07-21,1.0121781782
2024-07-22,1.011062057
2024-07-23,1.0311412173
2024-07-24,1.0074399163
2024-07-25,1.0015634355
2024-07-26,1.0205316278
2024-07-27,1.014064349
2024-07-28,1.0156227006
2024-07-29,1.0030555062
2024-07-30,1.0016987559
2024-07-31,1.0054184568
2024-08-01,0.9991141736
2024-08-02,1.0023345376
2024-08-03,0.9956675766
2024-08-04,0.9751945654
2024-08-05,0.9938380366
2024-08-06,1.0017601199
2024-08-07,1.0129182823
2024-08-08,1.0093443449
2024-08-09,1.025960429
2024-08-10,0.9986372373
2024-08-11,1.0016728984
2024-08-12,0.9975787219
2024-08-13,0.9982923741
2024-08-14,0.9967225854
2024-08-15,1.0001438211
2024-08-16,1.000633507
2024-08-17,1.0019466256
2024-08-18,0.9992260254
2024-08-19,1.0013083355
2024-08-20,1.0046267038
2024-08-21,1.0053802743
2024-08-22,1.0121370114
2024-08-23,1.0123111583
2024-08-24,1.00428593
2024-08-25,1.0059848732
2024-08-26,0.9981497947
2024-08-27,1.0079324904
2024-08-28,0.9999983949
2024-08-29,0.9998029799
2024-08-30,1.0052944284
2024-08-31,0.9968619501
2024-09-01,0.9987077671
2024-09-02,0.9970468386
2024-09-03,0.999986197
2024-09-04,0.9947534663
2024-09-05,0.9942174058
2024-09-06,0.996406841
2024-09-07,0.9979556134
2024-09-08,1.0080798191
2024-09-09,0.9988648162
2024-09-10,0.9990185477
2024-09-11,1.0037903298
2024-09-12,1.0105350227
2024-09-13,1.0032495834
2024-09-14,1.0024790508
2024-09-15,1.0024057269
2024-09-16,1.0085418471
2024-09-17,1.008472915
2024-09-18,1.0157866674
2024-09-19,1.0167873442
2024-09-20,1.0084949321
2024-09-21,1.005878507
2024-09-22,1.0172729745
2024-09-23,1.0072131061
2024-09-24,1.0160088845
2024-09-25,1.0138887905
2024-09-26,1.0126463247
2024-09-27,1.0159250268
2024-09-28,1.0053482746
2024-09-29,1.0015127855
2024-09-30,0.9990875652
2024-10-01,0.9965766576
2024-10-02,0.9980873861
2024-10-03,1.0074958978
2024-10-04,1.0040711434
2024-10-05,1.0037018283
2024-10-06,1.0056176498
2024-10-07,1.0834453173
2024-10-08,1.0005445031
2024-10-09,0.9927778748
2024-10-10,1.0499543049
2024-10-11,1.010262304
2024-10-12,1.007947114
2024-10-13,1.0189977677
2024-10-14,1.0289033019
2024-10-15,1.018852012
2024-10-16,1.0165804536
2024-10-17,1.0164420835
2024-10-18,1.0173960274
2024-10-19,1.059730476
2024-10-20,1.0400490734
2024-10-21,1.0102677968
2024-10-22,1.0079091405
2024-10-23,1.0127469751
2024-10-24,1.0117440054
2024-10-25,1.0074696103
2024-10-26,1.0109457639
2024-10-27,1.0165397112
2024-10-28,1.0280915367
2024-10-29,1.0138554761
2024-10-30,1.0098218842
2024-10-31,1.0109275123
2024-11-01,1.0128471699
2024-11-02,1.0039702733
2024-11-03,1.0123709553
2024-11-04,1.0100448789
2024-11-05,1.0371436908
2024-11-06,1.0243670043
2024-11-07,1.0220593444
2024-11-08,1.0114440584
2024-11-09,1.0274543473
2024-11-10,1.0460771152
2024-11-11,1.0411480674
2024-11-12,1.0453818641
2024-11-13,1.0541421993
2024-11-14,1.0404068058
2024-11-15,1.0234185176
2024-11-16,1.0179230491
2024-11-17,1.0303944554
2024-11-18,1.0564743255
2024-11-19,1.0447646716
2024-11-20,1.0828801993
2024-11-21,1.0513261235
2024-11-22,1.0453748946
2024-11-23,1.0281640572
2024-11-24,1.0247973133
2024-11-25,1.0231825856
2024-11-26,1.0333186183
2024-11-27,1.0312555897
2024-11-28,1.0322400254
2024-11-29,1.0137621916
2024-11-30,1.0197434519
2024-12-01,1.0269199689
2024-12-02,1.0301270151
2024-12-03,1.0355037745
2024-12-04,1.0621396826
2024-12-05,1.0564176899
2024-12-06,1.0181179215
2024-12-07,1.0177139893
2024-12-08,1.0649273266
2024-12-09,1.0363488275
2024-12-10,1.0361753813
2024-12-11,1.0213377298
2024-12-12,1.0257662147
2024-12-13,1.0186928292
2024-12-14,1.0326779468
2024-12-15,1.0426065252
2024-12-16,1.0488656787
2024-12-17,1.0273818617
2024-12-18,1.0582825863
2024-12-19,1.0227464736
2024-12-20,1.0101549615
2024-12-21,1.0673813355
2024-12-22,1.0533342101
2024-12-23,1.0417035446
2024-12-24,1.0106188872
2024-12-25,1.0153271972
2024-12-26,1.0229204621
2024-12-27,1.0109679087
2024-12-28,1.0169097779
2024-12-29,1.0326650212
2024-12-30,1.0237707784
2024-12-31,1.0243756465
2025-01-01,1.0194265019
2025-01-02,1.0112090393
2025-01-03,1.0102818691
2025-01-04,1.0072106263
2025-01-05,1.020294282
2025-01-06,1.0243474971
2025-01-07,1.0035733106
2025-01-08,0.9988143963
2025-01-09,1.0050638238
2025-01-10,1.0070952413
2025-01-11,1.0061971477
2025-01-12,1.0030708447
2025-01-13,1.0119964391
2025-01-14,1.0200201283
2025-01-15,1.0233167897
2025-01-16,1.0234951801
2025-01-17,1.014736826
2025-01-18,1.0126079472
2025-01-19,1.0208852498
2025-01-20,1.022110887
2025-01-21,1.0322585008
2025-01-22,1.0495394108
2025-01-23,1.0151610835
2025-01-24,1.010135513
2025-01-25,1.0084298657
2025-01-26,1.0119314105
2025-01-27,1.016932108
2025-01-28,1.0083957325
2025-01-29,1.0201340081
2025-01-30,1.0094525935
2025-01-31,1.0049730621
2025-02-01,1.0008790635
2025-02-02,1.0078540676
2025-02-03,1.0269902138
2025-02-04,1.0262587408
2025-02-05,1.0190665577
2025-02-06,1.006216787
2025-02-07,1.0071941442
2025-02-08,1.0362351221
2025-02-09,1.0077711361
2025-02-10,1.0149613586
2025-02-11,1.0051727174
2025-02-12,1.0035293853
2025-02-13,1.0076205581
2025-02-14,1.0068125642
2025-02-15,1.0020879728
2025-02-16,1.002669012
2025-02-17,1.0049708148
2025-02-18,1.0045061672
2025-02-19,1.0069647825
2025-02-20,1.0064257246
2025-02-21,1.0081169728
2025-02-22,1.0029617973
2025-02-23,1.0033847332
2025-02-24,0.9984171011
2025-02-25,0.9946208879
2025-02-26,1.001792336
2025-02-27,0.9918155548
2025-02-28,0.999368695
2025-03-01,1.0121250973
2025-03-02,1.0056839153
2025-03-03,0.9939451962
2025-03-04,1.0145664722
2025-03-05,1.0124996922
2025-03-06,1.001076682
2025-03-07,0.9999310403
2025-03-08,0.9954130565
2025-03-09,0.9965088315
2025-03-10,1.0019799281
2025-03-11,1.0062044948
2025-03-12,0.9991897108
2025-03-13,1.0093742683
2025-03-14,1.0025263886
2025-03-15,1.0007498102
2025-03-16,1.0002874867
2025-03-17,0.9995844712
2025-03-18,1.0101166737
2025-03-19,1.0083885687
2025-03-20,1.0040217485
2025-03-21,1.0016879006
2025-03-22,1.0057649139
2025-03-23,1.0122310357
2025-03-24,1.0021475667
2025-03-25,1.006596038
2025-03-26,1.0028597958
2025-03-27,1.0154204055
2025-03-28,0.9957579606
2025-03-29,0.9954209914
2025-03-30,0.9971831314
2025-03-31,0.9991184765
2025-04-01,1.0131096985
2025-04-02,1.021057387
2025-04-03,1.0043546003
2025-04-04,1.0025071497
2025-04-05,0.9958279793
2025-04-06,1.0012876319
2025-04-07,0.9941371167
2025-04-08,1.0061277171
2025-04-09,1.0092528007
2025-04-10,1.0035155998
2025-04-11,1.0075960085
2025-04-12,1.0105438951
2025-04-13,1.0105438951
2025-04-14,1.0092776238
2025-04-15,1.0064687976
2025-04-16,0.9702531517
2025-04-17,1.0036588507
2025-04-18,1.0009612902
2025-04-19,1.0036287775
2025-04-20,1.011662744
2025-04-21,1.018255365
2025-04-22,1.0329720189
2025-04-23,1.0199990273
2025-04-24,1.0411953039
2025-04-25,1.0122149828
2025-04-26,1.0077006836
2025-04-27,1.0180645295
2025-04-28,1.0218816487
2025-04-29,1.0123325219
2025-04-30,1.0166354381
2025-05-01,1.017392887
2025-05-02,1.0096018164
2025-05-03,1.0017134145
2025-05-04,1.0237601751
2025-05-05,1.0202273459
2025-05-06,1.016470636
2025-05-07,1.0251770819
2025-05-08,1.0262579234
2025-05-09,1.0093067777
2025-05-10,1.0112004961
2025-05-11,1.0187374965
2025-05-12,1.0331872682
2025-05-13,1.0152456068
2025-05-14,1.0255742739
2025-05-15,1.0197419504
2025-05-16,1.0069881079
2025-05-17,1.0147914044
2025-05-18,1.0326918681
2025-05-19,1.0231989605
2025-05-20,1.0273063433
2025-05-21,1.0225319524
2025-05-22,1.0197422203
2025-05-23,1.0082566453
2025-05-24,1.0107694809
2025-05-25,1.0423950764
2025-05-26,1.0401269095
2025-05-27,1.0176144842
2025-05-28,1.0240432316
2025-05-29,1.0117377694
2025-05-30,1.0018068636
2025-05-31,1.0044419737
2025-06-01,1.0299012184
2025-06-02,1.0283775831
2025-06-03,1.0207435939
2025-06-04,1.0021497266
2025-06-05,1.0080418038
2025-06-06,1.0126958313
2025-06-07,1.0113585706
2025-06-08,1.0151482533
2025-06-09,1.0183897039
2025-06-10,1.016120026
2025-06-11,1.0112411993
2025-06-12,1.0170514995
2025-06-13,1.0052478027
2025-06-14,1.0117148232
2025-06-15,1.0350803752
2025-06-16,1.0037669808
2025-06-17,1.0081782763
2025-06-18,1.0119760622
2025-06-19,1.0087251335
2025-06-20,1.012088621
2025-06-21,1.0031068678
2025-06-22,1.0115197497
2025-06-23,1.0180091041
2025-06-24,1.019661536
2025-06-25,1.0303927686
2025-06-26,1.0311886263
2025-06-27,1.0069134198
2025-06-28,1.0145052519
2025-06-29,1.0374309806
2025-06-30,1.0109990348
2025-07-01,1.0216272196
2025-07-02,1.0230540807
2025-07-03,1.178287017
2025-07-04,1.008543143
2025-07-05,1.0102739539
2025-07-06,1.0272741984
2025-07-07,1.0345465057
2025-07-08,1.0446462661
2025-07-09,1.0185243234
2025-07-10,1.0307665282
2025-07-11,1.025724536
2025-07-12,1.0172459549
2025-07-13,1.0318382038
2025-07-14,1.0127407149
2025-07-15,1.0625406203
2025-07-16,1.0323874898
2025-07-17,1.0184768696
2025-07-18,1.0243689023
2025-07-19,1.0099419329
2025-07-20,1.0173529544
2025-07-21,1.0315829486
2025-07-22,1.0288765487
2025-07-23,1.0185805914
2025-07-24,1.0163029857
2025-07-25,1.010353595
2025-07-26,1.0107469169
2025-07-27,1.0166371896
2025-07-28,1.0273644229
2025-07-29,1.0186541591
2025-07-30,1.0107245428
2025-07-31,1.0050624473
2025-08-01,1.0027767073
2025-08-02,1.01338014
2025-08-03,1.0081365973
2025-08-04,1.0094652643
2025-08-05,1.0049230699
2025-08-06,1.0202650801
2025-08-07,1.0144065582
2025-08-08,1.0066342052
2025-08-09,1.0104459203
2025-08-10,1.0145431094
2025-08-11,1.0132719252
2025-08-12,1.0179009254
2025-08-13,1.0201489427
2025-08-14,1.0095262703
2025-08-15,1.0733166641
2025-08-16,1.0060835022
2025-08-17,1.002462997
2025-08-18,1.0141378102
2025-08-19,1.0072880479
2025-08-20,1.0061208322
2025-08-21,1.0201412018
2025-08-22,1.0201412018
2025-08-23,1.0050902806
2025-08-24,1.0031197866
2025-08-25,1.003549764
2025-08-26,1.0035561402
2025-08-27,1.0068041907
2025-08-28,1.0166293474
2025-08-29,1.0483539792
2025-08-30,1.0044182359
2025-08-31,1.0030426929
2025-09-01,1.0064421925
2025-09-02,1.0069128608
2025-09-03,1.0061473234
2025-09-04,1.0104587392
2025-09-05,1.0256588938
2025-09-06,1.0052885053
2025-09-07,1.0066392065
2025-09-08,1.0088593398
2025-09-09,1.0050825994
2025-09-10,1.0104988879
2025-09-11,1.0152770344
2025-09-12,1.0114755824
2025-09-13,1.0109679598
2025-09-14,1.0065124714
2025-09-15,1.0119272707
2025-09-16,1.0147883843
2025-09-17,1.0205920533
2025-09-18,1.0104810013
2025-09-19,1.0227282907
2025-09-20,1.007331434
2025-09-21,1.0077844471
2025-09-22,0.9980386515
2025-09-23,1.0141199797
2025-09-24,1.0141934386
2025-09-25,1.0095675702
2025-09-26,1.0043339106
2025-09-27,1.0034409051
2025-09-28,1.006722735
2025-09-29,1.0116789493
2025-09-30,1.0176551519
2025-10-01,1.0393163802
2025-10-02,1.0195999538
2025-10-03,1.0208574658
2025-10-04,1.0148465947
2025-10-05,1.0120091364
2025-10-06,1.0175380515
2025-10-07,1.0426
2025-10-08,1.0181
2025-10-09,1.0233253049
2025-10-10,1.0039090557
2025-10-11,0.9981614648
2025-10-12,1.0036215898
2025-10-13,1.0028652039
2025-10-14,1.0118501406
2025-10-15,1.0422240912
2025-10-16,0.9956421674
2025-10-17,1.0041744985
2025-10-18,1.0042428259
2025-10-19,1.0013395063
2025-10-20,1.0047197869
2025-10-21,1.0092729059
2025-10-22,1.0225736184
2025-10-23,1.0104038671
2025-10-24,1.0074343454
2025-10-25,1.0071113191
2025-10-26,1.0138518003
2025-10-27,1.0156003618
2025-10-28,1.0265844549
2025-10-29,1.0195615404
2025-10-30,1.0171447512
2025-10-31,1.0054228088
2025-11-01,1.0115411351
2025-11-02,1.0033019134
2025-11-03,1.0056461473
2025-11-04,0.9952370303
2025-11-05,0.9978814687
2025-11-06,0.9999102822
2025-11-07,1.032185167
2025-11-08,1.0060050202
2025-11-09,1.0037420167
2025-11-10,1.0107507353
2025-11-11,1.0040814873
2025-11-12,1.004837328
2025-11-13,0.9963679432
2025-11-14,0.9892936603
2025-11-15,1.0010968089
2025-11-16,0.996875096
2025-11-17,0.9947471889
2025-11-18,1.0040964397
2025-11-19,0.9898866913
2025-11-20,0.994868209
2025-11-21,0.9754063499
2025-11-22,1.0252789897
2025-11-23,1.0980936176
2025-11-24,0.9989518363
2025-11-25,0.9972057476
2025-11-26,1.0178100004
2025-11-27,0.9984377184
2025-11-28,0.9961113829
2025-11-29,0.9991676563
2025-11-30,0.9976354271
2025-12-01,0.9898184116
2025-12-02,0.9926506314
2025-12-03,1.0049828924
2025-12-04,1.0014547836
2025-12-05,0.9844636047
2025-12-06,1.0001774293
2025-12-07,0.9979465614
2025-12-08,0.9969255667
2025-12-09,1.0026112464
2025-12-10,1.0177197158
2025-12-11,0.9979530395
2025-12-12,0.9949335433
2025-12-13,0.9995369407
2025-12-14,0.9977764622
2025-12-15,0.9816067801
2025-12-16,0.9965445939
2025-12-17,0.9939825782
2025-12-18,0.9998945583
2025-12-19,0.9983561265
2025-12-20,0.9892379134
2025-12-21,1.0021357105
2025-12-22,1.0013299594
2025-12-23,0.9983973709
2025-12-24,0.9934962969
2025-12-25,1.0021547477
2025-12-26,0.9869025378
2025-12-27,0.9999187985
2025-12-28,0.995050618
2025-12-29,0.9993376643
2025-12-30,0.9941059097
2025-12-31,0.9934515238
2026-01-01,0.998436334
2026-01-02,1.0003408556
2026-01-03,1.0007987354
2026-01-04,1.0022374956
2026-01-05,1.0078469521
2026-01-06,1.004729525
2026-01-07,1.0032114415
2026-01-08,0.9955129084
2026-01-09,0.994879556
2026-01-10,1.0004219916
2026-01-11,0.9946001886
2026-01-12,0.9985657686
2026-01-13,1.0081285755
2026-01-14,1.0089396058
2026-01-15,1.0050706204
2026-01-16,1.0023938472
2026-01-17,1.0058503751
2026-01-18,1.003287176
2026-01-19,0.9990951541
2026-01-20,0.9911596206
2026-01-21,0.9927700906
2026-01-22,1.0010781967
2026-01-23,0.9501369236
2026-01-24,0.9983728476
2026-01-25,0.9961345548
2026-01-26,0.9971379871
2026-01-27,1.0005513949
2026-01-28,0.9994834826
2026-01-29,0.9906854127
2026-01-30,0.9888632745
2026-01-31,0.9877841196
2026-02-01,0.9916775974
2026-02-02,0.9891013598
2026-02-03,0.9793432771
2026-02-04,0.9772384198
2026-02-05,0.9625100108
2026-02-06,0.9851709127
2026-02-07,0.9825314863
2026-02-08,1.0023212299
2026-02-09,0.9871065415
2026-02-10,0.9863872432
2026-02-11,0.97949491
2026-02-12,0.9791819875
2026-02-13,0.9848653693
2026-02-14,1.0015462426
2026-02-15,0.9986347176
2026-02-16,0.9871247463
2026-02-17,0.9901796021
2026-02-18,0.984033056
2026-02-19,0.991889572
2026-02-20,0.9818919365
2026-02-21,1.0004943771
2026-02-22,0.9967237098
2026-02-23,0.9806236011
2026-02-24,0.9779733392
2026-02-25,0.9964964076
2026-02-26,0.9977278348
2026-02-27,0.9879363283
2026-02-28,0.994290631
2026-03-01,0.9958420076
2026-03-02,0.9977935371
2026-03-03,0.9959210585
2026-03-04,1.0023539606
2026-03-05,0.9953736049
2026-03-06,0.9824685794
2026-03-07,0.9932844668
2026-03-08,0.9962864004
2026-03-09,0.9959404432
2026-03-10,0.9998600941
2026-03-11,0.9770158197
2026-03-12,0.9934083145
2026-03-13,1.0027743135
2026-03-14,0.9904254489
2026-03-15,1.0027147364
2026-03-16,1.0055758033
2026-03-17,1.0001163126
2026-03-18,0.9906461739
2026-03-19,0.9895958671
2026-03-20,0.9941443804
2026-03-21,1.0000734549
2026-03-22,1.0123767588
2026-03-23,0.9989729548
2026-03-24,0.9836039223
2026-03-25,0.9946176282
2026-03-26,0.9943014942
2026-03-27,0.9816424887
2026-03-28,0.9550373036
2026-03-29,1.1991744349
2026-03-30,0.9973738551
2026-03-31,0.9990553853
2026-04-01,1.0026729088
2026-04-02,0.9897498494
2026-04-03,0.9961811422
2026-04-04,1.0002995857
2026-04-05,1.0082425818
2026-04-06,1.0029618876
2026-04-07,0.9963091371
2026-04-08,1.0077827303
2026-04-09,0.9995314218
2026-04-10,1.0046941035
2026-04-11,1.0060115604
2026-04-12,0.9977845148
2026-04-13,1.0027694396
2026-04-14,1.0029065369
2026-04-15,0.9989841228
2026-04-16,1.0024914585
2026-04-17,1.0066926966
2026-04-18,0.9998631478
2026-04-19,0.9980544412
2026-04-20,0.9969993969
2026-04-21,1.0015899444
2026-04-22,0.9979006614
2026-04-23,0.9997828747
2026-04-24,0.9822087659
2026-04-25,0.9999235259
2026-04-26,1.0032089855
2026-04-27,1.0009
2026-04-28,0.9988
2026-04-29,0.9929
2026-04-30,0.9964
2026-05-01,1.0071
2026-05-02,1.0027
2026-05-03,1.0047
2026-05-04,1.0158
2026-05-05,1.0073
2026-05-06,1.0049
2026-05-07,1.0002
2026-05-08,1.0004
2026-05-09,1.0034
2026-05-10,1.0038
2026-05-11,1.0033
2026-05-12,1.0013
2026-05-13,0.999
2026-05-14,1.0004
2026-05-15,0.9988
2026-05-16,0.9981
2026-05-17,1.0
2026-05-18,0.9942
2026-05-19,0.9926
2026-05-20,0.9982
2026-05-21,0.9978
2026-05-22,0.9931
2026-05-23,0.9974
2026-05-24,1.0003
2026-05-25,1.0021
2026-05-26,0.9988
2026-05-27,0.9959
2026-05-28,0.9829
2026-05-29,0.9876
2026-05-30,0.9972
2026-05-31,0.9992
2026-06-01,0.9881
