{
  "accuracy": 0.531328320802005,
  "f1_binary": 0.454103146286085,
  "precision_binary": 0.503959683225342,
  "recall_binary": 0.4132231404958678,
  "f1_macro": 0.5217575990030083,
  "cohen_kappa": 0.05050461727279032
}