{
  "accuracy": 0.5343915343915344,
  "f1_binary": 0.44451827242524916,
  "precision_binary": 0.5083586626139818,
  "recall_binary": 0.3949232585596222,
  "f1_macro": 0.5218756271042833,
  "cohen_kappa": 0.05450921861668956
}